"CUSTOMER_ID","FIRST_NAME","LAST_NAME","CITY","COUNTRY","POSTAL_CODE","PREFERRED_LANGUAGE","GENDER","FAVOURITE_BRAND","MARITAL_STATUS","CHILDREN_COUNT","SIGN_UP_DATE","BIRTHDAY_DATE","E_MAIL","PHONE_NUMBER"
211130,"Colin","Newman","Stockholm","Sweden","","Swedish","Male","","Undisclosed","Undisclosed","2019-02-05","1959-09-22","**~MASKED~**.**~MASKED~**@netscape.net","111-111-1111"
50457,"Kayden","Strong","Montreal","Canada","H2J 3E3","English","Male","","Single","0","2019-07-20","1964-06-29","Kayden.Strong@aol.com","455-160-7518"
101584,"Joaquin","Simpson","Warsaw","Poland","00-038","Polish","Male","","Single","2","2019-12-31","1965-09-28","Joaquin.Simpson@aol.com","360-441-7154"
178414,"Riley","Harvey","Paris","France","75001","French","Male","","Single","0","2022-06-11","1949-03-13","Riley.Harvey@ymail.com","198-180-5346"
212318,"Sasha","Hendricks","Madrid","Spain","28021","Spanish","Female","","Married","2","2019-06-04","1985-10-22","**~MASKED~**.**~MASKED~**@gmail.com","111-111-1111"
102576,"Allie","Costa","Toronto","Canada","M4C 3J6","English","Male","","Single","0","2021-02-11","1982-07-13","Allie.Costa@hotmail.com","936-481-9722"
24198,"Ellen","Powell","Montreal","Canada","H2P 1L1","English","Male","","Undisclosed","Undisclosed","2022-05-21","1993-02-24","Ellen.Powell@gmail.com","529-886-8861"
53470,"Celeste","Meza","Stockholm","Sweden","6100","Swedish","Female","","Single","0","2019-12-23","1987-10-22","Celeste.Meza@hotmail.com","125-169-9409"
205221,"Marley","Key","Stockholm  ","Sweden","","Swedish","Female","","Single","0","2019-04-30","1993-10-05","**~MASKED~**.**~MASKED~**@netscape.net","111-111-1111"
17863,"Melina","Guerra","london","United Kingdom","E1 7TL","English","Male","","Married","1","2019-08-01","1951-09-27","Melina.Guerra@ymail.com","764-055-4916"
216206,"Javion","Snow","Berlin","Germany","","German","Female","","Single","2","2019-08-13","1977-12-06","**~MASKED~**.**~MASKED~**@gmail.com","111-111-1111"
27290,"Ayana","Tucker","Tokyo","Japan","176-0000","Japanese","Female","","Married","4","2022-06-20","1987-11-19","Ayana.Tucker@hotmail.com","140-286-9767"
159373,"Kiana","Bryan","Sydney","Australia","2020","English","Female","","Married","2","2021-01-05","1963-09-10","Kiana.Bryan@aol.com","226-308-1643"
55014,"Rodrigo","Gilbert","New York City","United States","11207","English","Male","","Married","1","2020-06-08","1950-02-05","Rodrigo.Gilbert@ymail.com","560-315-1009"
211507,"Quentin","Moreno","Stockholm","Sweden","","Swedish","Male","","Divorced/Seperated","0","2019-02-19","1981-12-08","**~MASKED~**.**~MASKED~**@donotdisturb.com","111-111-1111"
80309,"Madden","Mueller","Melbourne","Australia","8002","English","Male","","Divorced/Seperated","4","2019-06-27","1954-01-16","Madden.Mueller@ymail.com","691-602-6998"
10702,"Patricia","Nicholson","TORONTO","Canada","M3C 0C1","English","Female","","Single","0","2021-01-03","1964-10-18","Patricia.Nicholson@aol.com","414-252-9376"
119141,"Osvaldo","Mathis","Toronto  ","Canada","M4C 1L8","English","Male","","Married","4","2021-05-10","1961-11-14","Osvaldo.Mathis@aol.com","333-111-0346"
87145,"Semaj","Donovan","London","United Kingdom","E1 6AN","English","Male","","Single","0","2021-06-08","1991-08-05","Semaj.Donovan@gmail.com","081-111-2069"
121701,"Jayvon","Bartlett","New York City  ","United States","11208","English","Male","","Divorced/Seperated","4","2020-01-20","1989-04-28","Jayvon.Bartlett@gmail.com","261-849-7574"
167962,"Evelyn","Singh","SEOUL","South Korea","100-273","Korean","Male","","Married","1","2021-10-13","1980-07-28","Evelyn.Singh@hotmail.com","148-521-0876"
188953,"Stacy","Baker","Boston","United States","2124","English","Undisclosed","","Divorced/Seperated","2","2019-06-09","2003-08-27","Stacy.Baker@gmail.com","334-149-9292"
116178,"Esteban","Gardner","New York City","United States","11220","English","Undisclosed","","Married","0","2020-08-24","1987-06-15","Esteban.Gardner@hotmail.com","207-976-5452"
111633,"Roy","Jackson","Seoul","South Korea","100-051","Korean","Female","","Divorced/Seperated","2","2020-10-21","1996-05-17","Roy.Jackson@gmail.com","749-941-8934"
36197,"Louis","Herring","Mumbai","India","400057","Hindi","Male","","Single","0","2021-11-11","2003-08-11","Louis.Herring@gmail.com","149-223-8038"
130177,"Carl","Sheppard","Mumbai","India","400003","Hindi","Male","","Single","0","2021-06-09","1994-04-08","Carl.Sheppard@gmail.com","577-899-3791"
149041,"Alana","Beasley","Nice  ","France","6206","French","Male","","Married","1","2022-05-09","1982-05-22","Alana.Beasley@hotmail.com","637-025-6813"
65575,"Mohammed","Schwartz","Seattle","United States","98170","English","Male","","Divorced/Seperated","0","2019-11-10","2005-11-13","Mohammed.Schwartz@gmail.com","736-643-6832"
218386,"Antoine","Woodard","Madrid","Spain","28021","Spanish","Male","","Married","1","2019-02-05","1968-04-23","**~MASKED~**.**~MASKED~**@usa.net","111-111-1111"
35805,"John","Patton","Toronto","Canada","M4C 1V6","English","Male","","Married","1","2020-08-13","1965-03-29","John.Patton@aol.com","032-363-6388"
86769,"Kailey","Combs","Mumbai","India","400026","Hindi","Female","","Single","1","2020-09-28","1980-06-07","Kailey.Combs@hotmail.com","641-021-1042"
188939,"Randall","Carter","Toronto","Canada","M4C 3C7","English","Female","","Single","0","2020-11-24","1990-02-08","Randall.Carter@gmail.com","572-298-9728"
17993,"Mylie","Barajas","Toronto","Canada","M4C 0A2","English","Female","","Single","0","2020-10-28","1974-03-08","Mylie.Barajas@hotmail.com","446-175-6779"
108139,"Branson","Eaton","New York City","United States","11373","English","Female","","Single","0","2019-11-06","1943-06-22","Branson.Eaton@ymail.com","374-922-8528"
151231,"Callum","Booth","Boston","United States","2135","English","Female","","Married","2","2020-02-16","1972-01-21","Callum.Booth@hotmail.com","108-861-1551"
138801,"Monserrat","Ryan","Sydney  ","Australia","2006","English","Male","","Married","3","2021-06-12","1989-08-29","Monserrat.Ryan@gmail.com","333-112-7200"
164450,"Carly","Roman","Seoul","South Korea","100-013","Korean","Female","","Single","0","2020-06-26","1945-12-08","Carly.Roman@ymail.com","668-566-9523"
203363,"Neal","Nash","berlin","Germany","","German","Female","","Single","0","2019-02-26","1980-12-30","**~MASKED~**.**~MASKED~**@ymail.com","111-111-1111"
160973,"Harrison","Olsen","Seattle","United States","98194","English","Female","","Divorced/Seperated","1","2019-09-20","1944-08-30","Harrison.Olsen@ymail.com","033-805-4966"
99231,"Margaret","Turner","Manchester","United Kingdom","M1 1LW","English","Female","","Undisclosed","Undisclosed","2019-11-10","1979-06-28","Margaret.Turner@hotmail.com","337-469-7110"
87142,"Jarrett","Potter","SEATTLE","United States","98103","English","Undisclosed","","Married","1","2020-12-22","1985-06-06","Jarrett.Potter@hotmail.com","668-076-0386"
206339,"Alexus","Kirby","Barcelona","Spain","08013","Spanish","Male","","Single","0","2019-06-11","1972-09-26","**~MASKED~**.**~MASKED~**@gmail.com","111-111-1111"
179772,"Jasmin","Gross","London","United Kingdom","E1 7DS","English","Male","","Single","0","2019-07-28","1955-09-23","Jasmin.Gross@ymail.com","653-191-7280"
76272,"Jamie","Newton","Toronto","Canada","M4C 1V6","English","Male","","Single","0","2019-07-06","2006-04-04","Jamie.Newton@gmail.com","479-959-9886"
179321,"Lacey","Fleming","Warsaw  ","Poland","00-060","Polish","Male","","Married","2","2020-12-23","1992-08-27","Lacey.Fleming@gmail.com","431-460-9263"
40464,"Marianna","Russo","Cairo","Egypt","00000","Arabic","Female","","Single","0","2019-05-13","1946-11-25","Marianna.Russo@ymail.com","714-200-5215"
40231,"Makenzie","Carson","Tokyo","Japan","205-0000","Japanese","Male","","Divorced/Seperated","0","2021-07-19","1941-09-14","Makenzie.Carson@ymail.com","955-545-3765"
213281,"Jasper","English","Cairo  ","Egypt","00000","Arabic","Female","","Married","1","2019-08-27","1977-06-07","**~MASKED~**.**~MASKED~**@gmail.com","111-111-1111"
26707,"Dwayne","Reese","Rio de Janeiro","Brazil","22753-000","Portuguese","Male","","Undisclosed","Undisclosed","2022-02-20","1960-05-31","Dwayne.Reese@aol.com","827-019-0918"
102448,"Norah","Krueger","San Mateo","United States","94497","English","Male","","Single","0","2020-05-05","1951-10-22","Norah.Krueger@ymail.com","521-883-4814"
208343,"Braylon","Odonnell","rio de janeiro","Brazil","","Portuguese","Male","","Married","1","2019-04-16","1992-12-15","**~MASKED~**.**~MASKED~**@netscape.net","111-111-1111"
98257,"Jenny","Moon","London","United Kingdom","E1 7TL","English","Male","","Married","0","2020-08-25","2000-11-10","Jenny.Moon@gmail.com","712-721-2996"
198588,"Avery","Burton","Denver","United States","80209","English","Female","","Married","1","2019-03-03","2000-03-27","Avery.Burton@gmail.com","386-474-1614"
63156,"Cindy","Liu","Seattle","United States","98170","English","Male","","Single","0","2019-07-13","1945-04-29","Cindy.Liu@ymail.com","831-398-0786"
147826,"Anthony","Patrick","San Mateo","United States","94402","English","Female","","Married","2","2019-08-07","1944-07-27","Anthony.Patrick@ymail.com","639-995-1624"
135589,"Sherlyn","Koch","Seattle","United States","98117","English","Male","","Married","2","2021-03-25","1963-04-03","Sherlyn.Koch@aol.com","673-875-1479"
195881,"Blaze","Cannon","Mumbai  ","India","400012","Hindi","Female","","Married","3","2019-07-28","1984-08-13","Blaze.Cannon@hotmail.com","741-312-6071"
176345,"Dean","Le","Denver","United States","80204","English","Undisclosed","","Married","1","2019-02-05","1946-12-09","Dean.Le@ymail.com","534-502-0003"
153969,"Ryker","Ritter","Melbourne","Australia","5006","English","Female","","Single","0","2021-12-01","1966-04-02","Ryker.Ritter@aol.com","355-702-4462"
167225,"Eileen","Guerrero","Delhi","India","110032","Hindi","Female","","Divorced/Seperated","4","2019-12-21","1984-12-31","Eileen.Guerrero@hotmail.com","195-010-1294"
172249,"Nehemiah","Decker","Manchester","United Kingdom","M1 1HP","English","Male","","Single","0","2020-12-05","1954-10-19","Nehemiah.Decker@ymail.com","426-263-7198"
57577,"Rosa","Fisher","Manchester","United Kingdom","M1 1EU","English","Female","","Married","3","2022-01-29","1944-05-27","Rosa.Fisher@ymail.com","315-310-3453"
94628,"Viviana","Oconnor","Nice","France","6206","French","Male","","Married","4","2019-04-04","1954-11-02","Viviana.Oconnor@ymail.com","049-399-5215"
79499,"Emely","Villanueva","New York City","United States","11220","English","Female","","Married","2","2022-04-15","1995-07-20","Emely.Villanueva@gmail.com","387-642-1985"
129117,"Adam","Blanchard","Warsaw","Poland","00-006","Polish","Male","","Married","2","2021-05-07","1966-01-08","Adam.Blanchard@aol.com","716-017-7467"
118391,"Trevon","Burnett","Boston","United States","2151","English","Female","","Undisclosed","Undisclosed","2022-03-28","1977-12-09","Trevon.Burnett@hotmail.com","583-207-1989"
12481,"Jake","Hess","Munich  ","Germany","80809","German","Male","","Single","0","2021-02-08","1969-08-26","Jake.Hess@aol.com","130-615-7116"
27990,"Ellen","Andersen","San Mateo","United States","94404","English","Female","","Divorced/Seperated","1","2022-03-16","2005-02-05","Ellen.Andersen@gmail.com","242-282-2827"
28789,"Laila","Williamson","Warsaw","Poland","00-073","Polish","Male","","Married","2","2019-11-10","1944-02-28","Laila.Williamson@ymail.com","000-534-2224"
211232,"Kaylin","Cummings","Stockholm","Sweden","","Swedish","Female","","Single","0","2019-06-25","1978-07-04","**~MASKED~**.**~MASKED~**@gmail.com","111-111-1111"
92712,"Joel","Carpenter","Vancouver","Canada","V5K 1H9","English","Male","","Married","4","2019-06-30","1971-12-02","Joel.Carpenter@hotmail.com","284-555-2384"
144204,"Carley","Garcia","Tokyo","Japan","205-0000","Japanese","Male","","Married","4","2020-04-21","1984-12-11","Carley.Garcia@hotmail.com","728-612-8609"
106149,"Mckayla","Petty","Tokyo","Japan","114-0000","Japanese","Male","","Single","0","2021-06-10","1990-04-28","Mckayla.Petty@gmail.com","097-073-0468"
117974,"Oscar","Thompson","San Mateo","United States","94403","English","Male","","Single","2","2020-11-05","1963-05-05","Oscar.Thompson@aol.com","269-749-0229"
173341,"Jordan","Chandler","Denver  ","United States","80266","English","Female","","Single","0","2020-08-07","1997-11-17","Jordan.Chandler@gmail.com","015-095-1430"
64681,"Nancy","Reed","San Mateo  ","United States","94497","English","Female","","Married","2","2021-05-13","1970-01-29","Nancy.Reed@hotmail.com","980-565-3181"
178897,"Kyson","Suarez","Tokyo","Japan","105-0000","Japanese","Female","","Single","0","2022-02-17","1956-10-01","Kyson.Suarez@aol.com","073-517-6923"
177896,"Isabel","Nguyen","Warsaw","Poland","00-050","Polish","Female","","Single","1","2019-02-23","1983-02-15","Isabel.Nguyen@hotmail.com","208-468-2105"
8442,"Anthony","Padilla","CAPE TOWN","South Africa","8005","English","Male","","Married","2","2020-04-13","1980-12-21","Anthony.Padilla@hotmail.com","313-649-7404"
77172,"Rocco","Randall","Vancouver","Canada","V5K 0A3","English","Undisclosed","","Single","0","2021-12-17","1953-08-30","Rocco.Randall@ymail.com","963-782-2083"
123546,"Helena","Sandoval","Toronto","Canada","M4C 0A2","English","Female","","Married","2","2021-02-21","1981-01-09","Helena.Sandoval@hotmail.com","531-667-3512"
181238,"Brennan","Ho","Vancouver","Canada","V5K 2H9","English","Female","","Single","0","2019-03-28","1995-03-18","Brennan.Ho@gmail.com","576-372-6386"
162487,"Adan","Walton","Vancouver","Canada","V5K 0A1","English","Female","","Married","1","2020-05-10","1990-05-01","Adan.Walton@gmail.com","647-093-8474"
198928,"Ricardo","Oneill","Denver","United States","80218","English","Male","","Single","0","2019-10-07","1991-01-19","Ricardo.Oneill@gmail.com","777-400-3856"
187721,"Kadin","Manning","Warsaw  ","Poland","00-010","Polish","Female","","Married","3","2020-01-01","1976-07-30","Kadin.Manning@hotmail.com","676-827-2803"
99798,"Hanna","Little","Seattle","United States","98117","English","Female","","Single","0","2020-08-05","1941-05-13","Hanna.Little@ymail.com","923-431-4109"
127304,"Malachi","Lynn","Denver","United States","80230","English","Male","","Married","2","2022-05-15","1948-08-15","Malachi.Lynn@ymail.com","733-587-0040"
10469,"Charity","Hawkins","Sao Paulo","Brazil","04849-000","Portuguese","Female","","Single","1","2020-02-03","1984-07-12","Charity.Hawkins@hotmail.com","895-216-2807"
93516,"Jakob","Hernandez","Warsaw","Poland","00-085","Polish","Male","","Divorced/Seperated","1","2021-11-24","1984-10-12","Jakob.Hernandez@hotmail.com","432-007-7629"
18529,"Abram","Allison","Cairo","Egypt","00000","Arabic","Male","","Single","0","2020-11-09","1971-02-10","Abram.Allison@hotmail.com","150-802-9709"
192002,"Lauryn","Lane","TOKYO","Japan","182-0000","Japanese","Male","","Married","2","2020-01-25","1961-04-14","Lauryn.Lane@aol.com","212-177-9220"
110092,"Luke","Spence","Boston","United States","2125","English","Male","","Married","2","2021-12-23","2004-11-05","Luke.Spence@gmail.com","206-832-5766"
43159,"Rogelio","Gray","Sao Paulo","Brazil","04849-000","Portuguese","Female","","Married","1","2019-06-06","1969-05-12","Rogelio.Gray@aol.com","766-633-3251"
144560,"Talia","Gomez","  Denver","United States","400103","English","Female","","Single","0","2019-05-06","1991-12-14","Talia.Gomez@gmail.com","302-562-9797"
202358,"Nickolas","Lucero","Rio de Janeiro","Brazil","","Portuguese","Female","","Married","1","2019-08-06","1969-12-02","**~MASKED~**.**~MASKED~**@aim.com","111-111-1111"
115887,"Moises","Schroeder","Montreal","Canada","H2P 1L1","English","Male","","Single","0","2019-05-17","1994-07-06","Moises.Schroeder@gmail.com","444-125-3722"
139034,"Anaya","Valentine","Melbourne","Australia","8002","English","Female","","Married","1","2020-05-06","1945-02-26","Anaya.Valentine@ymail.com","641-700-2553"
152079,"Kayley","Orozco","New York City","United States","10467","English","Male","","Undisclosed","Undisclosed","2021-08-31","1990-04-23","Kayley.Orozco@gmail.com","230-626-4176"
73099,"Shawn","Gutierrez","Denver","United States","80209","English","Male","","Undisclosed","Undisclosed","2021-12-28","2004-02-12","Shawn.Gutierrez@gmail.com","731-038-1713"
155482,"Aiyana","Becker","MELBOURNE","Australia","3004","English","Male","","Married","1","2021-06-03","1962-09-03","Aiyana.Becker@aol.com","291-812-3119"
181885,"Adrian","Hull","Montreal","Canada","H4N 3E8","English","Male","","Married","2","2022-01-13","1966-04-07","Adrian.Hull@aol.com","383-465-3322"
176013,"Mckinley","Knight","London","United Kingdom","E1 7HE","English","Female","","Divorced/Seperated","2","2021-11-25","1949-12-06","Mckinley.Knight@ymail.com","020-314-7714"
72325,"Paris","Guzman","Toronto","Canada","M4C 1L8","English","Female","","Married","4","2020-10-22","1985-11-16","Paris.Guzman@hotmail.com","936-085-7333"
147682,"Charlize","Costa","SEATTLE","United States","98194","English","Female","","Single","0","2019-02-26","1950-10-26","Charlize.Costa@ymail.com","514-837-7282"
156586,"Jake","Bradford","Denver","United States","80014","English","Male","","Single","0","2019-09-13","1981-01-23","Jake.Bradford@hotmail.com","514-023-6782"
151981,"Zander","Maynard","Boston  ","United States","2134","English","Female","","Single","0","2021-06-16","1954-03-30","Zander.Maynard@ymail.com","588-556-9846"
48370,"Kayla","Stein","Madrid","Spain","28021","Spanish","Female","","Single","0","2021-10-02","1959-03-15","Kayla.Stein@aol.com","110-541-6386"
110901,"Aria","Lin","Denver  ","United States","80202","English","Male","","Single","0","2019-06-13","1958-03-09","Aria.Lin@aol.com","419-605-0991"
174493,"Mekhi","Sherman","Nice","France","6200","French","Female","","Married","2","2020-06-15","2005-03-25","Mekhi.Sherman@gmail.com","037-590-9473"
174498,"Josue","Beck","Tokyo","Japan","176-0000","Japanese","Female","","Single","0","2021-06-15","1971-08-07","Josue.Beck@hotmail.com","067-408-8187"
156472,"Jaiden","Petty","Montreal","Canada","H1L 1L4","English","Female","","Single","0","2022-03-03","1999-05-30","Jaiden.Petty@gmail.com","214-521-2123"
77926,"Santiago","Ross","Tokyo","Japan","144-0000","Japanese","Female","","Married","3","2021-12-22","1997-12-14","Santiago.Ross@gmail.com","655-076-3815"
20559,"Sariah","Knapp","London","United Kingdom","E1 7HT","English","Female","","Single","0","2021-08-17","2002-06-21","Sariah.Knapp@gmail.com","657-092-1675"
83995,"Dayanara","Phelps","Warsaw","Poland","00-067","Polish","Male","","Married","2","2019-07-16","1943-11-22","Dayanara.Phelps@ymail.com","226-638-3640"
49568,"Alisha","Randolph","Stockholm","Sweden","6206","Swedish","Female","","Divorced/Seperated","2","2019-05-12","1997-02-23","Alisha.Randolph@gmail.com","082-850-5165"
212080,"Bennett","Webster","  Madrid","Spain","28021","Spanish","Female","","Married","2","2019-07-09","1975-01-21","**~MASKED~**.**~MASKED~**@gmail.com","111-111-1111"
126564,"Makenna","Barker","Vancouver","Canada","V5K 0A1","English","Female","","Married","3","2021-11-25","1973-05-11","Makenna.Barker@hotmail.com","495-674-2732"
27628,"Alyvia","Noble","San Mateo","United States","94401","English","Female","","Married","2","2020-06-06","1994-10-10","Alyvia.Noble@gmail.com","875-527-5507"
3410,"Piper","Orozco","Rio de Janeiro","Brazil","22753-000","Portuguese","Male","","Divorced/Seperated","0","2020-04-02","1942-11-24","Piper.Orozco@ymail.com","674-884-7766"
48835,"Keegan","Mendez","Tokyo","Japan","182-0000","Japanese","Male","","Undisclosed","Undisclosed","2020-09-15","1962-06-17","Keegan.Mendez@aol.com","209-218-8729"
130570,"Kristopher","Gould","London","United Kingdom","E1 7QG","English","Female","","Married","2","2020-09-06","2002-02-26","Kristopher.Gould@gmail.com","676-197-5927"
18961,"Makena","Thomas","Montreal  ","Canada","H1X 2K6","English","Male","","Married","2","2019-07-08","1951-07-02","Makena.Thomas@ymail.com","527-410-7044"
175460,"Cassidy","Guerra","  Sydney","Australia","2059","English","Female","","Divorced/Seperated","0","2019-04-13","1998-09-15","Cassidy.Guerra@gmail.com","334-207-4878"
163219,"Nia","Chavez","Toronto","Canada","M3C 0C1","English","Male","","Single","0","2020-10-12","1956-06-25","Nia.Chavez@aol.com","233-637-7731"
130168,"Dominique","Combs","Mumbai","India","400033","Hindi","Male","","Single","0","2021-12-10","1968-11-26","Dominique.Combs@aol.com","103-272-9497"
4648,"Morgan","Perry","Cape Town","South Africa","8005","English","Female","","Married","4","2019-07-21","1968-09-22","Morgan.Perry@aol.com","234-828-8651"
620,"Claudia","Holland","  Krakow","Poland","31-5","Polish","Undisclosed","","Single","0","2019-09-10","1996-02-17","Claudia.Holland@gmail.com","657-117-0562"
140998,"Jax","Ferrell","Mumbai","India","400091","Hindi","Female","","Married","2","2019-03-01","1999-05-07","Jax.Ferrell@gmail.com","467-682-0307"
19907,"Nikhil","Flynn","Stockholm","Sweden","600","Swedish","Undisclosed","","Married","4","2019-11-07","1961-09-22","Nikhil.Flynn@aol.com","004-993-6055"
17366,"Adeline","Mahoney","London","United Kingdom","E1 7DD","English","Male","","Undisclosed","Undisclosed","2020-10-12","1984-08-08","Adeline.Mahoney@hotmail.com","710-750-8968"
10073,"Vincent","Weiss","Tokyo","Japan","144-0000","Japanese","Male","","Divorced/Seperated","0","2022-04-18","1947-08-18","Vincent.Weiss@ymail.com","608-589-3180"
327,"Colin","Sparks","Sao Paulo","Brazil","04849-000","Portuguese","Female","","Divorced/Seperated","2","2020-11-29","1983-08-20","Colin.Sparks@hotmail.com","579-821-7155"
26902,"Quinn","Jacobson","TORONTO","Canada","M3C 0J1","English","Female","","Single","0","2020-04-02","1992-02-08","Quinn.Jacobson@gmail.com","461-237-4788"
180453,"Maximilian","Leonard","Paris","France","75013","French","Male","","Married","1","2021-08-14","1994-03-10","Maximilian.Leonard@gmail.com","009-154-1701"
90460,"Enrique","Downs","  London","United Kingdom","E1 7DR","English","Male","","Undisclosed","Undisclosed","2020-06-15","1999-03-28","Enrique.Downs@gmail.com","188-196-6623"
109032,"Jaycee","Juarez","Warsaw","Poland","00-038","Polish","Female","","Married","2","2019-10-18","1961-11-13","Jaycee.Juarez@aol.com","749-939-0755"
171672,"Demarcus","Mcconnell","New York City","United States","10467","English","Male","","Single","0","2020-01-20","1984-10-18","Demarcus.Mcconnell@hotmail.com","523-773-3063"
28023,"Celia","Hickman","tokyo","Japan","105-0000","Japanese","Male","","Single","0","2020-06-05","1973-09-23","Celia.Hickman@hotmail.com","837-491-5234"
182157,"Richard","Hunt","Tokyo","Japan","176-0000","Japanese","Undisclosed","","Married","2","2021-02-16","1979-07-07","Richard.Hunt@hotmail.com","683-592-5842"
24825,"Amani","Mcgee","Barcelona","Spain","08013","English","Male","","Single","0","2020-11-22","1987-10-13","Amani.Mcgee@hotmail.com","438-145-7038"
12525,"Collin","Mcintyre","Krakow","Poland","31-5","Polish","Undisclosed","","Single","0","2021-05-22","1940-09-01","Collin.Mcintyre@ymail.com","436-149-3461"
31303,"Elliana","Arnold","sao paulo","Brazil","04849-000","Portuguese","Male","","Single","0","2019-01-30","1999-02-18","Elliana.Arnold@gmail.com","107-064-0692"
120651,"Evie","Beltran","Vancouver","Canada","V5K 2S3","English","Male","","Undisclosed","Undisclosed","2021-11-22","1981-06-30","Evie.Beltran@hotmail.com","155-933-8568"
5288,"Miah","Little","Cape Town","South Africa","8005","English","Male","","Married","2","2021-11-05","1960-10-19","Miah.Little@aol.com","613-390-7431"
171702,"Victoria","Walker","WARSAW","Poland","00-055","Polish","Female","","Single","0","2019-09-22","1996-05-20","Victoria.Walker@gmail.com","308-871-0154"
164114,"Hillary","Whitney","Manchester","United Kingdom","M1 1EH","English","Male","","Married","1","2020-03-09","1957-01-26","Hillary.Whitney@aol.com","292-342-6672"
202611,"Scarlett","Alexander","Munich","Germany","80809","German","Female","","Divorced/Seperated","2","2019-07-09","1972-04-04","**~MASKED~**.**~MASKED~**@gmail.com","111-111-1111"
98818,"Kiara","Burke","London","United Kingdom","E1 7EE","English","Undisclosed","","Married","4","2020-11-20","1968-01-05","Kiara.Burke@aol.com","301-854-4587"
62879,"Colby","Wells","Paris","France","75003","French","Female","","Married","2","2019-02-12","1994-08-19","Colby.Wells@gmail.com","834-064-8940"
63962,"Jazlene","Fitzgerald","MUMBAI","India","400033","Hindi","Male","","Divorced/Seperated","3","2019-03-21","1984-03-18","Jazlene.Fitzgerald@hotmail.com","380-615-2069"
123824,"Kelton","Crane","Boston","United States","2124","English","Male","","Single","0","2021-09-20","1967-10-01","Kelton.Crane@aol.com","253-637-7302"
87409,"Katelyn","Carlson","Warsaw","Poland","00-042","Polish","Female","","Divorced/Seperated","1","2020-01-12","2005-07-24","Katelyn.Carlson@gmail.com","575-630-3059"
87263,"Julissa","Garrison","toronto","Canada","M4C 3C7","English","Male","","Single","0","2019-07-17","1973-07-01","Julissa.Garrison@hotmail.com","269-825-5067"
4413,"Myles","Brown","Krakow","Poland","31-5","Polish","Undisclosed","","Single","0","2019-10-09","1998-09-20","Myles.Brown@gmail.com","549-277-1071"
207596,"Byron","Schneider","Cape Town","South Africa","8005","English","Female","","Undisclosed","Undisclosed","2019-01-29","1976-11-09","**~MASKED~**.**~MASKED~**@gmail.com","111-111-1111"
37471,"Santino","Newton","New York City","United States","11226","English","Female","","Married","3","2020-11-01","1968-04-10","Santino.Newton@aol.com","712-563-3727"
70616,"Jakobe","Archer","Montreal","Canada","H2J 3E3","English","Male","","Single","0","2019-01-04","1986-08-17","Jakobe.Archer@hotmail.com","501-270-6704"
159640,"Konnor","Munoz","  Nice","France","6200","French","Undisclosed","","Single","0","2021-03-28","1968-09-27","Konnor.Munoz@aol.com","390-224-1774"
89297,"Sanai","Ortiz","Manchester","United Kingdom","M1 1HL","English","Male","","Married","0","2021-06-11","2001-12-22","Sanai.Ortiz@gmail.com","304-564-8255"
69277,"Noelle","Herrera","Warsaw","Poland","00-034","Polish","Male","","Undisclosed","Undisclosed","2021-08-12","1969-06-12","Noelle.Herrera@aol.com","324-932-2886"
171699,"Noah","Hardin","Manchester","United Kingdom","M1 1JE","English","Male","","Divorced/Seperated","4","2020-01-09","1958-09-19","Noah.Hardin@aol.com","235-155-4841"
54295,"Steven","Carlson","Mumbai","India","400055","Hindi","Female","","Single","0","2020-01-02","1941-08-03","Steven.Carlson@ymail.com","460-656-9417"
132657,"Felipe","Dean","Warsaw","Poland","00-055","Polish","Female","","Married","2","2021-10-11","1970-01-29","Felipe.Dean@hotmail.com","882-356-1526"
220249,"Madeline","Meza","Cape Town","South Africa","8005","English","Undisclosed","","Married","1","2019-01-15","1949-12-27","**~MASKED~**.**~MASKED~**@att.net","111-111-1111"
115692,"Rayna","Charles","Melbourne","Australia","8002","English","Male","","Single","0","2021-03-12","1958-07-11","Rayna.Charles@aol.com","103-900-5393"
199564,"Mercedes","Webster","Seoul","South Korea","100-195","English","Female","","Married","2","2020-08-01","1993-08-03","Mercedes.Webster@gmail.com","077-349-9617"
192882,"Ty","Blackburn","BOSTON","United States","2124","English","Male","","Divorced/Seperated","3","2019-08-13","1945-03-25","Ty.Blackburn@ymail.com","665-391-7864"
202072,"Javion","Fuller","Rio de Janeiro","Brazil","","Portuguese","Undisclosed","","Single","0","2019-04-16","1982-11-09","**~MASKED~**.**~MASKED~**@donotdisturb.com","111-111-1111"
112350,"Jadyn","Pace","Manchester","United Kingdom","M1 1EX","English","Male","","Divorced/Seperated","2","2019-10-01","1945-04-21","Jadyn.Pace@ymail.com","495-657-0817"
166847,"Giovanni","Olsen","Manchester","United Kingdom","M1 1NA","English","Female","","Married","1","2021-07-14","1952-01-23","Giovanni.Olsen@ymail.com","612-357-8320"
178772,"Destinee","Figueroa","Nice","France","600","French","Female","","Single","0","2019-02-03","1963-12-17","Destinee.Figueroa@aol.com","241-821-2504"
178296,"Baron","Villarreal","Warsaw","Poland","00-030","Polish","Female","","Single","0","2020-08-14","1954-12-12","Baron.Villarreal@ymail.com","988-204-2658"
50274,"Johnny","Hodge","Cairo","Egypt","00000","Arabic","Female","","Married","2","2021-03-07","1995-10-22","Johnny.Hodge@gmail.com","207-297-0962"
53508,"Lila","Sweeney","Manchester","United Kingdom","M1 1AJ","English","Male","","Single","0","2019-06-04","1972-09-09","Lila.Sweeney@hotmail.com","295-376-2946"
55465,"Bentley","Carney","Madrid","Spain","28021","Spanish","Undisclosed","","Undisclosed","Undisclosed","2020-09-07","1959-01-29","Bentley.Carney@aol.com","649-819-8640"
188249,"Chanel","Harrington","New York City","United States","11236","English","Male","","Single","0","2020-04-29","1982-12-17","Chanel.Harrington@hotmail.com","569-980-6166"
144547,"Raven","Smith","Vancouver","Canada","100-210","English","Female","","Undisclosed","Undisclosed","2020-07-13","1980-03-17","Raven.Smith@hotmail.com","406-214-5882"
176779,"Maritza","Dickerson","Seattle","United States","98185","English","Female","","Married","1","2019-08-30","1957-12-18","Maritza.Dickerson@aol.com","478-418-8219"
197949,"Fernando","Romero","New York City","United States","11208","English","Male","","Married","4","2022-02-07","1979-05-07","Fernando.Romero@hotmail.com","669-180-1413"
152456,"Alexis","Hart","Manchester","United Kingdom","M1 1HH","English","Male","","Single","0","2020-12-23","1962-08-18","Alexis.Hart@aol.com","303-089-1845"
85192,"Angela","Briggs","Manchester","United Kingdom","M1 1FA","English","Female","","Married","2","2021-04-03","1965-06-12","Angela.Briggs@aol.com","040-191-7098"
39307,"Rebecca","Roberson","New York City","United States","11373","English","Female","","Married","1","2021-09-01","1956-10-24","Rebecca.Roberson@aol.com","248-802-4487"
51293,"Jace","Stark","New York City","United States","11368","English","Female","","Single","0","2020-05-19","2001-01-21","Jace.Stark@gmail.com","697-974-7507"
217360,"Lisa","Chandler","  Stockholm","Sweden","","Swedish","Male","","Single","0","2019-01-08","1981-07-21","**~MASKED~**.**~MASKED~**@ymail.com","111-111-1111"
210928,"Jaqueline","Tapia","Hamburg","Germany","21129","German","Female","","Married","5+","2019-04-16","1985-11-26","**~MASKED~**.**~MASKED~**@gmail.com","111-111-1111"
73926,"Marcos","Blake","Nice","France","6206","French","Male","","Married","2","2019-12-03","1945-03-11","Marcos.Blake@ymail.com","293-349-7030"
21630,"Ian","Gilmore","Toronto","Canada","M4C 3B7","English","Female","","Married","2","2020-10-24","1974-05-23","Ian.Gilmore@hotmail.com","877-470-6898"
83405,"Stephany","Marshall","Toronto","Canada","M4C 0A2","English","Female","","Single","2","2021-11-12","1987-03-09","Stephany.Marshall@hotmail.com","187-817-9517"
10098,"Savion","Walters","Krakow","Poland","31-5","Polish","Female","","Single","0","2021-05-09","1975-11-01","Savion.Walters@hotmail.com","796-061-7939"
173602,"Lukas","Vargas","TOKYO","Japan","176-0000","Japanese","Female","","Divorced/Seperated","2","2021-04-24","1990-02-14","Lukas.Vargas@gmail.com","756-155-3269"
188017,"Natalee","Moss","Tokyo","Japan","182-0000","Japanese","Male","","Undisclosed","Undisclosed","2020-12-31","1994-03-08","Natalee.Moss@gmail.com","066-887-5020"
161604,"Eugene","York","Warsaw","Poland","00-054","Polish","Male","","Married","2","2021-04-28","1998-08-07","Eugene.York@gmail.com","142-298-4118"
42871,"Nelson","Harvey","London","United Kingdom","E1 7JJ","English","Male","","Undisclosed","Undisclosed","2019-08-04","1961-02-19","Nelson.Harvey@aol.com","893-425-4765"
28864,"Rihanna","Hudson","New York City","United States","11208","English","Female","","Single","1","2021-08-09","1991-08-02","Rihanna.Hudson@gmail.com","318-188-4184"
119632,"Blake","Patterson","Mumbai","India","400016","Hindi","Female","","Single","0","2020-04-30","1969-02-28","Blake.Patterson@aol.com","001-263-4375"
207228,"Dexter","Friedman","Cairo","Egypt","00000","Arabic","Female","","Married","4","2019-06-11","1992-07-07","**~MASKED~**.**~MASKED~**@netscape.net","111-111-1111"
133076,"Octavio","Bishop","Boston","United States","2215","English","Male","","Single","0","2022-06-18","1957-08-15","Octavio.Bishop@aol.com","242-306-9617"
162617,"Elliot","Mckinney","Sydney","Australia","2059","English","Female","","Single","0","2020-03-04","1968-10-17","Elliot.Mckinney@aol.com","356-075-2989"
156111,"Kyleigh","Guerra","Sydney","Australia","2059","English","Female","","Single","0","2022-03-13","1955-05-12","Kyleigh.Guerra@ymail.com","150-746-9813"
45837,"Erika","Mcneil","Tokyo","Japan","144-0000","Japanese","Female","","Single","2","2022-03-05","1944-10-05","Erika.Mcneil@ymail.com","061-239-5704"
197126,"Jairo","Mays","Tokyo","Japan","182-0000","Japanese","Male","","Single","0","2021-10-17","1997-04-25","Jairo.Mays@gmail.com","732-336-5218"
138971,"Marley","Beck","Melbourne","Australia","3002","English","Male","","Single","0","2019-01-01","1948-04-24","Marley.Beck@ymail.com","478-541-2347"
100409,"Greyson","Medina","London","United Kingdom","E1 7HX","English","Male","","Divorced/Seperated","1","2021-03-07","1956-11-04","Greyson.Medina@aol.com","264-373-0983"
138345,"Annabella","Villarreal","Melbourne","Australia","3003","English","Female","","Married","2","2021-09-10","1976-09-17","Annabella.Villarreal@hotmail.com","078-727-3321"
163027,"Armani","Mercado","Melbourne","Australia","3045","English","Female","","Single","2","2021-02-12","1964-01-16","Armani.Mercado@aol.com","312-566-3587"
198459,"Alissa","Leon","Melbourne","Australia","3000","English","Female","","Married","3","2020-09-13","1995-03-09","Alissa.Leon@gmail.com","519-036-0408"
156128,"Phoebe","Dillon","Sydney","Australia","2129","English","Male","","Undisclosed","Undisclosed","2022-01-23","1954-10-27","Phoebe.Dillon@ymail.com","126-581-7878"
45937,"Diana","Marshall","Mumbai","India","400091","Hindi","Undisclosed","","Single","0","2019-01-18","1985-06-15","Diana.Marshall@hotmail.com","951-460-5752"
156252,"Barrett","Mata","Melbourne","Australia","3207","English","Female","","Married","0","2019-08-12","2002-05-16","Barrett.Mata@gmail.com","267-325-1974"
39790,"Howard","Dodson","Toronto","Canada","M4C 1X6","English","Male","","Divorced/Seperated","2","2019-08-04","1943-10-03","Howard.Dodson@ymail.com","352-535-7417"
166230,"Donavan","Mcintyre","Montreal","Canada","H4V 1S9","English","Male","","Married","1","2019-03-21","2001-06-19","Donavan.Mcintyre@gmail.com","607-786-7592"
142347,"Santino","Conley","Melbourne","Australia","3010","English","Female","","Married","1","2019-04-14","1989-08-28","Santino.Conley@gmail.com","997-537-2533"
163381,"Juliet","Ballard","Toronto  ","Canada","M4C 3B7","English","Male","","Divorced/Seperated","2","2022-01-17","1955-12-23","Juliet.Ballard@ymail.com","486-977-9998"
68375,"Kenley","Fritz","Toronto","Canada","M4C 3B7","English","Female","","Married","4","2021-09-10","1958-03-15","Kenley.Fritz@aol.com","460-888-7418"
190372,"Anabella","Waller","Mumbai","India","400014","Hindi","Female","","Single","0","2019-06-15","1987-07-04","Anabella.Waller@hotmail.com","699-540-6932"
213501,"Diego","Patton","Cairo  ","Egypt","00000","Arabic","Undisclosed","","Married","1","2019-03-12","1989-07-25","**~MASKED~**.**~MASKED~**@hotmail.com","111-111-1111"
138434,"Amir","Burke","Vancouver","Canada","V5K 0A4","English","Male","","Single","0","2019-06-12","2003-10-22","Amir.Burke@gmail.com","561-656-5656"
115129,"Braylon","Costa","Mumbai","India","400004","Hindi","Male","","Married","1","2022-04-01","1948-10-07","Braylon.Costa@ymail.com","429-209-2557"
65509,"Sarah","Shannon","Manchester","United Kingdom","M1 2AP","English","Female","","Single","0","2020-10-21","1949-02-25","Sarah.Shannon@ymail.com","683-082-3881"
137620,"Presley","Flores","  Paris","France","75007","French","Female","","Single","2","2022-06-28","1972-01-30","Presley.Flores@hotmail.com","232-382-0327"
155202,"Justine","Collins","SYDNEY","Australia","2020","English","Male","","Married","2","2020-12-19","1967-10-30","Justine.Collins@aol.com","070-716-9635"
198816,"Alma","Perkins","Vancouver","Canada","V5K 2S3","English","Male","","Divorced/Seperated","4","2021-01-19","1973-06-25","Alma.Perkins@hotmail.com","512-058-1577"
93831,"Jairo","Mcfarland","Montreal","Canada","H2P 1L1","English","Male","","Married","2","2021-07-06","1980-08-05","Jairo.Mcfarland@hotmail.com","691-374-9397"
173971,"Sloane","Stuart","Montreal","Canada","H3A 2H6","English","Male","","Married","2","2019-05-27","1990-06-02","Sloane.Stuart@gmail.com","059-628-3067"
138810,"Muhammad","Walls","Manchester","United Kingdom","M1 1NA","English","Male","","Married","2","2021-08-14","1976-03-29","Muhammad.Walls@hotmail.com","001-221-7569"
76994,"Amirah","Pugh","Nice","France","6206","French","Male","","Divorced/Seperated","4","2022-06-04","1982-02-22","Amirah.Pugh@hotmail.com","782-336-1442"
125267,"Sophia","Morales","Seoul","South Korea","100-210","Korean","Male","","Married","1","2020-04-20","1998-03-23","Sophia.Morales@gmail.com","752-844-2220"
188373,"Francis","Cuevas","Seoul","South Korea","100-060","Korean","Female","","Married","1","2020-05-17","1985-02-22","Francis.Cuevas@hotmail.com","383-443-1963"
110811,"Cordell","Arias","Paris","France","75013","French","Female","","Single","0","2019-11-16","1953-01-25","Cordell.Arias@ymail.com","428-182-7367"
139011,"Marcel","Galloway","Paris","France","75014","French","Male","","Single","2","2021-11-21","1965-01-09","Marcel.Galloway@aol.com","064-304-7291"
216100,"Xander","Flynn","  Berlin","Germany","","German","Female","","Married","0","2019-08-06","1985-06-04","**~MASKED~**.**~MASKED~**@gmail.com","111-111-1111"
161058,"Kaylynn","Terry","Delhi","India","110090","Hindi","Male","","Single","1","2020-07-02","1966-03-17","Kaylynn.Terry@aol.com","328-203-7760"
34659,"Bria","Bowen","Stockholm","Sweden","6100","Swedish","Female","","Married","2","2021-07-17","2001-11-26","Bria.Bowen@gmail.com","898-656-5757"
201780,"George","Hooper","  Rio de Janeiro","Brazil","","Portuguese","Undisclosed","","Married","3","2019-02-12","1977-08-30","**~MASKED~**.**~MASKED~**@gmail.com","111-111-1111"
41991,"Maximillian","Jennings","Manchester","United Kingdom","M1 1LW","English","Male","","Married","1","2020-06-24","2000-11-02","Maximillian.Jennings@gmail.com","036-123-6862"
172480,"Franklin","Mckay","  Vancouver","Canada","V5K 0A2","English","Male","","Married","2","2020-08-30","1958-06-06","Franklin.Mckay@aol.com","361-259-6690"
171921,"Cassandra","Moore","San Mateo  ","United States","94403","English","Female","","Single","0","2020-07-28","1983-09-16","Cassandra.Moore@hotmail.com","204-273-4533"
98090,"Roderick","Rios","Seoul","South Korea","100-060","Korean","Female","","Married","4","2020-09-22","1990-01-12","Roderick.Rios@gmail.com","764-341-5898"
28004,"Keyla","Miller","Toronto","Canada","M4C 3M7","English","Male","","Divorced/Seperated","1","2021-05-11","1953-08-12","Keyla.Miller@ymail.com","791-525-1092"
30754,"Casey","Ball","Madrid","Spain","28021","Spanish","Male","","Married","0","2021-11-18","1975-11-10","Casey.Ball@hotmail.com","243-216-4355"
128049,"Holly","Ball","Vancouver","Canada","V5K 2E6","English","Male","","Single","0","2019-12-25","2004-06-23","Holly.Ball@gmail.com","120-453-9299"
107257,"Jacey","Ritter","Melbourne","Australia","3045","English","Female","","Single","0","2019-04-12","1953-11-18","Jacey.Ritter@ymail.com","991-118-3668"
132926,"Miya","Herring","Melbourne","Australia","3207","English","Undisclosed","","Single","0","2019-06-20","1954-06-14","Miya.Herring@ymail.com","734-931-8435"
185150,"Isis","Landry","Paris","France","75006","French","Male","","Single","0","2021-07-02","1978-01-29","Isis.Landry@hotmail.com","128-748-3258"
128411,"Madden","Matthews","San Mateo","United States","94404","English","Male","","Divorced/Seperated","1","2019-05-19","1994-02-07","Madden.Matthews@gmail.com","376-840-4115"
74269,"Robert","Hogan","Paris","France","75008","French","Male","","Single","0","2020-06-15","2001-08-23","Robert.Hogan@gmail.com","677-546-2488"
47648,"Juliette","Case","Cairo","Egypt","00000","Arabic","Undisclosed","","Divorced/Seperated","3","2019-12-23","1946-07-28","Juliette.Case@ymail.com","335-905-8526"
152309,"Ray","Barry","Delhi","India","110042","Hindi","Female","","Single","0","2021-11-27","1998-06-18","Ray.Barry@gmail.com","558-184-4406"
42688,"Lindsey","Quinn","Sao Paulo","Brazil","04849-000","Portuguese","Female","","Married","1","2021-07-28","1987-08-09","Lindsey.Quinn@hotmail.com","360-637-4589"
161549,"Angel","Hunter","London","United Kingdom","E1 7HY","English","Female","","Married","4","2020-02-05","2001-04-18","Angel.Hunter@gmail.com","428-493-4337"
203307,"Donovan","Dillon","Berlin","Germany","","German","Female","","Divorced/Seperated","4","2019-08-06","1985-02-05","**~MASKED~**.**~MASKED~**@gmail.com","111-111-1111"
217527,"Emely","Kane","Stockholm","Sweden","","Swedish","Female","","Single","0","2019-07-09","1976-04-27","**~MASKED~**.**~MASKED~**@gmail.com","111-111-1111"
202423,"German","Dunlap","rio de janeiro","Brazil","","Portuguese","Male","","Married","1","2019-03-19","1981-10-27","**~MASKED~**.**~MASKED~**@donotdisturb.com","111-111-1111"
18132,"Nancy","Reyes","New York City","United States","11368","English","Female","","Undisclosed","Undisclosed","2022-04-13","1955-03-22","Nancy.Reyes@ymail.com","196-926-7518"
177517,"Frances","Weaver","Paris","France","75014","French","Female","","Single","0","2021-01-26","1961-08-16","Frances.Weaver@aol.com","546-172-0803"
116045,"Frances","Tyler","London","United Kingdom","E1 7JJ","English","Female","","Single","0","2020-07-11","1947-03-06","Frances.Tyler@ymail.com","414-544-5451"
94423,"Zain","Fisher","paris","France","75018","French","Female","","Married","4","2019-03-03","1957-10-23","Zain.Fisher@aol.com","669-931-3647"
102284,"Chace","Nash","Mumbai","India","400028","Hindi","Male","","Single","0","2022-02-10","2004-10-21","Chace.Nash@gmail.com","168-939-4009"
91339,"Reilly","Bolton","London","United Kingdom","E1 7DB","English","Undisclosed","","Single","0","2019-01-08","1969-03-17","Reilly.Bolton@aol.com","507-932-1600"
56920,"Jacoby","Cuevas","  Sao Paulo","Brazil","04849-000","Portuguese","Male","","Married","1","2020-03-04","1982-09-08","Jacoby.Cuevas@hotmail.com","702-165-5370"
3980,"Rylee","Maddox","  Krakow","Poland","31-5","Polish","Female","","Divorced/Seperated","1","2019-03-28","1941-01-20","Rylee.Maddox@ymail.com","115-786-5501"
144040,"Paloma","Thomas","  Mumbai","India","400059","Hindi","Female","","Married","0","2020-07-30","2003-06-12","Paloma.Thomas@gmail.com","216-505-0362"
161596,"Shyann","Mccann","Warsaw","Poland","00-059","Polish","Undisclosed","","Undisclosed","Undisclosed","2021-01-24","1986-06-10","Shyann.Mccann@hotmail.com","601-266-0102"
91788,"Carlos","Stephens","New York City","United States","11207","English","Male","","Single","0","2019-04-06","1989-01-18","Carlos.Stephens@gmail.com","910-479-4335"
171250,"Hugh","George","Delhi","India","110039","Hindi","Male","","Married","3","2019-03-28","1996-01-09","Hugh.George@gmail.com","322-318-9464"
138748,"Lukas","Copeland","Seattle","United States","98185","English","Female","","Married","1","2020-05-07","1948-11-10","Lukas.Copeland@ymail.com","591-449-4555"
108995,"Jerome","French","Montreal","Canada","H1L 1L4","English","Male","","Single","0","2020-12-10","1943-09-04","Jerome.French@ymail.com","393-208-7109"
172577,"Kaylin","Andrade","Seattle","United States","98103","English","Female","","Single","0","2020-03-30","1976-01-30","Kaylin.Andrade@hotmail.com","377-862-4372"
50365,"Emelia","Peck","Cairo","Egypt","00000","Arabic","Female","","Married","2","2019-06-27","1940-05-25","Emelia.Peck@ymail.com","233-926-0129"
73665,"Davon","Sutton","Manchester","United Kingdom","M1 1LT","English","Female","","Married","2","2021-08-23","1988-03-26","Davon.Sutton@hotmail.com","759-815-2295"
32746,"Larry","Ortiz","New York City","United States","11226","English","Female","","Married","1","2021-02-02","2002-03-03","Larry.Ortiz@gmail.com","581-820-9643"
178276,"Braydon","Valentine","Nice","France","600","French","Female","","Married","1","2022-06-23","2004-01-05","Braydon.Valentine@gmail.com","367-020-0360"
81393,"Ari","Curtis","Delhi","India","110044","Hindi","Male","","Married","2","2020-07-01","1986-12-07","Ari.Curtis@hotmail.com","619-299-1661"
133074,"Braeden","Davis","Sydney","Australia","2020","English","Male","","Single","0","2021-03-12","1985-02-05","Braeden.Davis@hotmail.com","440-327-6589"
136022,"Lyla","Henderson","MANCHESTER","United Kingdom","M1 1PD","English","Female","","Single","0","2020-01-05","2004-04-01","Lyla.Henderson@gmail.com","579-878-1913"
47719,"Donald","Salinas","Manchester","United Kingdom","M1 1JS","English","Male","","Married","1","2022-04-27","1963-12-17","Donald.Salinas@aol.com","866-989-6703"
82563,"Kaitlynn","Edwards","boston","United States","2215","English","Male","","Married","0","2021-12-08","1956-02-13","Kaitlynn.Edwards@aol.com","125-247-8924"
204448,"Evan","Irwin","Hamburg","Germany","21129","German","Male","","Married","3","2019-05-07","1955-05-31","**~MASKED~**.**~MASKED~**@att.net","111-111-1111"
76826,"Sammy","Castro","New York City","United States","11236","English","Undisclosed","","Married","3","2021-11-25","1959-09-09","Sammy.Castro@aol.com","526-280-3118"
128881,"Abdiel","Rojas","Toronto  ","Canada","M4C 3M7","English","Female","","Undisclosed","Undisclosed","2021-10-25","2004-10-26","Abdiel.Rojas@gmail.com","049-320-8616"
148400,"Eileen","Oneal","  Seoul","South Korea","100-013","Korean","Male","","Single","0","2021-05-25","1960-09-24","Eileen.Oneal@aol.com","291-278-9768"
210703,"Adelyn","Bush","hamburg","Germany","21129","German","Male","","Single","0","2019-01-01","1958-06-03","**~MASKED~**.**~MASKED~**@netscape.net","111-111-1111"
98784,"Skylar","Fry","Toronto","Canada","M4C 3B7","English","Female","","Single","0","2019-07-01","1982-02-17","Skylar.Fry@hotmail.com","664-894-2558"
87858,"Kallie","Forbes","Toronto","Canada","M4C 1E7","English","Undisclosed","","Married","2","2020-05-06","1962-01-18","Kallie.Forbes@aol.com","341-550-7643"
14801,"Noe","Daniels","Barcelona  ","Spain","08013","English","Female","","Undisclosed","Undisclosed","2020-11-23","1997-10-29","Noe.Daniels@gmail.com","268-641-4424"
122096,"Amaris","Conley","Vancouver","Canada","V5K 2H9","English","Female","","Married","1","2022-03-27","1992-08-13","Amaris.Conley@gmail.com","056-971-3024"
203103,"Shaffer","Cochran","berlin","Germany","","German","Male","","Divorced/Seperated","4","2019-09-03","1960-02-09","**~MASKED~**.**~MASKED~**@netscape.net","111-111-1111"
210883,"London","Gamble","hamburg","Germany","21129","German","Female","","Married","1","2019-02-12","1967-08-01","**~MASKED~**.**~MASKED~**@usa.net","111-111-1111"
178813,"Mariela","Fields","Mumbai","India","400026","Hindi","Female","","Married","1","2021-05-09","1943-09-06","Mariela.Fields@ymail.com","110-090-0593"
178610,"Mason","Fields","San Mateo","United States","94402","English","Male","","Married","2","2020-03-21","2000-11-21","Mason.Fields@gmail.com","872-593-1910"
99205,"Angela","Le","Warsaw","Poland","00-015","Polish","Female","","Married","4","2020-09-13","1952-12-24","Angela.Le@ymail.com","632-214-4341"
52369,"Hillary","Hutchinson","Warsaw","Poland","00-074","Polish","Male","","Single","0","2021-12-17","1957-04-20","Hillary.Hutchinson@aol.com","705-317-8224"
198151,"Simon","Mejia","Manchester","United Kingdom","M1 1EY","English","Male","","Single","0","2020-06-13","1995-03-27","Simon.Mejia@gmail.com","295-711-1019"
68633,"Kylan","Mooney","Toronto","Canada","M3C 0C1","English","Female","","Single","0","2021-10-11","1966-05-07","Kylan.Mooney@aol.com","720-009-0935"
140227,"Lorenzo","Figueroa","Vancouver","Canada","V5K 1K7","English","Female","","Married","0","2020-06-17","1987-07-03","Lorenzo.Figueroa@hotmail.com","846-856-8579"
28941,"Whitney","Kaufman","Cape Town  ","South Africa","8005","English","Female","","Single","0","2021-11-23","1962-10-27","Whitney.Kaufman@aol.com","579-969-5639"
44370,"Riya","Stevenson","Sydney","Australia","2001","English","Male","","Single","0","2022-03-08","2000-03-19","Riya.Stevenson@gmail.com","573-778-5921"
201352,"Roy","Hanna","Rio de Janeiro","Brazil","","Portuguese","Male","","Married","1","2019-04-23","1966-08-02","**~MASKED~**.**~MASKED~**@yahoo.com","111-111-1111"
87792,"Imani","Schwartz","London","United Kingdom","E1 7AX","English","Male","","Married","3","2019-09-19","1945-01-25","Imani.Schwartz@ymail.com","504-329-2728"
72808,"Logan","Long","Manchester","United Kingdom","M1 1FS","English","Male","","Married","0","2021-04-15","1972-05-21","Logan.Long@hotmail.com","475-304-8255"
200539,"Mira","Rasmussen","Sao Paulo","Brazil","","Portuguese","Male","","Undisclosed","Undisclosed","2019-05-07","1990-10-02","**~MASKED~**.**~MASKED~**@netscape.net","111-111-1111"
55321,"Sheldon","Mccarthy","Munich  ","Germany","80809","German","Female","","Divorced/Seperated","3","2022-03-27","1954-09-15","Sheldon.Mccarthy@ymail.com","012-952-4594"
78742,"Elijah","Good","VANCOUVER","Canada","V5K 2H9","English","Undisclosed","","Single","1","2021-07-10","1993-12-13","Elijah.Good@gmail.com","690-361-6630"
41933,"Randy","Orozco","Munich","Germany","80809","German","Female","","Divorced/Seperated","2","2020-10-17","2001-07-28","Randy.Orozco@gmail.com","421-859-8810"
182842,"Nikolai","Lawrence","MONTREAL","Canada","H3A 2H6","English","Female","","Married","4","2020-09-23","2003-11-17","Nikolai.Lawrence@gmail.com","524-051-5328"
46181,"Leonard","Houston","Denver  ","United States","80230","English","Male","","Single","0","2019-01-15","1940-04-23","Leonard.Houston@ymail.com","039-452-5128"
216813,"Ann","Choi","Hamburg","Germany","21129","German","Female","","Single","0","2019-05-07","1953-03-24","**~MASKED~**.**~MASKED~**@att.net","111-111-1111"
190895,"Brianna","Reyes","Vancouver","Canada","V5K 0A3","English","Male","","Married","4","2021-09-08","1982-08-26","Brianna.Reyes@hotmail.com","377-146-0598"
173862,"Orlando","Hammond","LONDON","United Kingdom","E1 8AB","English","Male","","Married","3","2020-03-21","2002-12-23","Orlando.Hammond@gmail.com","454-945-0918"
74909,"Jakayla","Roberts","Warsaw","Poland","00-057","Polish","Female","","Married","1","2019-08-22","1968-03-06","Jakayla.Roberts@aol.com","504-895-4010"
24709,"Kamren","Curry","Warsaw","Poland","00-010","Polish","Male","","Undisclosed","Undisclosed","2020-10-21","2002-09-28","Kamren.Curry@gmail.com","555-958-2782"
117022,"Carolyn","Roy","DENVER","United States","80209","English","Female","","Undisclosed","Undisclosed","2021-09-28","1996-09-22","Carolyn.Roy@gmail.com","451-912-0530"
36425,"Ryan","Hahn","Cape Town","South Africa","8005","English","Female","","Married","2","2021-05-02","1971-02-09","Ryan.Hahn@hotmail.com","860-590-2402"
80441,"Avery","Campos","Melbourne  ","Australia","3045","English","Female","","Married","4","2020-08-02","1957-05-22","Avery.Campos@aol.com","535-076-8086"
162246,"Kendall","Rowe","San Mateo","United States","94497","English","Female","","Single","0","2020-04-04","1951-03-01","Kendall.Rowe@ymail.com","555-546-1492"
143215,"Aiden","Sullivan","Vancouver","Canada","V5K 0A6","English","Female","","Married","2","2019-09-12","1968-06-02","Aiden.Sullivan@aol.com","154-580-0188"
136194,"Zachery","Norman","New York City","United States","11211","English","Female","","Single","0","2020-09-13","1985-04-01","Zachery.Norman@hotmail.com","681-321-0598"
23839,"Giovanny","Mcintosh","Toronto","Canada","M3C 0C1","English","Female","","Married","0","2022-01-16","1977-05-31","Giovanny.Mcintosh@hotmail.com","434-219-9299"
23649,"Jazlynn","Solis","Sao Paulo","Brazil","04849-000","Portuguese","Female","","Single","0","2020-08-29","1982-12-26","Jazlynn.Solis@hotmail.com","084-547-0885"
19501,"Kameron","Hull","Cairo  ","Egypt","00000","Arabic","Female","","Single","0","2019-06-20","1979-11-02","Kameron.Hull@hotmail.com","162-094-8592"
180847,"Julius","Abbott","Paris","France","75006","French","Undisclosed","","Divorced/Seperated","0","2021-11-18","1985-07-11","Julius.Abbott@hotmail.com","569-185-4038"
216108,"Jaden","Bailey","Berlin","Germany","","German","Female","","Married","2","2019-05-07","1975-04-01","**~MASKED~**.**~MASKED~**@gmail.com","111-111-1111"
172113,"Maribel","Brock","Montreal","Canada","H1L 1L4","English","Female","","Single","1","2019-10-15","1974-06-30","Maribel.Brock@hotmail.com","017-516-6525"
5942,"Ibrahim","Cobb","KRAKOW","Poland","31-5","Polish","Female","","Single","0","2021-03-25","1969-02-05","Ibrahim.Cobb@aol.com","582-350-4888"
75639,"Kaila","Ruiz","Manchester","United Kingdom","M1 2BG","English","Male","","Married","3","2020-05-21","1966-08-15","Kaila.Ruiz@aol.com","434-990-1183"
183588,"Harry","Wolf","Mumbai","India","400030","Hindi","Female","","Married","3","2020-10-01","1994-09-14","Harry.Wolf@gmail.com","297-084-8798"
131145,"Cameron","Turner","Denver","United States","80019","English","Male","","Undisclosed","Undisclosed","2021-10-03","1977-06-08","Cameron.Turner@hotmail.com","336-637-8556"
191211,"Lila","Rich","Denver","United States","80208","English","Male","","Single","0","2021-04-30","1966-07-22","Lila.Rich@aol.com","549-073-8443"
217602,"Raquel","Taylor","STOCKHOLM","Sweden","","Swedish","Female","","Married","4","2019-03-26","1957-06-04","**~MASKED~**.**~MASKED~**@netscape.net","111-111-1111"
84912,"Aracely","Dougherty","Montreal","Canada","H2P 1L1","English","Female","","Single","0","2020-05-19","1995-07-22","Aracely.Dougherty@gmail.com","109-460-2241"
210299,"Nadia","Beard","Berlin","Germany","","German","Female","","Single","0","2019-06-18","1975-07-29","**~MASKED~**.**~MASKED~**@gmail.com","111-111-1111"
35799,"Wesley","Aguirre","Cape Town","South Africa","8005","English","Male","","Undisclosed","Undisclosed","2020-03-05","1974-11-19","Wesley.Aguirre@hotmail.com","565-139-7597"
37388,"John","Gibson","Toronto","Canada","M4C 3M7","English","Male","","Married","3","2022-01-27","1946-05-01","John.Gibson@ymail.com","720-101-0431"
143124,"Randall","Bean","Toronto","Canada","M4C 3C7","English","Male","","Single","0","2019-09-13","1967-04-24","Randall.Bean@aol.com","240-751-0267"
120819,"Tristan","Reid","Toronto","Canada","M3C 0J1","English","Male","","Married","5+","2020-04-11","1992-08-23","Tristan.Reid@gmail.com","028-090-1525"
187641,"Luka","Joyce","Montreal  ","Canada","H4N 3E8","English","Female","","Single","0","2019-10-02","1986-02-02","Luka.Joyce@hotmail.com","474-374-2347"
207508,"Saige","Glenn","Cape Town","South Africa","8005","English","Male","","Married","1","2019-03-19","1991-11-05","**~MASKED~**.**~MASKED~**@netscape.net","111-111-1111"
39142,"Selah","Haynes","SAO PAULO","Brazil","04849-000","Portuguese","Female","","Undisclosed","Undisclosed","2019-04-20","1980-12-05","Selah.Haynes@hotmail.com","002-791-2332"
86826,"Annabel","Roth","Mumbai","India","400003","Hindi","Male","","Married","4","2021-08-03","1977-03-12","Annabel.Roth@hotmail.com","094-950-7773"
151347,"Marley","Proctor","Seattle","United States","98101","English","Male","","Married","0","2019-04-17","1962-05-19","Marley.Proctor@aol.com","541-536-8499"
115265,"Elsie","Hart","Melbourne","Australia","3205","English","Undisclosed","","Single","0","2019-10-08","1974-10-15","Elsie.Hart@hotmail.com","569-770-2644"
89106,"Giselle","Finley","Toronto","Canada","M4C 1L8","English","Female","","Married","2","2020-08-01","1981-01-15","Giselle.Finley@hotmail.com","133-019-2409"
65565,"Kailee","Branch","Sydney","Australia","2055","English","Male","","Married","0","2022-03-16","1980-10-02","Kailee.Branch@hotmail.com","452-709-3405"
155925,"Bryan","Nguyen","Denver","United States","80208","English","Undisclosed","","Single","0","2020-05-28","1994-05-13","Bryan.Nguyen@gmail.com","722-082-6789"
145023,"Monique","Vaughn","toronto","Canada","M3C 0C1","English","Male","","Married","2","2019-07-04","1986-03-19","Monique.Vaughn@hotmail.com","879-126-9681"
158875,"Derick","Stanley","Montreal","Canada","H3M 1R6","English","Female","","Married","1","2021-08-02","1989-01-12","Derick.Stanley@gmail.com","759-114-6198"
128880,"Marcus","Mills","  Toronto","Canada","M4C 1V8","English","Female","","Single","0","2021-06-06","1955-07-07","Marcus.Mills@ymail.com","381-608-6621"
207258,"Alisa","Rollins","Cairo","Egypt","00000","Arabic","Male","","Divorced/Seperated","0","2019-06-11","1965-08-24","**~MASKED~**.**~MASKED~**@yahoo.com","111-111-1111"
212121,"Bo","Gallagher","Madrid  ","Spain","28021","Spanish","Female","","Married","3","2019-03-26","1947-07-15","**~MASKED~**.**~MASKED~**@att.net","111-111-1111"
200905,"Raphael","Werner","Sao Paulo","Brazil","","Portuguese","Male","","Single","0","2019-04-09","1961-01-10","**~MASKED~**.**~MASKED~**@excite.com","111-111-1111"
115514,"Mya","Dawson","Manchester","United Kingdom","M1 2BJ","English","Male","","Married","4","2021-03-17","1999-08-31","Mya.Dawson@gmail.com","258-483-4491"
134933,"Bryant","Simmons","Seoul","South Korea","100-051","Korean","Undisclosed","","Single","0","2020-07-28","1969-05-28","Bryant.Simmons@aol.com","453-167-7015"
66865,"Camille","Mcdowell","Paris","France","75007","French","Female","","Married","2","2021-03-14","1961-02-27","Camille.Mcdowell@aol.com","032-317-1244"
53252,"Harrison","Reese","Boston","United States","2215","English","Female","","Married","4","2019-11-18","1966-01-18","Harrison.Reese@aol.com","852-350-5626"
208010,"Dallas","Black","Cape Town","South Africa","8005","English","Male","","Single","0","2019-05-28","1991-01-15","**~MASKED~**.**~MASKED~**@netscape.net","111-111-1111"
74547,"Easton","Garner","Delhi","India","110093","Hindi","Male","","Married","2","2020-04-15","1986-10-27","Easton.Garner@hotmail.com","010-939-2399"
113057,"Zoey","Sullivan","Mumbai","India","400031","Hindi","Female","","Married","2","2022-06-20","2000-10-04","Zoey.Sullivan@gmail.com","059-826-5357"
106379,"Rory","Shaffer","Tokyo","Japan","114-0000","Japanese","Male","","Divorced/Seperated","5+","2022-03-27","1981-03-14","Rory.Shaffer@hotmail.com","535-371-1165"
155582,"Belen","Huff","SEATTLE","United States","98102","English","Female","","Undisclosed","Undisclosed","2021-08-13","1979-05-19","Belen.Huff@hotmail.com","496-913-6756"
93233,"Adalyn","Thomas","Sydney","Australia","2127","English","Male","","Married","1","2021-03-17","1994-04-03","Adalyn.Thomas@gmail.com","838-427-2003"
207676,"Katrina","Murray","Cape Town","South Africa","8005","English","Female","","Married","4","2019-07-16","1993-02-09","**~MASKED~**.**~MASKED~**@netscape.net","111-111-1111"
88324,"Reagan","Hoffman","Paris","France","75013","French","Female","","Married","0","2019-08-03","1984-03-27","Reagan.Hoffman@hotmail.com","860-908-3996"
132090,"Kaia","Kim","Sydney","Australia","2000","English","Female","","Married","2","2020-10-31","1993-08-03","Kaia.Kim@gmail.com","520-109-8930"
124229,"Sidney","Conley","Warsaw","Poland","00-047","Polish","Female","","Married","1","2019-11-17","1981-09-18","Sidney.Conley@hotmail.com","528-236-9316"
60856,"Ashleigh","Mills","Warsaw","Poland","00-004","Polish","Male","","Undisclosed","Undisclosed","2020-07-05","1983-08-31","Ashleigh.Mills@hotmail.com","845-884-4433"
171327,"Jordin","Mclean","Tokyo","Japan","176-0000","Japanese","Female","","Single","0","2020-05-06","1980-10-22","Jordin.Mclean@hotmail.com","086-938-5601"
199107,"Adelyn","Baxter","San Mateo","United States","94402","English","Male","","Married","1","2021-10-20","1947-11-01","Adelyn.Baxter@ymail.com","913-570-1328"
104001,"Aria","Gallegos","Denver  ","United States","80266","English","Male","","Single","0","2022-01-21","1997-01-27","Aria.Gallegos@gmail.com","687-849-9154"
61452,"Quentin","Munoz","Denver","United States","80019","English","Female","","Married","2","2020-02-29","1991-12-02","Quentin.Munoz@gmail.com","188-835-8146"
45329,"Wesley","Armstrong","Munich","Germany","80809","German","Male","","Divorced/Seperated","1","2019-08-29","1951-08-29","Wesley.Armstrong@ymail.com","131-630-4709"
158611,"Julien","Mclaughlin","Toronto","Canada","M4C 0A2","English","Female","","Single","0","2022-01-17","1947-03-19","Julien.Mclaughlin@ymail.com","446-620-1233"
23289,"Adeline","Trujillo","Montreal","Canada","H2J 3E3","English","Male","","Single","0","2022-06-14","1986-01-11","Adeline.Trujillo@hotmail.com","340-203-8367"
218347,"Alexis","Duke","Madrid","Spain","28021","Spanish","Male","","Undisclosed","Undisclosed","2019-07-23","1987-11-10","**~MASKED~**.**~MASKED~**@gmail.com","111-111-1111"
25089,"Liliana","Rice","Krakow","Poland","31-5","Polish","Male","","Single","0","2022-05-18","1977-12-01","Liliana.Rice@hotmail.com","548-980-2259"
33594,"Casey","Boone","Tokyo","Japan","114-0000","Japanese","Male","","Single","2","2021-05-23","1953-09-17","Casey.Boone@ymail.com","407-502-3138"
128102,"Deborah","Rosales","MELBOURNE","Australia","8002","English","Male","","Single","0","2019-05-15","1954-05-02","Deborah.Rosales@ymail.com","446-808-3717"
195959,"Daniel","Fowler","London","United Kingdom","E1 7JF","English","Female","","Married","3","2021-12-09","1955-06-02","Daniel.Fowler@ymail.com","798-025-0393"
114725,"Amare","Peters","London","United Kingdom","E1 7DR","English","Male","","Single","0","2020-05-13","2003-06-24","Amare.Peters@gmail.com","939-852-3076"
46711,"Elvis","Lewis","Stockholm","Sweden","6200","Swedish","Female","","Married","1","2020-01-07","1960-02-09","Elvis.Lewis@aol.com","208-353-1767"
74837,"Leandro","Parks","Warsaw","Poland","00-083","Polish","Male","","Single","0","2021-10-07","1961-12-23","Leandro.Parks@aol.com","413-501-2751"
142077,"Hugo","Weiss","Warsaw","Poland","00-042","Polish","Female","","Single","0","2020-08-27","1949-04-10","Hugo.Weiss@ymail.com","294-085-1599"
33486,"Antoine","Peck","Warsaw","Poland","00-072","Polish","Male","","Undisclosed","Undisclosed","2020-06-22","1958-02-24","Antoine.Peck@aol.com","995-132-3616"
24837,"Zara","Reeves","Denver","United States","80228","English","Male","","Married","2","2022-05-03","1981-01-11","Zara.Reeves@hotmail.com","719-887-7275"
143251,"Devan","Garrett","Mumbai","India","400033","Hindi","Male","","Married","1","2019-05-05","1995-02-20","Devan.Garrett@gmail.com","658-387-6026"
113102,"Ashlynn","Davila","VANCOUVER","Canada","V5K 2J8","English","Female","","Married","2","2022-02-13","1992-06-18","Ashlynn.Davila@gmail.com","628-934-3226"
184990,"Kristen","Bautista","Vancouver","Canada","V5K 0A3","English","Male","","Single","1","2019-01-04","1949-12-15","Kristen.Bautista@ymail.com","552-350-7166"
108844,"Bailey","Mcclure","Tokyo","Japan","114-0000","Japanese","Female","","Married","2","2022-04-03","1959-06-07","Bailey.Mcclure@aol.com","957-666-7077"
188219,"Ronan","Yoder","Mumbai","India","400057","Hindi","Male","","Divorced/Seperated","2","2019-11-01","2006-01-12","Ronan.Yoder@gmail.com","372-251-8600"
157267,"Mireya","Lyons","Boston","United States","2134","English","Female","","Married","1","2021-03-31","1994-03-26","Mireya.Lyons@gmail.com","435-032-3546"
18040,"Dylan","Friedman","  Hamburg","Germany","21129","German","Undisclosed","","Married","1","2021-12-15","1978-09-25","Dylan.Friedman@hotmail.com","634-313-9813"
188321,"Carley","Marquez","New York City  ","United States","11236","English","Male","","Married","1","2019-09-11","1955-12-07","Carley.Marquez@ymail.com","503-629-9122"
192452,"Aliyah","Stokes","New York City","United States","10456","English","Female","","Single","0","2020-08-01","1996-06-12","Aliyah.Stokes@gmail.com","203-197-8661"
86026,"Lucas","Webb","Paris","France","75005","French","Male","","Single","0","2019-04-11","1950-01-09","Lucas.Webb@ymail.com","797-012-6544"
63190,"Emmy","Rowland","Seoul","South Korea","100-250","Korean","Male","","Single","0","2021-01-15","1994-09-06","Emmy.Rowland@gmail.com","582-417-3510"
195274,"Sarahi","Salazar","Delhi","India","110039","Hindi","Male","","Divorced/Seperated","4","2019-02-11","1990-09-14","Sarahi.Salazar@gmail.com","985-745-3334"
71160,"Annie","Huber","  Melbourne","Australia","3010","English","Male","","Single","0","2021-09-25","1982-05-13","Annie.Huber@hotmail.com","851-387-6617"
149912,"Sarai","Boyle","Nice","France","6206","French","Female","","Single","0","2021-09-09","2005-06-10","Sarai.Boyle@gmail.com","058-542-4326"
60158,"Heath","Jacobs","Mumbai","India","400028","Hindi","Male","","Married","3","2021-02-12","1959-10-02","Heath.Jacobs@aol.com","072-265-9092"
32739,"Micah","Bowman","Montreal","Canada","H1X 2K6","English","Male","","Married","2","2020-08-16","1992-07-02","Micah.Bowman@gmail.com","085-608-7473"
198064,"Daphne","Murray","New York City","United States","11385","English","Male","","Undisclosed","Undisclosed","2021-03-09","1992-11-03","Daphne.Murray@gmail.com","330-253-4980"
160282,"Lillian","Castillo","SYDNEY","Australia","2129","English","Female","","Married","2","2020-10-30","1968-10-27","Lillian.Castillo@aol.com","151-046-6664"
89983,"Aden","Klein","sydney","Australia","2000","English","Undisclosed","","Single","0","2019-07-09","1984-01-22","Aden.Klein@hotmail.com","646-906-3222"
83316,"Kennedy","Warner","Seoul","South Korea","100-051","Korean","Female","","Married","0","2019-10-30","1989-03-29","Kennedy.Warner@gmail.com","719-537-8838"
15792,"Makayla","Pittman","London","United Kingdom","E1 7BH","English","Female","","Married","0","2019-02-19","1984-06-11","Makayla.Pittman@hotmail.com","151-463-4998"
89252,"Ibrahim","Mclean","New York City","United States","10025","English","Undisclosed","","Married","0","2020-09-19","1989-09-04","Ibrahim.Mclean@gmail.com","135-150-8177"
118409,"Nancy","Hodge","Toronto","Canada","M4C 3B7","English","Male","","Single","0","2021-11-10","1974-05-19","Nancy.Hodge@hotmail.com","765-924-9759"
118644,"Madalyn","Calderon","Manchester","United Kingdom","M1 1DX","English","Female","","Undisclosed","Undisclosed","2022-03-05","2003-05-09","Madalyn.Calderon@gmail.com","041-619-6885"
36856,"Gloria","Weiss","Boston","United States","2125","English","Male","","Married","2","2020-07-24","1956-06-04","Gloria.Weiss@aol.com","654-828-6501"
142537,"Lance","Underwood","New York City","United States","11373","English","Male","","Divorced/Seperated","4","2021-12-27","1944-05-22","Lance.Underwood@ymail.com","765-301-7143"
123719,"Emma","Little","New York City","United States","11207","English","Female","","Married","2","2020-09-15","1950-12-14","Emma.Little@ymail.com","591-191-7152"
172484,"Lesly","Vaughn","Montreal","Canada","H2E 1T9","English","Female","","Married","1","2020-07-06","1980-10-23","Lesly.Vaughn@hotmail.com","551-520-1176"
35409,"Ruben","Morgan","Boston","United States","2124","English","Male","","Single","0","2021-11-17","1963-11-08","Ruben.Morgan@aol.com","278-823-4877"
143663,"Quincy","Mckenzie","nice","France","600","French","Male","","Married","2","2021-11-04","1960-05-02","Quincy.Mckenzie@aol.com","701-643-7333"
3975,"Leroy","Raymond","Sao Paulo","Brazil","04849-000","Portuguese","Female","","Divorced/Seperated","3","2021-01-14","1949-11-21","Leroy.Raymond@ymail.com","391-067-3760"
22205,"Macy","Wiley","Cape Town","South Africa","8005","English","Female","","Married","4","2020-05-05","1942-11-04","Macy.Wiley@ymail.com","853-966-4273"
14059,"Wilson","Benson","Hamburg","Germany","21129","German","Female","","Married","1","2022-06-07","1961-06-24","Wilson.Benson@aol.com","571-985-5735"
84227,"Ace","Oneal","Denver","United States","80019","English","Male","","Single","0","2022-03-03","1969-07-03","Ace.Oneal@aol.com","765-854-2031"
98309,"Hezekiah","Gill","San Mateo","United States","94402","English","Female","","Married","2","2019-04-10","1995-11-11","Hezekiah.Gill@gmail.com","033-280-6694"
199859,"Keaton","Armstrong","Boston","United States","2134","English","Male","","Single","0","2021-03-08","1975-01-21","Keaton.Armstrong@hotmail.com","105-498-6790"
52048,"Shawn","Mckee","Stockholm","Sweden","6206","Swedish","Female","","Married","1","2021-09-03","2002-05-08","Shawn.Mckee@gmail.com","630-286-6815"
82328,"Zander","Rosales","Nice","France","6200","French","Undisclosed","","Single","1","2019-05-08","2002-03-24","Zander.Rosales@gmail.com","841-458-9397"
9620,"Aniyah","Finley","  Cape Town","South Africa","8005","English","Male","","Single","0","2020-11-15","1997-06-10","Aniyah.Finley@gmail.com","116-136-4534"
77270,"Roland","Welch","Seoul","South Korea","100-051","Korean","Female","","Married","3","2021-10-19","2003-01-01","Roland.Welch@gmail.com","544-513-8950"
112561,"Braylen","Hoffman","Melbourne  ","Australia","3010","English","Undisclosed","","Married","2","2021-07-10","1999-01-22","Braylen.Hoffman@gmail.com","583-568-3461"
13638,"Lizeth","Whitehead","Hamburg","Germany","21129","German","Female","","Married","0","2019-06-15","1998-05-06","Lizeth.Whitehead@gmail.com","999-072-5564"
9318,"Rohan","Jennings","Krakow","Poland","31-5","Polish","Female","","Married","3","2020-03-20","1962-10-30","Rohan.Jennings@aol.com","566-709-3585"
133468,"Mckayla","Hood","Paris","France","75001","French","Female","","Undisclosed","Undisclosed","2019-02-02","1961-04-26","Mckayla.Hood@aol.com","396-086-9745"
92596,"Carl","Lamb","Warsaw","Poland","00-009","Polish","Female","","Single","0","2019-07-04","1971-06-25","Carl.Lamb@hotmail.com","252-072-8162"
98565,"Makaila","Gates","Mumbai","India","400058","Hindi","Undisclosed","","Married","3","2020-09-26","1967-01-24","Makaila.Gates@aol.com","704-960-8387"
196515,"Darryl","Welch","Manchester","United Kingdom","M1 1EG","English","Female","","Undisclosed","Undisclosed","2019-03-04","1991-05-14","Darryl.Welch@gmail.com","051-580-4595"
30714,"Jace","Lester","Barcelona","Spain","08013","English","Female","","Single","0","2019-10-14","1962-06-03","Jace.Lester@aol.com","151-180-8496"
168753,"Kailey","Leonard","Tokyo","Japan","144-0000","Japanese","Female","","Married","2","2020-03-26","1972-04-11","Kailey.Leonard@hotmail.com","581-468-8321"
108294,"Vanessa","Miller","Warsaw","Poland","00-014","Polish","Female","","Single","0","2020-02-16","1998-11-16","Vanessa.Miller@gmail.com","155-389-6216"
141085,"Memphis","Lang","Paris","France","75002","French","Female","","Divorced/Seperated","3","2022-04-25","1980-12-29","Memphis.Lang@hotmail.com","280-655-4735"
198029,"Eve","Bernard","Warsaw","Poland","00-088","Polish","Male","","Single","0","2019-05-24","2003-06-29","Eve.Bernard@gmail.com","415-059-0782"
84669,"Christina","Copeland","Delhi","India","110094","Hindi","Female","","Undisclosed","Undisclosed","2019-05-07","1995-10-15","Christina.Copeland@gmail.com","673-408-7050"
4011,"Catalina","Suarez","Krakow","Poland","31-5","Polish","Male","","Married","0","2019-04-21","1981-06-24","Catalina.Suarez@hotmail.com","914-285-2822"
179671,"Cynthia","Hutchinson","Nice","France","6100","French","Male","","Single","2","2020-01-18","2004-11-06","Cynthia.Hutchinson@gmail.com","654-470-6514"
93451,"Kathleen","Glover","London","United Kingdom","E1 7EF","English","Male","","Single","0","2020-12-07","1947-04-25","Kathleen.Glover@ymail.com","576-247-7144"
150633,"Sienna","Zavala","Denver","United States","80266","English","Male","","Divorced/Seperated","0","2021-03-16","1998-01-28","Sienna.Zavala@gmail.com","198-599-8244"
110965,"Diego","Liu","Toronto","Canada","M4C 1X6","English","Female","","Married","4","2020-05-22","1971-12-17","Diego.Liu@hotmail.com","566-131-4865"
104681,"Alexandria","Boyer","Montreal  ","Canada","H2J 3E3","English","Male","","Single","0","2020-12-20","1949-08-13","Alexandria.Boyer@ymail.com","868-372-5614"
206038,"Travis","Freeman","Madrid","Spain","28021","Spanish","Female","","Married","4","2019-03-05","1969-11-25","**~MASKED~**.**~MASKED~**@aim.com","111-111-1111"
18124,"Melanie","Ballard","London","United Kingdom","E1 7AX","English","Female","","Single","0","2022-01-31","2000-08-27","Melanie.Ballard@gmail.com","493-636-1844"
193463,"Deandre","Copeland","warsaw","Poland","00-049","Polish","Undisclosed","","Married","2","2019-03-01","2005-02-10","Deandre.Copeland@gmail.com","222-787-3968"
96392,"Adrian","Bowman","Sydney","Australia","2020","English","Male","","Single","0","2022-02-03","1967-08-03","Adrian.Bowman@aol.com","327-762-6404"
29663,"Lydia","Blake","stockholm","Sweden","6100","Swedish","Male","","Single","0","2020-07-11","1959-07-04","Lydia.Blake@aol.com","988-330-9337"
172946,"Gilbert","Bonilla","Montreal","Canada","H4V 1S9","English","Undisclosed","","Divorced/Seperated","1","2022-01-01","1943-11-18","Gilbert.Bonilla@ymail.com","526-435-0740"
134210,"Chance","Downs","Vancouver","Canada","V5K 2E6","English","Female","","Undisclosed","Undisclosed","2021-12-29","2004-06-07","Chance.Downs@gmail.com","625-773-8398"
156691,"Kenneth","Knox","Boston","United States","2136","English","Undisclosed","","Divorced/Seperated","1","2020-10-15","1973-05-28","Kenneth.Knox@hotmail.com","692-205-9862"
215574,"Braylen","Mcfarland","Munich","Germany","80809","German","Male","","Single","0","2019-07-30","1960-12-20","**~MASKED~**.**~MASKED~**@excite.com","111-111-1111"
18751,"Corey","Rowe","Toronto","Canada","M4C 1V6","English","Undisclosed","","Married","4","2019-12-08","1971-01-24","Corey.Rowe@hotmail.com","158-719-6754"
221260,"Belen","Holland","  Rio de Janeiro","Brazil","","Portuguese","Male","","Single","0","2019-08-27","1981-07-21","**~MASKED~**.**~MASKED~**@ymail.com","111-111-1111"
33846,"Marin","Waters","Tokyo","Japan","114-0000","Japanese","Female","","Undisclosed","Undisclosed","2020-07-30","1987-09-03","Marin.Waters@hotmail.com","628-622-3517"
94246,"Alexia","Hunter","Denver","United States","80249","English","Female","","Married","1","2021-02-15","1985-07-16","Alexia.Hunter@hotmail.com","480-095-5777"
14315,"Maren","Melton","Stockholm","Sweden","6200","Swedish","Female","","Single","0","2021-04-10","1968-11-23","Maren.Melton@aol.com","086-271-5394"
80627,"River","Moreno","Montreal","Canada","H2J 3E3","English","Female","","Single","1","2020-07-10","1974-11-01","River.Moreno@hotmail.com","158-728-8032"
103524,"Caitlin","Meadows","New York City","United States","11226","English","Male","","Divorced/Seperated","2","2019-08-14","1968-05-28","Caitlin.Meadows@aol.com","690-287-3150"
213545,"Miah","Santiago","Cairo","Egypt","00000","Arabic","Female","","Married","3","2019-01-01","1948-10-12","**~MASKED~**.**~MASKED~**@att.net","111-111-1111"
127770,"Cristina","Buchanan","Tokyo","Japan","182-0000","Japanese","Female","","Undisclosed","Undisclosed","2021-06-06","1966-08-17","Cristina.Buchanan@aol.com","416-174-7612"
103008,"Mitchell","Newman","Paris","France","75017","French","Undisclosed","","Divorced/Seperated","2","2020-07-17","1964-10-05","Mitchell.Newman@aol.com","803-551-6508"
91968,"Danielle","Dougherty","London","United Kingdom","E1 7QB","English","Male","","Married","2","2021-06-11","1967-11-10","Danielle.Dougherty@aol.com","071-316-3207"
160926,"Donovan","Gonzales","Toronto","Canada","M3C 0J1","English","Male","","Divorced/Seperated","2","2019-04-22","1983-09-03","Donovan.Gonzales@hotmail.com","318-561-4747"
112431,"Macey","Durham","Tokyo","Japan","100-0400","Japanese","Female","","Divorced/Seperated","1","2021-10-26","1950-09-17","Macey.Durham@ymail.com","691-376-4636"
216872,"Ronin","Haynes","Hamburg","Germany","21129","German","Female","","Married","1","2019-03-19","1955-07-26","**~MASKED~**.**~MASKED~**@att.net","111-111-1111"
39352,"Kaleb","Humphrey","San Mateo","United States","94404","English","Female","","Single","0","2020-03-13","1980-03-19","Kaleb.Humphrey@hotmail.com","405-894-8543"
165498,"Sienna","Weaver","Nice","France","600","French","Female","","Single","0","2020-09-09","1987-07-30","Sienna.Weaver@hotmail.com","173-746-9486"
40101,"Memphis","Gilbert","London  ","United Kingdom","E1 7HE","English","Male","","Undisclosed","Undisclosed","2021-11-12","2004-10-01","Memphis.Gilbert@gmail.com","011-001-6483"
25450,"Ayana","Perez","Stockholm","Sweden","6206","Swedish","Male","","Single","0","2019-11-09","1965-02-14","Ayana.Perez@aol.com","691-111-9922"
64144,"Jasiah","Rasmussen","Stockholm","Sweden","6206","Swedish","Male","","Single","0","2021-01-10","1940-01-10","Jasiah.Rasmussen@ymail.com","703-859-2863"
83695,"Jett","Peterson","Paris","France","75009","French","Male","","Single","0","2021-11-15","1977-10-20","Jett.Peterson@hotmail.com","002-658-4567"
19178,"Maddox","Hutchinson","Toronto","Canada","M4C 3J6","English","Female","","Married","0","2020-05-02","1999-09-16","Maddox.Hutchinson@gmail.com","096-492-3214"
165517,"Leo","Hays","Sydney","Australia","2006","English","Male","","Married","2","2021-10-03","2002-05-11","Leo.Hays@gmail.com","544-897-7373"
45170,"Ashlynn","Sexton","Rio de Janeiro","Brazil","22753-000","Portuguese","Female","","Single","0","2019-12-30","1980-08-07","Ashlynn.Sexton@hotmail.com","611-687-6643"
192377,"Gaven","Singleton","Seoul","South Korea","100-273","Korean","Female","","Divorced/Seperated","1","2019-03-03","1959-12-14","Gaven.Singleton@aol.com","010-957-2543"
29926,"Yosef","Dennis","Mumbai","India","400054","Hindi","Female","","Married","4","2020-08-31","1948-06-26","Yosef.Dennis@ymail.com","720-274-9196"
160376,"Brennan","Walker","Montreal","Canada","H4V 1S9","English","Male","","Single","0","2020-05-16","1971-03-25","Brennan.Walker@hotmail.com","422-000-1292"
212083,"Casey","Acosta","madrid","Spain","28021","Spanish","Female","","Undisclosed","Undisclosed","2019-04-23","1956-06-26","**~MASKED~**.**~MASKED~**@netscape.net","111-111-1111"
186518,"Zechariah","Robbins","Toronto","Canada","M3C 0C1","English","Male","","Undisclosed","Undisclosed","2021-05-24","1963-03-30","Zechariah.Robbins@aol.com","770-578-1934"
185980,"Trent","Cochran","  Nice","France","6200","French","Male","","Married","4","2021-01-04","1985-10-09","Trent.Cochran@hotmail.com","633-868-3728"
211896,"Nolan","Nixon","Stockholm","Sweden","","Swedish","Female","","Single","0","2019-03-19","1988-09-06","**~MASKED~**.**~MASKED~**@hotmail.com","111-111-1111"
4338,"Mathew","Decker","Munich","Germany","80809","German","Female","","Single","0","2019-04-07","1954-07-18","Mathew.Decker@ymail.com","742-597-4506"
5030,"Graham","Garrett","Krakow","Poland","31-5","Polish","Undisclosed","","Single","0","2021-09-26","1955-03-18","Graham.Garrett@ymail.com","371-929-1304"
112435,"Anton","Warren","Denver","United States","80230","English","Male","","Married","4","2020-05-07","1947-06-19","Anton.Warren@ymail.com","842-903-7995"
102793,"Ronin","Foley","New York City","United States","11373","English","Male","","Undisclosed","Undisclosed","2020-04-05","1973-04-04","Ronin.Foley@hotmail.com","368-351-5989"
42989,"Finnegan","Richmond","Munich","Germany","80809","German","Male","","Married","2","2022-04-22","1940-09-17","Finnegan.Richmond@ymail.com","425-487-7983"
47880,"Janet","Edwards","  Munich","Germany","80809","German","Female","","Single","0","2021-07-08","2005-01-11","Janet.Edwards@gmail.com","213-638-8001"
103349,"Kenny","Potter","Seattle","United States","98141","English","Female","","Divorced/Seperated","2","2020-03-27","1978-06-01","Kenny.Potter@hotmail.com","585-585-8276"
166597,"Kendra","Alexander","Melbourne","Australia","3003","English","Male","","Married","4","2020-04-19","1960-03-01","Kendra.Alexander@aol.com","160-772-3135"
4990,"Leanna","Hendricks","Barcelona","Spain","08013","English","Male","","Single","0","2020-03-12","1992-01-31","Leanna.Hendricks@gmail.com","008-169-4893"
52742,"Demarcus","Armstrong","NEW YORK CITY","United States","10025","English","Male","","Undisclosed","Undisclosed","2022-01-03","1988-10-10","Demarcus.Armstrong@hotmail.com","625-989-6517"
110397,"Fletcher","Gibson","London","United Kingdom","E1 7HP","English","Undisclosed","","Married","1","2021-10-14","1952-01-21","Fletcher.Gibson@ymail.com","384-234-3516"
122483,"Braxton","Saunders","delhi","India","110042","Hindi","Male","","Married","2","2020-10-18","1952-12-06","Braxton.Saunders@ymail.com","794-111-1102"
118798,"Malcolm","Farley","Melbourne","Australia","3205","English","Undisclosed","","Single","0","2021-04-14","2002-05-23","Malcolm.Farley@gmail.com","685-856-1257"
31990,"Alisa","Maldonado","Munich","Germany","80809","German","Female","","Single","0","2020-01-18","1976-06-09","Alisa.Maldonado@hotmail.com","441-367-2645"
81620,"Angelo","Parrish","  Paris","France","75006","French","Female","","Single","0","2021-09-27","2002-12-24","Angelo.Parrish@gmail.com","448-715-5487"
165303,"Jordin","Stout","delhi","India","110091","Hindi","Female","","Married","4","2022-01-09","1964-03-04","Jordin.Stout@aol.com","546-000-3317"
163814,"Dalton","Morrow","Seoul","South Korea","100-014","Korean","Female","","Married","0","2022-02-11","1964-03-06","Dalton.Morrow@aol.com","857-436-0945"
25823,"Jamar","Wyatt","london","United Kingdom","E1 7HT","English","Male","","Undisclosed","Undisclosed","2019-06-28","1997-04-10","Jamar.Wyatt@gmail.com","027-713-0657"
184276,"Charlize","Baird","Paris","France","75001","French","Female","","Single","0","2022-06-25","1957-11-04","Charlize.Baird@aol.com","098-631-5949"
219286,"Leia","Crosby","Cairo","Egypt","00000","Arabic","Female","","Married","2","2019-03-12","1955-04-05","**~MASKED~**.**~MASKED~**@att.net","111-111-1111"
94169,"Sharon","English","Seattle","United States","98102","English","Female","","Married","2","2019-01-19","2003-10-30","Sharon.English@gmail.com","394-339-4016"
158114,"Kenzie","Salas","Tokyo","Japan","176-0000","Japanese","Undisclosed","","Single","0","2019-12-14","1970-06-26","Kenzie.Salas@hotmail.com","093-202-4252"
27925,"Reese","Yates","Stockholm","Sweden","6200","Swedish","Undisclosed","","Single","0","2020-10-18","1965-11-04","Reese.Yates@aol.com","287-898-2727"
3554,"Natalie","Bates","Krakow","Poland","31-5","Polish","Female","","Divorced/Seperated","5+","2019-07-24","1969-09-22","Natalie.Bates@aol.com","400-685-7015"
207829,"Tatum","Pugh","Cape Town","South Africa","8005","English","Female","","Divorced/Seperated","4","2019-08-20","1981-01-20","**~MASKED~**.**~MASKED~**@ymail.com","111-111-1111"
40766,"Leonel","Taylor","Krakow","Poland","31-5","Polish","Male","","Single","0","2020-01-05","1949-01-14","Leonel.Taylor@ymail.com","463-832-8447"
25182,"Chaya","Rollins","RIO DE JANEIRO","Brazil","22753-000","Portuguese","Undisclosed","","Single","0","2021-05-06","1947-01-04","Chaya.Rollins@ymail.com","280-205-2456"
865,"Aria","Perez","Rio de Janeiro","Brazil","22753-000","Portuguese","Male","","Married","2","2019-08-29","1953-05-10","Aria.Perez@ymail.com","260-758-1400"
133045,"Colton","Boyer","Paris","France","75019","French","Undisclosed","","Married","1","2021-01-29","2005-10-29","Colton.Boyer@gmail.com","422-299-6147"
50562,"Quinn","Johns","LONDON","United Kingdom","E1 7LY","English","Female","","Married","4","2021-12-10","1952-11-12","Quinn.Johns@ymail.com","627-217-2253"
7702,"Dario","Douglas","KRAKOW","Poland","31-5","Polish","Male","","Married","2","2019-08-17","1954-03-07","Dario.Douglas@ymail.com","149-401-8050"
176364,"Alena","Collins","London","United Kingdom","E1 8AR","English","Male","","Single","0","2020-05-19","1955-06-04","Alena.Collins@ymail.com","376-561-1721"
213038,"Alissa","Gibson","Cairo","Egypt","00000","Arabic","Female","","Single","0","2019-04-30","1957-02-05","**~MASKED~**.**~MASKED~**@netscape.net","111-111-1111"
23592,"Sloane","Pace","Cairo","Egypt","00000","Arabic","Female","","Undisclosed","Undisclosed","2020-05-01","1969-05-31","Sloane.Pace@aol.com","830-356-8766"
102890,"Gilbert","Bowman","London","United Kingdom","E1 7TJ","English","Female","","Divorced/Seperated","2","2019-06-09","1969-12-25","Gilbert.Bowman@aol.com","230-557-7656"
208716,"Madyson","Brady","Rio de Janeiro","Brazil","","Portuguese","Male","","Single","0","2019-07-16","1984-11-06","**~MASKED~**.**~MASKED~**@gmail.com","111-111-1111"
143101,"Peyton","Kirby","Tokyo  ","Japan","144-0000","Japanese","Female","","Divorced/Seperated","2","2020-01-11","1995-01-05","Peyton.Kirby@gmail.com","589-631-7641"
107225,"Lesly","Erickson","Tokyo","Japan","144-0000","Japanese","Male","","Undisclosed","Undisclosed","2020-05-13","1964-06-30","Lesly.Erickson@aol.com","141-140-2226"
185407,"Alannah","Odonnell","Warsaw","Poland","00-008","Polish","Male","","Married","0","2020-04-20","1999-04-03","Alannah.Odonnell@gmail.com","128-921-8694"
209739,"Aimee","Carpenter","Berlin","Germany","","German","Female","","Single","0","2019-02-26","1993-01-12","**~MASKED~**.**~MASKED~**@netscape.net","111-111-1111"
139457,"Giselle","Rivera","Tokyo","Japan","144-0000","Japanese","Female","","Single","0","2022-03-09","1993-02-16","Giselle.Rivera@gmail.com","370-794-8969"
209724,"Melvin","Dodson","Berlin","Germany","","German","Female","","Divorced/Seperated","0","2019-01-01","1977-06-07","**~MASKED~**.**~MASKED~**@gmail.com","111-111-1111"
101252,"Keaton","Mckee","Tokyo","Japan","144-0000","Japanese","Male","","Married","1","2019-10-08","1963-11-13","Keaton.Mckee@aol.com","428-112-1752"
192482,"Dangelo","Rodgers","SYDNEY","Australia","2129","English","Female","","Married","2","2019-06-07","1990-06-20","Dangelo.Rodgers@gmail.com","934-038-3080"
98739,"Marco","Kramer","Delhi","India","110074","Hindi","Male","","Single","0","2020-04-05","1992-12-25","Marco.Kramer@gmail.com","554-704-8304"
49474,"Lillianna","Bowers","London","United Kingdom","E1 7EU","English","Male","","Undisclosed","Undisclosed","2019-11-25","1940-11-16","Lillianna.Bowers@ymail.com","978-571-7776"
42829,"Mercedes","George","Denver","United States","80204","English","Undisclosed","","Married","0","2021-02-15","2006-01-14","Mercedes.George@gmail.com","227-334-6550"
137287,"Allyson","Landry","Delhi","India","110086","Hindi","Female","","Single","0","2020-08-08","1953-08-26","Allyson.Landry@ymail.com","175-573-2858"
15810,"Malakai","Simon","Hamburg","Germany","21129","German","Female","","Single","0","2021-10-19","1975-09-06","Malakai.Simon@hotmail.com","801-160-9773"
184996,"Finnegan","Kirby","Denver","United States","80209","English","Male","","Single","0","2019-08-21","1989-05-16","Finnegan.Kirby@gmail.com","331-845-2367"
216944,"Deangelo","Zavala","Hamburg","Germany","21129","German","Male","","Divorced/Seperated","0","2019-07-09","1967-04-11","**~MASKED~**.**~MASKED~**@usa.net","111-111-1111"
59135,"Jakob","Meyers","Madrid","Spain","28021","Spanish","Male","","Married","2","2019-09-11","1971-03-30","Jakob.Meyers@hotmail.com","343-842-7153"
162932,"Jacoby","Heath","Montreal","Canada","H2J 3E3","English","Male","","Divorced/Seperated","4","2022-02-16","1964-05-14","Jacoby.Heath@aol.com","839-771-8910"
16601,"Hassan","Hart","Toronto  ","Canada","M4C 1V6","English","Female","","Divorced/Seperated","2","2021-07-06","1997-02-08","Hassan.Hart@gmail.com","595-618-8508"
98027,"Tyrell","Pugh","Warsaw","Poland","00-041","Polish","Male","","Married","1","2019-11-25","1954-05-31","Tyrell.Pugh@ymail.com","784-202-0313"
163613,"Moses","Cortez","Nice","France","6206","French","Female","","Married","5+","2019-08-22","1985-08-25","Moses.Cortez@hotmail.com","866-886-9704"
159480,"Quintin","Vang","  Nice","France","6200","French","Male","","Divorced/Seperated","3","2021-12-03","1968-03-11","Quintin.Vang@aol.com","629-652-0703"
185665,"Regan","Alvarado","Seattle","United States","98185","English","Male","","Married","2","2021-08-02","1998-07-07","Regan.Alvarado@gmail.com","668-963-4242"
171485,"Amirah","Coffey","Boston","United States","2124","English","Male","","Married","2","2019-05-13","1974-08-20","Amirah.Coffey@hotmail.com","429-804-2261"
86673,"Harry","Price","Nice","France","6206","French","Female","","Divorced/Seperated","2","2020-02-16","1946-09-11","Harry.Price@ymail.com","165-236-7785"
52915,"Blaze","Wiley","Warsaw","Poland","00-090","Polish","Female","","Single","0","2020-10-07","1952-03-18","Blaze.Wiley@ymail.com","086-120-4065"
222378,"Julie","Wilkerson","Berlin","Germany","","German","Female","","Single","0","2019-05-07","1953-12-01","**~MASKED~**.**~MASKED~**@att.net","111-111-1111"
60487,"Valeria","Grimes","Manchester","United Kingdom","M1 1JB","English","Undisclosed","","Single","0","2019-11-07","1964-07-09","Valeria.Grimes@aol.com","050-761-7320"
91043,"Irene","Cummings","vancouver","Canada","V5K 0A1","English","Female","","Married","0","2020-02-12","1940-06-13","Irene.Cummings@ymail.com","724-693-1904"
90366,"Max","Castillo","Toronto","Canada","M4C 3C7","English","Male","","Married","4","2020-10-29","1964-08-15","Max.Castillo@aol.com","102-240-7003"
44579,"Ethen","Ward","Stockholm","Sweden","6100","Swedish","Male","","Single","0","2022-01-26","1953-11-07","Ethen.Ward@ymail.com","358-913-7194"
55782,"Emery","Myers","VANCOUVER","Canada","V5K 0A4","English","Male","","Married","2","2021-02-20","1955-09-25","Emery.Myers@ymail.com","170-375-7926"
38208,"Belen","Keller","Munich","Germany","80809","German","Female","","Single","0","2021-07-18","1944-02-21","Belen.Keller@ymail.com","504-779-2840"
25768,"Taylor","Arroyo","Stockholm","Sweden","6200","Swedish","Male","","Divorced/Seperated","2","2019-03-26","1949-11-21","Taylor.Arroyo@ymail.com","458-673-6259"
201478,"Jolie","Sheppard","Rio de Janeiro","Brazil","","Portuguese","Female","","Divorced/Seperated","0","2019-08-13","1975-04-22","**~MASKED~**.**~MASKED~**@gmail.com","111-111-1111"
10795,"Madalynn","Campbell","Montreal","Canada","H3M 1R6","English","Undisclosed","","Undisclosed","Undisclosed","2020-04-04","1953-08-13","Madalynn.Campbell@ymail.com","469-408-6892"
118933,"Stella","Mcdowell","San Mateo","United States","94497","English","Female","","Married","5+","2019-09-21","1999-02-01","Stella.Mcdowell@gmail.com","404-087-4347"
6163,"Davian","Sanchez","hamburg","Germany","21129","German","Undisclosed","","Married","2","2021-04-20","1972-09-24","Davian.Sanchez@hotmail.com","449-300-8366"
49711,"Helen","Hanna","New York City","United States","11220","English","Male","","Undisclosed","Undisclosed","2019-04-14","1975-05-12","Helen.Hanna@hotmail.com","213-207-8319"
122288,"Angie","Foley","Toronto","Canada","M4C 3B7","English","Male","","Single","0","2022-04-07","1991-05-17","Angie.Foley@gmail.com","432-957-6329"
60314,"Aleena","Padilla","Boston","United States","2125","English","Female","","Married","1","2020-11-23","1948-12-18","Aleena.Padilla@ymail.com","087-571-6333"
133097,"Matilda","Fry","Warsaw","Poland","00-075","Polish","Undisclosed","","Divorced/Seperated","2","2021-01-20","1952-08-13","Matilda.Fry@ymail.com","534-467-0573"
96091,"Finley","Montoya","Vancouver","Canada","V5K 2J8","English","Male","","Single","0","2021-12-13","1969-12-09","Finley.Montoya@aol.com","506-426-1513"
80124,"Davian","Gates","Boston","United States","2135","English","Male","","Married","1","2019-02-10","2000-05-06","Davian.Gates@gmail.com","544-226-8534"
121781,"Julian","Suarez","Denver  ","United States","80014","English","Female","","Single","0","2019-06-04","1955-04-19","Julian.Suarez@ymail.com","636-183-8293"
143046,"Taylor","Franco","Seattle","United States","98141","English","Undisclosed","","Married","2","2019-02-05","1992-06-09","Taylor.Franco@gmail.com","081-878-0643"
51935,"Ayanna","Lewis","New York City","United States","11373","English","Male","","Married","0","2019-08-24","1945-12-23","Ayanna.Lewis@ymail.com","534-441-6365"
91685,"Karlee","Duran","Vancouver","Canada","V5K 1N6","English","Female","","Divorced/Seperated","2","2021-01-15","1955-06-29","Karlee.Duran@ymail.com","531-266-6354"
121526,"Landin","Cantu","Toronto","Canada","M4C 3B7","English","Female","","Married","2","2021-03-23","1992-11-27","Landin.Cantu@gmail.com","508-231-0983"
7970,"Demetrius","Miles","Madrid","Spain","28021","Spanish","Female","","Undisclosed","Undisclosed","2021-11-18","1966-08-14","Demetrius.Miles@aol.com","047-517-7686"
62110,"Ramiro","Raymond","London","United Kingdom","E1 7BH","English","Female","","Single","0","2019-08-25","1980-12-10","Ramiro.Raymond@hotmail.com","141-504-9198"
39596,"Aspen","Pruitt","Stockholm","Sweden","6300","Swedish","Female","","Married","1","2021-01-30","1979-07-08","Aspen.Pruitt@hotmail.com","446-539-3655"
92761,"Taylor","Perez","Seattle  ","United States","98195","English","Undisclosed","","Married","1","2021-08-26","2004-04-16","Taylor.Perez@gmail.com","333-178-9236"
141367,"Melina","Moyer","London","United Kingdom","E1 7ED","English","Undisclosed","","Married","1","2021-11-05","1947-04-14","Melina.Moyer@ymail.com","488-734-0118"
195225,"Lilia","Roth","Delhi","India","110094","Hindi","Female","","Married","4","2021-03-08","1975-09-22","Lilia.Roth@hotmail.com","437-139-1753"
142517,"Demarcus","Colon","Denver","United States","80271","English","Male","","Undisclosed","Undisclosed","2021-02-08","1969-09-17","Demarcus.Colon@aol.com","171-011-1693"
140415,"Maximo","Pollard","Toronto","Canada","M4C 1V6","English","Female","","Single","0","2019-12-31","1982-06-20","Maximo.Pollard@hotmail.com","798-144-8660"
82566,"Rosemary","Mack","Montreal","Canada","H4E 1B5","English","Male","","Married","2","2020-08-05","1981-06-06","Rosemary.Mack@hotmail.com","899-351-8032"
120992,"Braxton","Flores","Tokyo","Japan","144-0000","Japanese","Female","","Married","5+","2021-07-19","1979-01-28","Braxton.Flores@hotmail.com","644-917-0657"
60898,"Breanna","Miles","Cairo","Egypt","00000","Arabic","Male","","Single","0","2020-03-02","1969-10-24","Breanna.Miles@aol.com","587-679-4907"
192075,"Robert","Davies","Toronto","Canada","M4C 3M7","English","Male","","Married","2","2019-03-17","1956-04-27","Robert.Davies@aol.com","889-474-2234"
88021,"Aden","Levy","London  ","United Kingdom","E1 7DG","English","Female","","Single","0","2020-01-09","1981-08-22","Aden.Levy@hotmail.com","500-753-6275"
220847,"Ronald","Morris","Rio de Janeiro","Brazil","","Portuguese","Undisclosed","","Single","0","2019-01-15","1956-07-03","**~MASKED~**.**~MASKED~**@netscape.net","111-111-1111"
197230,"Elle","Saunders","Warsaw","Poland","00-033","Polish","Male","","Married","3","2022-06-28","1963-01-13","Elle.Saunders@aol.com","836-886-3572"
30783,"Raegan","Oconnor","london","United Kingdom","E1 8AE","English","Male","","Married","2","2019-07-14","2004-03-07","Raegan.Oconnor@gmail.com","381-252-8341"
184017,"Aidyn","Keith","Warsaw","Poland","00-017","Polish","Male","","Undisclosed","Undisclosed","2020-10-26","1994-12-01","Aidyn.Keith@gmail.com","113-393-3570"
161702,"Laylah","Eaton","SEOUL","South Korea","100-013","Korean","Male","","Undisclosed","Undisclosed","2022-04-12","1992-11-16","Laylah.Eaton@gmail.com","387-324-4295"
50252,"Genevieve","Gallegos","Tokyo","Japan","105-0000","Japanese","Female","","Married","4","2020-05-03","1999-05-15","Genevieve.Gallegos@gmail.com","455-583-9392"
198909,"Gerald","Adkins","Paris","France","75019","French","Male","","Married","2","2020-09-16","1974-08-12","Gerald.Adkins@hotmail.com","381-056-5036"
20112,"Luz","Levine","New York City","United States","11211","English","Female","","Divorced/Seperated","2","2021-05-18","1941-09-18","Luz.Levine@ymail.com","203-120-1773"
135001,"Dwayne","Bailey","Toronto  ","Canada","M4C 1L8","English","Male","","Single","0","2020-06-28","1946-04-25","Dwayne.Bailey@ymail.com","568-937-0160"
67327,"Eli","Pratt","Vancouver","Canada","V5K 2S3","English","Female","","Undisclosed","Undisclosed","2021-10-23","1956-07-27","Eli.Pratt@aol.com","303-528-2777"
99091,"Tiara","Mcpherson","London","United Kingdom","E1 7JB","English","Female","","Divorced/Seperated","5+","2022-05-31","1975-02-15","Tiara.Mcpherson@hotmail.com","426-407-6320"
118595,"Kadyn","Hawkins","Seattle","United States","98115","English","Male","","Married","1","2022-01-23","1945-07-02","Kadyn.Hawkins@ymail.com","371-796-3176"
202346,"Jamarion","Ellis","Rio de Janeiro","Brazil","","Portuguese","Female","","Divorced/Seperated","0","2019-06-25","1955-11-01","**~MASKED~**.**~MASKED~**@att.net","111-111-1111"
143079,"Tess","Goodwin","Delhi","India","110094","Hindi","Male","","Married","3","2022-06-18","1955-09-03","Tess.Goodwin@ymail.com","189-850-2136"
174182,"Talia","Nash","NICE","France","6200","French","Male","","Single","0","2021-09-08","1973-12-28","Talia.Nash@hotmail.com","709-301-1834"
193514,"Sanai","Booth","London","United Kingdom","E1 7AD","English","Male","","Divorced/Seperated","1","2022-06-12","1943-02-01","Sanai.Booth@ymail.com","747-170-9865"
124607,"Tara","Bowers","New York City","United States","11220","English","Female","","Married","0","2021-07-11","1967-05-10","Tara.Bowers@aol.com","443-867-8914"
81908,"Davian","Herman","Montreal","Canada","H2P 1L1","English","Male","","Single","0","2022-01-19","1985-03-09","Davian.Herman@hotmail.com","646-069-4792"
55084,"Ernesto","Brandt","Cairo","Egypt","00000","Arabic","Female","","Single","0","2019-06-29","1942-05-22","Ernesto.Brandt@ymail.com","410-359-9920"
206860,"Yadira","Floyd","  Cairo","Egypt","00000","Arabic","Female","","Single","0","2019-05-28","1962-05-15","**~MASKED~**.**~MASKED~**@msn.com","111-111-1111"
76854,"Lyla","Lucas","Montreal","Canada","H1X 2K6","English","Male","","Married","1","2021-11-14","1952-05-18","Lyla.Lucas@ymail.com","306-311-2502"
187655,"Colten","Roman","Montreal","Canada","H3M 1R6","English","Female","","Divorced/Seperated","1","2022-03-15","1952-02-08","Colten.Roman@ymail.com","172-020-4609"
137125,"Kaiden","Garrett","San Mateo","United States","94497","English","Male","","Married","2","2020-08-02","1952-03-15","Kaiden.Garrett@ymail.com","305-764-6589"
20756,"Selina","Durham","San Mateo","United States","94402","English","Male","","Single","2","2019-07-06","1982-04-06","Selina.Durham@hotmail.com","419-961-2215"
105875,"Mikayla","Baker","New York City","United States","11373","English","Male","","Married","1","2020-02-09","1940-01-07","Mikayla.Baker@ymail.com","626-784-6729"
20557,"Averie","Pierce","Munich","Germany","80809","German","Female","","Married","2","2019-09-18","1955-04-11","Averie.Pierce@ymail.com","139-776-7578"
158100,"Thalia","Dominguez","  Montreal","Canada","H2J 3E3","English","Male","","Single","0","2020-07-15","1986-09-25","Thalia.Dominguez@hotmail.com","416-555-8617"
86837,"Izaiah","Barber","Delhi","India","110001","Hindi","Female","","Single","0","2022-01-02","1975-03-23","Izaiah.Barber@hotmail.com","264-300-3596"
133502,"Amina","Williams","DENVER","United States","80249","English","Female","","Married","0","2019-09-19","2000-04-07","Amina.Williams@gmail.com","392-611-4351"
153856,"Amelie","Hudson","Seattle","United States","98195","English","Male","","Married","4","2021-10-15","1952-04-19","Amelie.Hudson@ymail.com","255-318-6695"
207554,"Ibrahim","Beck","Cape Town","South Africa","8005","English","Female","","Single","2","2019-05-07","1979-01-09","**~MASKED~**.**~MASKED~**@gmail.com","111-111-1111"
1341,"Norah","Leach","Toronto  ","Canada","M4C 3J6","English","Female","","Married","2","2020-06-16","2001-10-25","Norah.Leach@gmail.com","738-498-5953"
208963,"Marlene","Carpenter","munich","Germany","80809","German","Female","","Single","0","2019-04-23","1981-07-14","**~MASKED~**.**~MASKED~**@ymail.com","111-111-1111"
172176,"Jay","Bradford","Montreal","Canada","H1L 1L4","English","Female","","Single","0","2020-04-08","2006-05-24","Jay.Bradford@gmail.com","261-420-4999"
52926,"Tobias","Booth","Rio de Janeiro","Brazil","22753-000","Portuguese","Male","","Single","0","2021-01-29","1968-07-22","Tobias.Booth@aol.com","276-942-8031"
64634,"Shamar","Daugherty","San Mateo","United States","94010","English","Male","","Married","2","2021-03-19","1949-09-20","Shamar.Daugherty@ymail.com","882-482-9280"
88904,"Rex","Rodgers","Sydney","Australia","2059","English","Female","","Married","4","2020-04-17","1966-03-09","Rex.Rodgers@aol.com","608-350-4763"
165333,"London","Valencia","Seattle","United States","98102","English","Female","","Divorced/Seperated","1","2020-04-12","1998-05-20","London.Valencia@gmail.com","259-169-2084"
74512,"Charlee","Dorsey","Toronto","Canada","M4C 1X6","English","Male","","Single","0","2020-01-07","2001-11-17","Charlee.Dorsey@gmail.com","261-861-4564"
178817,"Beatrice","Kim","Sydney","Australia","2000","English","Female","","Married","2","2021-08-29","1942-10-12","Beatrice.Kim@ymail.com","387-906-7705"
122207,"Lily","Navarro","Tokyo","Japan","205-0000","Japanese","Male","","Married","5+","2019-10-12","1989-10-16","Lily.Navarro@gmail.com","052-421-6796"
200460,"Ryan","Jackson","  Sao Paulo","Brazil","","Portuguese","Undisclosed","","Divorced/Seperated","2","2019-07-02","1988-08-23","**~MASKED~**.**~MASKED~**@hotmail.com","111-111-1111"
18690,"Bridger","Ryan","Cape Town","South Africa","8005","English","Male","","Undisclosed","Undisclosed","2020-08-10","1995-11-04","Bridger.Ryan@gmail.com","973-622-2405"
40258,"Helen","Walters","Barcelona","Spain","08013","English","Undisclosed","","Married","2","2020-03-23","1984-04-22","Helen.Walters@hotmail.com","335-162-5486"
153991,"Sierra","Castaneda","Seoul","South Korea","100-012","Korean","Male","","Married","2","2019-10-31","1966-07-01","Sierra.Castaneda@aol.com","537-033-2948"
99772,"Liam","Norton","Denver","United States","80228","English","Male","","Married","2","2020-09-18","1953-05-23","Liam.Norton@ymail.com","263-112-5423"
110560,"Emiliano","Mcbride","  Melbourne","Australia","3010","English","Female","","Married","1","2020-09-29","1952-08-03","Emiliano.Mcbride@ymail.com","691-152-0801"
194424,"Micah","Price","Manchester","United Kingdom","M1 1EG","English","Male","","Single","0","2019-02-27","1944-08-21","Micah.Price@ymail.com","748-692-6689"
4360,"Romeo","Fry","  Cairo","Egypt","00000","Arabic","Female","","Married","1","2019-08-08","1941-06-10","Romeo.Fry@ymail.com","541-672-7691"
65390,"Bailee","Giles","San Mateo","United States","94402","English","Undisclosed","","Married","2","2021-07-22","1981-07-23","Bailee.Giles@hotmail.com","464-830-8806"
15813,"Conrad","Hampton","Montreal","Canada","H3A 2H6","English","Male","","Single","0","2021-12-02","1955-12-10","Conrad.Hampton@ymail.com","309-302-4007"
1189,"Oswaldo","Haley","Krakow","Poland","31-5","Polish","Female","","Married","1","2021-06-26","1952-02-25","Oswaldo.Haley@ymail.com","578-938-6271"
54615,"Emanuel","Gregory","Munich","Germany","80809","German","Male","","Divorced/Seperated","5+","2019-06-19","1980-04-07","Emanuel.Gregory@hotmail.com","054-354-1342"
124793,"Maximus","Flowers","Toronto","Canada","M4C 0A2","English","Female","","Single","0","2019-03-25","1944-03-12","Maximus.Flowers@ymail.com","614-336-3055"
170791,"Adan","Cline","Boston","United States","2134","English","Female","","Single","0","2021-01-19","1942-06-13","Adan.Cline@ymail.com","093-973-5231"
160423,"Mariah","Hartman","delhi","India","110081","Hindi","Female","","Single","0","2019-06-10","1945-09-26","Mariah.Hartman@ymail.com","051-423-5239"
59557,"Lillie","Weaver","Manchester","United Kingdom","M1 2AP","English","Male","","Divorced/Seperated","3","2022-02-03","1993-04-11","Lillie.Weaver@gmail.com","747-669-9171"
157165,"Kiara","Calderon","Melbourne","Australia","3010","English","Female","","Single","0","2021-09-03","1943-12-24","Kiara.Calderon@ymail.com","406-276-2456"
24890,"Jaslyn","Rivas","Tokyo","Japan","100-0400","Japanese","Male","","Single","2","2019-03-24","1970-08-28","Jaslyn.Rivas@hotmail.com","239-882-5666"
8354,"Zavier","Bennett","Krakow","Poland","31-5","Polish","Undisclosed","","Married","2","2019-03-21","1961-05-14","Zavier.Bennett@aol.com","013-440-4021"
124837,"Colin","Ashley","Toronto","Canada","M3C 0J1","English","Male","","Married","2","2020-10-11","1955-12-16","Colin.Ashley@ymail.com","207-773-5903"
212965,"Luz","Stone","Cairo","Egypt","00000","Arabic","Male","","Single","0","2019-06-25","1946-07-30","**~MASKED~**.**~MASKED~**@att.net","111-111-1111"
219843,"Leonard","Guzman","cairo","Egypt","00000","Arabic","Female","","Married","1","2019-04-30","1975-11-04","**~MASKED~**.**~MASKED~**@gmail.com","111-111-1111"
86373,"Bryce","Terry","London","United Kingdom","E1 7AD","English","Male","","Married","2","2021-01-04","1996-12-03","Bryce.Terry@gmail.com","257-532-2035"
147062,"Pamela","Taylor","WARSAW","Poland","00-030","Polish","Male","","Single","0","2019-03-13","1943-04-13","Pamela.Taylor@ymail.com","667-476-3770"
153787,"Amari","Schroeder","Toronto","Canada","M4C 1L8","English","Female","","Single","0","2019-07-30","1990-08-06","Amari.Schroeder@gmail.com","487-290-1058"
213635,"Laura","Gibbs","Cairo","Egypt","00000","Arabic","Female","","Single","0","2019-07-23","1956-07-24","**~MASKED~**.**~MASKED~**@netscape.net","111-111-1111"
165873,"Kennedi","Coffey","London","United Kingdom","E1 7EF","English","Female","","Divorced/Seperated","2","2019-06-17","1948-01-11","Kennedi.Coffey@ymail.com","917-358-5713"
126176,"Cesar","Flynn","Tokyo","Japan","176-0000","Japanese","Female","","Divorced/Seperated","4","2022-06-22","1987-03-05","Cesar.Flynn@hotmail.com","492-746-3653"
137487,"Freddy","Dougherty","Tokyo","Japan","144-0000","Japanese","Female","","Married","0","2019-11-29","1981-10-14","Freddy.Dougherty@hotmail.com","902-997-6942"
92392,"Ally","Ferrell","Paris","France","75018","French","Female","","Single","0","2021-09-29","2004-07-23","Ally.Ferrell@gmail.com","486-037-6971"
159069,"Tanya","Simon","Mumbai","India","400092","Hindi","Undisclosed","","Single","0","2021-02-01","1968-07-16","Tanya.Simon@aol.com","288-801-8806"
55326,"Samara","Sims","London","United Kingdom","E1 7HT","English","Male","","Married","1","2021-02-14","1994-11-20","Samara.Sims@gmail.com","122-201-7992"
122868,"Eden","Andrews","Delhi","India","110094","Hindi","Male","","Single","0","2019-06-12","1969-09-16","Eden.Andrews@aol.com","217-156-4037"
167501,"Omar","Stevens","Seattle  ","United States","98109","English","Female","","Single","0","2021-09-05","1978-01-22","Omar.Stevens@hotmail.com","768-160-7521"
18337,"Jaidyn","Gallagher","Madrid","Spain","28021","Spanish","Female","","Single","0","2021-09-04","1942-06-28","Jaidyn.Gallagher@ymail.com","001-533-3416"
111449,"Harold","Watkins","Seattle","United States","98194","English","Female","","Married","2","2021-12-29","1943-08-11","Harold.Watkins@ymail.com","657-893-5105"
222263,"Bailey","Poole","berlin","Germany","","German","Female","","Divorced/Seperated","1","2019-07-30","1992-02-18","**~MASKED~**.**~MASKED~**@netscape.net","111-111-1111"
113178,"Angelina","Bowen","Delhi","India","110041","Hindi","Female","","Married","1","2021-12-24","1984-01-06","Angelina.Bowen@hotmail.com","650-985-0180"
52339,"Nathanael","Hurley","New York City","United States","11226","English","Female","","Married","4","2022-01-10","1968-08-25","Nathanael.Hurley@aol.com","632-542-0736"
104768,"Logan","Stein","London","United Kingdom","E1 7PZ","English","Female","","Single","0","2020-03-28","1986-12-16","Logan.Stein@hotmail.com","402-432-0852"
48782,"Boston","Hatfield","DENVER","United States","80227","English","Female","","Undisclosed","Undisclosed","2021-02-12","2001-10-19","Boston.Hatfield@gmail.com","564-528-3229"
129372,"Orlando","Gallagher","Boston","United States","2136","English","Male","","Single","0","2021-12-27","1991-04-27","Orlando.Gallagher@gmail.com","326-820-9822"
149545,"Lisa","Richard","Paris","France","75017","French","Male","","Married","1","2019-05-07","1972-11-27","Lisa.Richard@hotmail.com","097-137-6413"
214240,"Mareli","Bond","  Cape Town","South Africa","8005","English","Undisclosed","","Married","3","2019-02-26","1963-02-05","**~MASKED~**.**~MASKED~**@msn.com","111-111-1111"
22101,"Dominique","West","Munich  ","Germany","80809","German","Female","","Married","1","2020-01-19","1984-11-28","Dominique.West@hotmail.com","201-881-4322"
194081,"Alissa","Morgan","Boston  ","United States","2135","English","Undisclosed","","Undisclosed","Undisclosed","2021-04-02","1997-09-15","Alissa.Morgan@gmail.com","238-091-4470"
36373,"Nehemiah","Preston","New York City","United States","10456","English","Female","","Married","1","2019-03-25","1953-01-24","Nehemiah.Preston@ymail.com","736-718-6562"
221210,"Violet","Glenn","Rio de Janeiro","Brazil","","Portuguese","Male","","Undisclosed","Undisclosed","2019-08-13","1956-10-16","**~MASKED~**.**~MASKED~**@netscape.net","111-111-1111"
12410,"Orlando","Gross","Montreal","Canada","H4N 3E8","English","Male","","Married","0","2021-09-02","1981-12-14","Orlando.Gross@hotmail.com","465-196-4926"
215306,"Jocelynn","Hicks","Munich","Germany","80809","German","Undisclosed","","Married","3","2019-04-30","1984-08-21","**~MASKED~**.**~MASKED~**@gmail.com","111-111-1111"
108493,"Kellen","Duncan","Melbourne","Australia","3000","English","Male","","Divorced/Seperated","2","2022-05-12","1991-03-29","Kellen.Duncan@gmail.com","487-839-2262"
198738,"Pierre","Krueger","Toronto","Canada","M4C 3M7","English","Male","","Married","1","2020-09-20","1985-06-23","Pierre.Krueger@hotmail.com","436-646-7981"
143221,"Siena","Kaiser","Montreal  ","Canada","H3M 1R6","English","Female","","Single","0","2020-06-24","1992-02-11","Siena.Kaiser@gmail.com","445-894-7349"
133633,"Dexter","Todd","Boston","United States","2136","English","Male","","Married","3","2022-02-26","1987-02-09","Dexter.Todd@hotmail.com","176-131-7453"
165439,"Alonso","David","New York City","United States","11373","English","Female","","Single","0","2020-05-16","1974-11-23","Alonso.David@hotmail.com","818-916-2830"
47997,"Trevon","Dudley","Boston","United States","2135","English","Female","","Married","2","2020-07-09","1960-10-25","Trevon.Dudley@aol.com","017-783-0720"
180166,"Raegan","Solomon","Mumbai","India","400099","Hindi","Female","","Undisclosed","Undisclosed","2019-07-05","1946-09-10","Raegan.Solomon@ymail.com","398-523-0726"
45186,"Alijah","Reed","Manchester","United Kingdom","M1 1JN","English","Female","","Married","1","2020-03-28","1961-03-01","Alijah.Reed@aol.com","334-909-3940"
172631,"Andrew","Tucker","Vancouver","Canada","V5K 0A1","English","Male","","Single","0","2020-08-10","1954-02-01","Andrew.Tucker@ymail.com","140-463-3869"
102153,"Reyna","Morse","London","United Kingdom","E1 7AY","English","Male","","Single","2","2021-02-28","2002-09-14","Reyna.Morse@gmail.com","055-158-4894"
12969,"Turner","Sanders","London","United Kingdom","E1 7HF","English","Undisclosed","","Undisclosed","Undisclosed","2021-02-06","1977-10-14","Turner.Sanders@hotmail.com","606-456-7185"
144348,"Aniyah","Bennett","Montreal","Canada","H4V 1S9","English","Male","","Single","0","2021-02-13","1969-01-18","Aniyah.Bennett@aol.com","341-575-9744"
62541,"Giancarlo","Castro","Vancouver  ","Canada","V5K 0A1","English","Undisclosed","","Undisclosed","Undisclosed","2020-06-11","1996-12-19","Giancarlo.Castro@gmail.com","872-212-7606"
138114,"Kira","Diaz","San Mateo","United States","94403","English","Undisclosed","","Divorced/Seperated","2","2021-01-13","1977-07-09","Kira.Diaz@hotmail.com","117-150-1616"
127068,"Sergio","Villanueva","Montreal","Canada","H3A 2H6","English","Male","","Married","2","2022-04-10","1964-04-05","Sergio.Villanueva@aol.com","661-710-3971"
91627,"Armando","Obrien","San Mateo","United States","94403","English","Male","","Single","0","2020-10-11","1942-02-01","Armando.Obrien@ymail.com","447-568-2577"
189211,"Carl","Huffman","Seattle","United States","98109","English","Female","","Married","0","2020-03-09","1967-01-29","Carl.Huffman@aol.com","296-930-8976"
50348,"Isis","Berger","New York City","United States","11368","English","Male","","Single","0","2022-02-05","1982-04-10","Isis.Berger@hotmail.com","410-271-6375"
138609,"Jakobe","Greer","Mumbai","India","400054","Hindi","Female","","Single","0","2021-03-28","1956-09-30","Jakobe.Greer@aol.com","346-984-9744"
216180,"Virginia","Middleton","  Berlin","Germany","","German","Female","","Single","0","2019-02-12","1948-08-10","**~MASKED~**.**~MASKED~**@att.net","111-111-1111"
72727,"Anya","Raymond","Sydney","Australia","2055","English","Male","","Married","3","2019-07-16","1948-07-29","Anya.Raymond@ymail.com","589-870-7744"
91706,"Brogan","Stanley","Seattle","United States","98141","English","Male","","Married","0","2019-04-04","1961-02-17","Brogan.Stanley@aol.com","023-475-6060"
122142,"Caitlyn","Juarez","DENVER","United States","80249","English","Male","","Married","2","2020-04-25","1975-12-31","Caitlyn.Juarez@hotmail.com","749-339-4177"
113669,"Brynlee","Swanson","Manchester","United Kingdom","M1 1LX","English","Female","","Undisclosed","Undisclosed","2019-12-14","1991-10-03","Brynlee.Swanson@gmail.com","632-298-2330"
69078,"Arnav","Stout","Denver","United States","80019","English","Female","","Single","0","2021-01-26","1998-06-20","Arnav.Stout@gmail.com","073-680-4375"
19383,"Deandre","Dyer","sao paulo","Brazil","04849-000","Portuguese","Female","","Single","0","2021-11-04","1995-11-16","Deandre.Dyer@gmail.com","728-168-1618"
141289,"Kaiya","Berg","Manchester","United Kingdom","M1 2AX","English","Female","","Married","0","2019-02-25","1992-06-23","Kaiya.Berg@gmail.com","364-515-7531"
159006,"Branden","May","Manchester","United Kingdom","M1 1AQ","English","Female","","Married","4","2021-07-21","1958-09-22","Branden.May@aol.com","688-774-1781"
127675,"Kyler","Brown","Manchester","United Kingdom","M1 1PX","English","Female","","Undisclosed","Undisclosed","2021-07-20","2005-03-03","Kyler.Brown@gmail.com","540-999-4386"
13438,"Amaya","Moses","New York City","United States","10456","English","Male","","Married","3","2021-04-27","1959-10-17","Amaya.Moses@aol.com","013-566-7475"
132049,"Solomon","Tran","Seoul","South Korea","100-195","Korean","Female","","Undisclosed","Undisclosed","2019-12-17","1982-12-12","Solomon.Tran@hotmail.com","441-609-5966"
88750,"Brayan","Contreras","Mumbai","India","400008","Hindi","Male","","Single","0","2020-06-26","1959-11-16","Brayan.Contreras@aol.com","232-317-7190"
57276,"Ralph","Osborn","Manchester","United Kingdom","M1 1JR","English","Female","","Single","0","2021-05-04","1966-08-06","Ralph.Osborn@aol.com","121-977-2286"
61853,"Alan","Burns","New York City","United States","11207","English","Male","","Single","0","2019-07-20","1957-08-12","Alan.Burns@aol.com","064-125-9286"
127896,"Graham","Hull","Boston","United States","2125","English","Male","","Divorced/Seperated","0","2021-05-01","1966-04-01","Graham.Hull@aol.com","251-874-7161"
211248,"Nadia","Price","Stockholm","Sweden","","Swedish","Female","","Married","1","2019-02-19","1968-06-25","**~MASKED~**.**~MASKED~**@usa.net","111-111-1111"
168614,"Marcelo","Butler","Seattle","United States","98195","English","Male","","Married","2","2021-02-13","2004-09-06","Marcelo.Butler@gmail.com","591-927-0226"
174284,"Aldo","Davies","Nice","France","6200","French","Female","","Married","1","2019-01-24","1948-11-16","Aldo.Davies@ymail.com","112-139-6268"
148935,"Jadon","Pruitt","Seattle","United States","98117","English","Female","","Single","0","2019-03-17","2006-04-01","Jadon.Pruitt@gmail.com","403-699-1004"
97958,"Fernando","Johns","Tokyo","Japan","180-0000","Japanese","Male","","Single","0","2019-11-25","1948-03-11","Fernando.Johns@ymail.com","133-645-9468"
17660,"Josie","Stokes","  Hamburg","Germany","21129","German","Male","","Single","0","2020-02-24","1943-11-15","Josie.Stokes@ymail.com","412-326-2759"
43605,"Ashley","Sims","Stockholm","Sweden","6100","Swedish","Male","","Married","0","2020-07-11","1958-05-31","Ashley.Sims@aol.com","117-189-7774"
55803,"Annabel","Jacobs","london","United Kingdom","E1 7JH","English","Female","","Single","2","2021-01-07","1995-05-02","Annabel.Jacobs@gmail.com","335-609-8214"
47996,"Mckayla","Clayton","Tokyo","Japan","105-0000","Japanese","Male","","Single","1","2021-09-20","1983-12-08","Mckayla.Clayton@hotmail.com","514-685-8429"
21725,"Destiny","Cummings","Warsaw","Poland","00-034","Polish","Undisclosed","","Married","4","2022-02-08","1950-03-17","Destiny.Cummings@ymail.com","046-861-1011"
54815,"Allyson","Odom","Cairo","Egypt","00000","Arabic","Male","","Divorced/Seperated","3","2021-08-15","1969-10-08","Allyson.Odom@aol.com","716-471-8557"
127573,"Sage","Montgomery","Boston","United States","2136","English","Female","","Married","2","2022-04-11","1995-03-16","Sage.Montgomery@gmail.com","760-747-7032"
6601,"Denisse","Odom","Krakow  ","Poland","31-5","Polish","Male","","Single","0","2020-03-05","1989-11-18","Denisse.Odom@gmail.com","130-618-7484"
20901,"Amaya","Kelley","Sao Paulo  ","Brazil","04849-000","Portuguese","Male","","Married","3","2020-09-10","1979-05-01","Amaya.Kelley@hotmail.com","840-687-7949"
192400,"Alma","Wilcox","  New York City","United States","11385","English","Female","","Undisclosed","Undisclosed","2020-03-03","1975-01-08","Alma.Wilcox@hotmail.com","361-140-1217"
186791,"Monique","Boyle","Montreal","Canada","H4E 1B5","English","Male","","Single","0","2022-06-03","1959-01-27","Monique.Boyle@aol.com","555-131-8152"
213404,"Toby","Hensley","Cairo","Egypt","00000","Arabic","Female","","Divorced/Seperated","2","2019-04-23","1959-12-15","**~MASKED~**.**~MASKED~**@netscape.net","111-111-1111"
134462,"Thaddeus","Mora","PARIS","France","75017","French","Male","","Undisclosed","Undisclosed","2019-03-06","1991-06-20","Thaddeus.Mora@gmail.com","670-534-0583"
81138,"Zechariah","Guerra","London","United Kingdom","E1 7DR","English","Female","","Married","4","2022-04-27","1992-10-15","Zechariah.Guerra@gmail.com","459-487-4199"
74973,"Marianna","Curry","Melbourne","Australia","3205","English","Male","","Married","2","2020-07-27","1950-03-13","Marianna.Curry@ymail.com","202-005-7745"
87807,"Maurice","Cain","Toronto","Canada","M4C 1V8","English","Female","","Undisclosed","Undisclosed","2021-10-29","1985-10-05","Maurice.Cain@hotmail.com","585-373-9284"
176429,"Hamza","Raymond","Delhi","India","110062","Hindi","Undisclosed","","Married","2","2020-07-09","1986-06-17","Hamza.Raymond@hotmail.com","637-033-1307"
61666,"Kymani","Barber","Stockholm","Sweden","6200","Swedish","Female","","Married","0","2022-02-11","1975-02-14","Kymani.Barber@hotmail.com","057-376-5937"
106213,"Aubrey","Dodson","Mumbai","India","400012","Hindi","Female","","Undisclosed","Undisclosed","2021-04-11","1967-05-14","Aubrey.Dodson@aol.com","078-067-0845"
38702,"Esperanza","Love","TOKYO","Japan","105-0000","Japanese","Female","","Divorced/Seperated","1","2020-10-30","1945-07-20","Esperanza.Love@ymail.com","748-471-4813"
183834,"Lyla","Spencer","Seattle","United States","98185","English","Undisclosed","","Single","2","2019-06-11","1960-02-28","Lyla.Spencer@aol.com","677-306-1193"
215840,"Enzo","Cochran","  Berlin","Germany","","German","Undisclosed","","Single","2","2019-03-26","1979-07-24","**~MASKED~**.**~MASKED~**@gmail.com","111-111-1111"
106592,"Kennedy","Lynn","Delhi","India","110091","Hindi","Male","","Married","3","2019-11-01","1981-02-18","Kennedy.Lynn@hotmail.com","586-036-6013"
64217,"Janiyah","Hunt","Denver","United States","80266","English","Male","","Married","1","2019-01-26","1997-07-15","Janiyah.Hunt@gmail.com","949-946-4173"
146202,"Vivian","Glass","DENVER","United States","80019","English","Female","","Single","0","2021-08-13","2000-09-17","Vivian.Glass@gmail.com","681-628-5366"
158043,"Cali","Ball","new york city","United States","11208","English","Male","","Married","3","2021-12-04","1989-07-12","Cali.Ball@gmail.com","557-491-7407"
212663,"Donte","Zimmerman","barcelona","Spain","08013","Spanish","Male","","Married","2","2019-06-25","1950-08-29","**~MASKED~**.**~MASKED~**@att.net","111-111-1111"
42705,"Roselyn","Fischer","Boston","United States","2135","English","Female","","Single","0","2019-07-22","1981-11-20","Roselyn.Fischer@hotmail.com","163-506-7740"
141449,"Ezekiel","Archer","Mumbai","India","400099","Hindi","Female","","Single","0","2020-10-29","1943-11-06","Ezekiel.Archer@ymail.com","023-664-6951"
112334,"Savion","Houston","New York City","United States","11368","English","Female","","Married","3","2022-02-15","1995-09-06","Savion.Houston@gmail.com","099-405-5896"
53242,"Hudson","Simpson","DENVER","United States","80266","English","Male","","Single","0","2021-09-12","1956-05-12","Hudson.Simpson@aol.com","106-616-1492"
24830,"Braylon","Mckay","Munich","Germany","80809","German","Female","","Married","0","2019-02-28","1960-05-11","Braylon.Mckay@aol.com","766-412-3327"
51148,"Chaya","Wood","Manchester","United Kingdom","M1 1WD","English","Male","","Single","0","2020-12-22","1976-11-05","Chaya.Wood@hotmail.com","143-602-8571"
154768,"Lizbeth","Brady","Nice","France","6200","French","Female","","Single","0","2020-08-21","1959-07-27","Lizbeth.Brady@aol.com","363-782-6852"
168365,"Brent","Aguirre","Nice","France","6300","French","Male","","Single","0","2021-05-30","1959-01-20","Brent.Aguirre@aol.com","021-577-1988"
5615,"Juan","Berger","Cape Town","South Africa","8005","English","Female","","Single","0","2020-10-10","1981-12-29","Juan.Berger@hotmail.com","701-693-8158"
154191,"Mckinley","Drake","Nice","France","6300","French","Male","","Undisclosed","Undisclosed","2021-03-04","1986-12-03","Mckinley.Drake@hotmail.com","716-016-4696"
48825,"Micah","Mcmahon","Toronto","Canada","M4C 3C7","English","Undisclosed","","Married","1","2020-07-06","1980-11-25","Micah.Mcmahon@hotmail.com","870-143-0179"
139174,"Donald","Meyers","Sydney","Australia","2000","English","Male","","Single","0","2020-12-27","1983-10-26","Donald.Meyers@hotmail.com","766-920-4083"
18365,"Brynlee","Cordova","Madrid","Spain","28021","Spanish","Female","","Married","0","2019-12-30","1953-05-21","Brynlee.Cordova@ymail.com","174-357-3276"
215161,"Trent","Hancock","Munich  ","Germany","80809","German","Female","","Single","0","2019-01-29","1990-12-18","**~MASKED~**.**~MASKED~**@netscape.net","111-111-1111"
145174,"Selina","Vincent","Sydney","Australia","2059","English","Female","","Single","0","2019-03-05","1985-03-08","Selina.Vincent@hotmail.com","162-159-2570"
170240,"Kayleigh","Robles","  Nice","France","6200","French","Female","","Married","2","2019-04-04","1981-06-10","Kayleigh.Robles@hotmail.com","107-854-4741"
86897,"Collin","Hancock","London","United Kingdom","E1 7DS","English","Female","","Single","0","2021-07-06","1991-11-02","Collin.Hancock@gmail.com","458-122-3873"
154218,"Paityn","Romero","Sydney","Australia","2059","English","Female","","Married","1","2019-06-11","1951-02-18","Paityn.Romero@ymail.com","240-776-0903"
66350,"Karly","Knapp","Montreal","Canada","H1X 2K6","English","Male","","Married","4","2021-12-11","1976-09-08","Karly.Knapp@hotmail.com","064-578-5000"
42276,"Zoe","Hanna","Tokyo","Japan","176-0000","Japanese","Female","","Divorced/Seperated","1","2019-12-13","1999-10-10","Zoe.Hanna@gmail.com","843-833-6027"
28981,"Stella","Zhang","London  ","United Kingdom","E1 7JF","English","Undisclosed","","Single","0","2019-03-08","1992-11-09","Stella.Zhang@gmail.com","559-382-9988"
102352,"Averie","Carter","Denver","United States","80257","English","Female","","Married","0","2022-01-30","1981-05-19","Averie.Carter@hotmail.com","328-801-1211"
81416,"Regina","Green","Manchester","United Kingdom","M1 1DY","English","Male","","Divorced/Seperated","3","2019-08-08","1971-07-12","Regina.Green@hotmail.com","013-466-8500"
91983,"Israel","Peters","new york city","United States","11368","English","Male","","Married","1","2019-10-31","1942-12-25","Israel.Peters@ymail.com","447-796-3029"
44709,"Jayson","Robertson","Munich","Germany","80809","German","Female","","Single","0","2022-01-21","2005-04-04","Jayson.Robertson@gmail.com","477-880-9680"
154546,"Kamden","Combs","Sydney","Australia","2060","English","Female","","Married","4","2019-09-19","1968-03-11","Kamden.Combs@aol.com","448-238-1186"
139240,"Lilly","Dunn","  Delhi","India","110010","Hindi","Female","","Single","0","2020-05-11","1994-03-21","Lilly.Dunn@gmail.com","646-769-5440"
77150,"Jaiden","Bradford","Seoul","South Korea","100-210","Korean","Undisclosed","","Undisclosed","Undisclosed","2021-08-29","1954-01-26","Jaiden.Bradford@ymail.com","745-426-9336"
65437,"Kaylin","West","London","United Kingdom","E1 7HT","English","Female","","Single","0","2019-03-17","1974-01-08","Kaylin.West@hotmail.com","501-690-1383"
77019,"Yadiel","Watts","Seattle","United States","98141","English","Male","","Married","1","2022-01-18","1989-03-17","Yadiel.Watts@gmail.com","370-544-3966"
110306,"Ethen","Walter","Seattle","United States","98185","English","Female","","Single","0","2021-09-03","1974-03-17","Ethen.Walter@hotmail.com","534-282-4691"
142193,"Lorelai","Welch","Nice","France","6206","French","Male","","Married","3","2020-02-01","1984-06-08","Lorelai.Welch@hotmail.com","408-543-9580"
219896,"Wyatt","Waters","Cairo","Egypt","00000","Arabic","Undisclosed","","Married","0","2019-07-23","1970-06-09","**~MASKED~**.**~MASKED~**@aim.com","111-111-1111"
140890,"Claudia","Roberts","San Mateo","United States","94403","English","Undisclosed","","Divorced/Seperated","2","2019-06-30","1980-10-14","Claudia.Roberts@hotmail.com","326-735-5868"
22671,"Natalee","Bernard","Cairo","Egypt","00000","Arabic","Female","","Undisclosed","Undisclosed","2022-01-25","1976-01-25","Natalee.Bernard@hotmail.com","446-623-8828"
59881,"Noah","Proctor","Sydney  ","Australia","2060","English","Male","","Single","0","2019-06-26","1991-10-16","Noah.Proctor@gmail.com","337-964-5641"
100954,"Kyson","Rasmussen","Tokyo","Japan","114-0000","Japanese","Female","","Married","3","2019-04-11","1955-07-11","Kyson.Rasmussen@ymail.com","527-143-8647"
104087,"Julius","Sanders","Montreal","Canada","H4E 1B5","English","Undisclosed","","Married","4","2021-04-02","2000-04-08","Julius.Sanders@gmail.com","070-242-9603"
121119,"Giovanni","Moon","Paris","France","75009","French","Male","","Undisclosed","Undisclosed","2020-08-14","1992-12-13","Giovanni.Moon@gmail.com","492-300-9919"
26599,"Kash","Bridges","Rio de Janeiro","Brazil","22753-000","Portuguese","Female","","Single","0","2020-11-02","1952-05-24","Kash.Bridges@ymail.com","681-434-3122"
212371,"Raina","Mcfarland","Madrid","Spain","28021","Spanish","Male","","Single","0","2019-06-04","1964-02-25","**~MASKED~**.**~MASKED~**@msn.com","111-111-1111"
85552,"Ashton","Dillon","Melbourne","Australia","3207","English","Female","","Married","3","2020-07-07","1948-03-02","Ashton.Dillon@ymail.com","469-998-2243"
138759,"Anderson","Rios","London","United Kingdom","E1 7EG","English","Male","","Divorced/Seperated","4","2020-04-25","1960-06-28","Anderson.Rios@aol.com","372-558-6570"
195877,"Arjun","Sherman","London","United Kingdom","E1 7DA","English","Female","","Married","3","2022-05-09","1988-08-30","Arjun.Sherman@hotmail.com","361-254-0211"
29342,"Chaya","Brady","TOKYO","Japan","176-0000","Japanese","Female","","Divorced/Seperated","1","2019-09-05","1962-09-11","Chaya.Brady@aol.com","470-500-8120"
21782,"Luciana","Barker","LONDON","United Kingdom","E1 7BH","English","Male","","Married","1","2020-10-03","1974-09-28","Luciana.Barker@hotmail.com","758-197-8990"
188721,"Emma","Dickson","Delhi  ","India","110084","Hindi","Female","","Married","4","2019-04-14","1965-10-01","Emma.Dickson@aol.com","397-291-8660"
178539,"Skyla","Bowers","Delhi","India","110091","Hindi","Female","","Married","2","2020-10-17","1973-06-05","Skyla.Bowers@hotmail.com","395-620-9331"
97030,"Marcel","Frye","Denver","United States","80228","English","Female","","Single","0","2022-06-17","1962-10-10","Marcel.Frye@aol.com","405-723-8193"
77303,"Lyric","Mcdonald","new york city","United States","11226","English","Female","","Undisclosed","Undisclosed","2019-04-06","1984-05-06","Lyric.Mcdonald@hotmail.com","330-716-4751"
14553,"Finn","Le","Munich","Germany","80809","German","Undisclosed","","Divorced/Seperated","1","2020-08-29","1943-10-04","Finn.Le@ymail.com","192-915-6537"
58555,"Donovan","Woodward","New York City","United States","11236","English","Female","","Single","0","2020-12-15","1953-05-17","Donovan.Woodward@ymail.com","212-923-4424"
39122,"Baylee","Shelton","TOKYO","Japan","176-0000","Japanese","Undisclosed","","Married","2","2022-04-28","1941-11-15","Baylee.Shelton@ymail.com","003-338-2111"
100032,"Trey","Sutton","Denver","United States","80205","English","Male","","Married","1","2020-10-20","1995-07-25","Trey.Sutton@gmail.com","479-093-2431"
107177,"Lara","Robertson","Mumbai","India","400058","Hindi","Male","","Married","0","2021-07-04","1952-09-21","Lara.Robertson@ymail.com","722-099-3206"
4387,"Bailey","Henderson","Hamburg","Germany","21129","German","Female","","Married","5+","2021-04-07","1993-11-23","Bailey.Henderson@gmail.com","277-061-8019"
116822,"Gabriel","Klein","MELBOURNE","Australia","3000","English","Female","","Married","1","2021-02-05","2000-12-25","Gabriel.Klein@gmail.com","641-299-8177"
92894,"Guadalupe","Frederick","Seoul","South Korea","100-043","Korean","Female","","Married","4","2019-12-20","1987-06-05","Guadalupe.Frederick@hotmail.com","077-314-0475"
126190,"Maddison","Grant","Seoul","South Korea","100-210","Korean","Male","","Married","2","2021-10-24","2005-03-27","Maddison.Grant@gmail.com","326-257-4927"
80391,"Landyn","Zhang","Boston","United States","2108","English","Undisclosed","","Single","0","2020-08-03","1964-11-11","Landyn.Zhang@aol.com","406-770-0792"
8388,"Addisyn","Barajas","Barcelona","Spain","08013","English","Female","","Single","0","2019-05-19","1951-02-18","Addisyn.Barajas@ymail.com","186-626-3102"
11006,"Skye","Monroe","Montreal","Canada","H2J 3E3","English","Male","","Married","1","2021-04-21","1995-07-08","Skye.Monroe@gmail.com","974-090-5958"
32580,"Iliana","Bradley","  Boston","United States","2108","English","Male","","Divorced/Seperated","2","2020-12-09","1964-09-23","Iliana.Bradley@aol.com","208-870-5808"
40488,"Haley","Becker","Mumbai","India","400102","Hindi","Female","","Single","2","2019-06-18","1977-12-27","Haley.Becker@hotmail.com","173-658-0302"
81696,"Salma","Hale","Delhi","India","110086","Hindi","Female","","Single","0","2020-11-10","1980-08-04","Salma.Hale@hotmail.com","270-177-3216"
143340,"Emery","Petty","  Tokyo","Japan","176-0000","Japanese","Male","","Married","4","2019-05-29","1942-10-20","Emery.Petty@ymail.com","908-615-7787"
103979,"Karissa","Vang","Paris","France","75006","French","Female","","Single","0","2019-03-24","1947-06-21","Karissa.Vang@ymail.com","273-988-8769"
107320,"Michaela","Ward","  Boston","United States","2215","English","Male","","Single","0","2021-02-25","1992-02-04","Michaela.Ward@gmail.com","672-524-9272"
192147,"Liliana","Armstrong","Nice","France","6200","French","Female","","Married","1","2019-11-21","1999-05-14","Liliana.Armstrong@gmail.com","359-031-7153"
1273,"Eliza","Decker","Madrid","Spain","28021","Spanish","Male","","Single","0","2020-02-12","1986-08-23","Eliza.Decker@hotmail.com","920-884-2600"
93577,"Skyler","Singleton","Sydney","Australia","2000","English","Female","","Single","0","2022-01-16","1984-06-24","Skyler.Singleton@hotmail.com","329-893-4350"
104218,"Jonathan","Robles","Boston","United States","2128","English","Male","","Single","0","2022-02-02","1981-11-11","Jonathan.Robles@hotmail.com","847-855-4283"
57603,"Sawyer","Warren","madrid","Spain","28021","Spanish","Female","","Married","4","2020-01-12","1945-03-22","Sawyer.Warren@ymail.com","405-620-7299"
53485,"Jefferson","Lawson","New York City","United States","11226","English","Female","","Married","2","2020-02-08","2001-09-18","Jefferson.Lawson@gmail.com","819-537-8046"
8490,"Aron","Kane","Krakow","Poland","31-5","Polish","Male","","Single","0","2021-09-08","1999-08-27","Aron.Kane@gmail.com","568-647-9874"
132792,"Chanel","Landry","Vancouver","Canada","V5K 1N6","English","Female","","Single","0","2020-08-03","1970-03-07","Chanel.Landry@hotmail.com","567-739-0307"
139379,"Hallie","Meadows","Vancouver","Canada","V5K 1H9","English","Male","","Divorced/Seperated","2","2022-01-08","1969-11-06","Hallie.Meadows@aol.com","681-623-5610"
193392,"Adalynn","Castaneda","Warsaw","Poland","00-082","Polish","Female","","Married","1","2022-03-12","1979-08-22","Adalynn.Castaneda@hotmail.com","905-603-7402"
165418,"Marquis","Horton","Manchester","United Kingdom","M1 1HN","English","Female","","Married","4","2019-07-17","1990-10-19","Marquis.Horton@gmail.com","670-582-2909"
55698,"Brendan","Perry","Warsaw","Poland","00-070","Polish","Male","","Married","2","2019-07-15","1945-09-30","Brendan.Perry@ymail.com","537-222-9491"
131862,"Salvador","Beck","SEOUL","South Korea","100-012","Korean","Female","","Undisclosed","Undisclosed","2020-08-17","1987-09-14","Salvador.Beck@hotmail.com","537-733-6766"
163641,"Karson","Hendrix","Sydney  ","Australia","2020","English","Female","","Single","0","2021-11-10","2001-06-24","Karson.Hendrix@gmail.com","427-848-0298"
220745,"Travis","Mayer","Cape Town","South Africa","8005","English","Undisclosed","","Married","3","2019-02-19","1973-12-11","**~MASKED~**.**~MASKED~**@gmail.com","111-111-1111"
139641,"Talon","Walters","London  ","United Kingdom","E1 7EU","English","Male","","Undisclosed","Undisclosed","2020-09-28","1973-01-24","Talon.Walters@hotmail.com","829-011-9332"
150618,"Pamela","Blair","Warsaw","Poland","00-029","Polish","Female","","Married","2","2022-04-02","1946-08-27","Pamela.Blair@ymail.com","395-886-8809"
15237,"Reuben","Whitney","Cape Town","South Africa","8005","English","Male","","Single","0","2021-06-30","1990-08-25","Reuben.Whitney@gmail.com","355-940-4063"
30658,"Lily","Whitehead","Sao Paulo","Brazil","04849-000","Portuguese","Female","","Single","0","2021-06-08","1977-01-19","Lily.Whitehead@hotmail.com","690-917-8789"
90474,"Jenny","Mccarthy","Melbourne","Australia","3004","English","Male","","Undisclosed","Undisclosed","2021-03-08","1959-03-04","Jenny.Mccarthy@aol.com","676-002-1964"
31509,"Amara","Phelps","Mumbai","India","400005","Hindi","Male","","Single","0","2019-11-04","1968-04-07","Amara.Phelps@aol.com","095-563-2637"
163358,"Heath","Barr","New York City","United States","11373","English","Male","","Single","0","2021-10-23","1982-08-09","Heath.Barr@hotmail.com","404-058-2403"
91088,"Haiden","Leblanc","Manchester","United Kingdom","M1 1AU","English","Male","","Single","0","2019-07-07","1966-03-03","Haiden.Leblanc@aol.com","258-039-4275"
35900,"Alisha","Padilla","  Cape Town","South Africa","8005","English","Female","","Married","0","2020-09-22","1981-10-15","Alisha.Padilla@hotmail.com","318-307-0623"
132565,"Valentin","Brandt","Vancouver","Canada","V5K 1K7","English","Undisclosed","","Single","0","2021-08-28","1996-06-22","Valentin.Brandt@gmail.com","325-772-9210"
28721,"Chaya","Poole","Munich  ","Germany","80809","German","Male","","Single","0","2021-08-25","1976-12-19","Chaya.Poole@hotmail.com","743-732-6641"
36860,"Soren","Bender","  Boston","United States","2215","English","Undisclosed","","Divorced/Seperated","2","2020-06-02","1997-09-30","Soren.Bender@gmail.com","907-833-3745"
116919,"Trevin","Wagner","Vancouver","Canada","V5K 0A2","English","Male","","Single","0","2021-10-14","1983-07-14","Trevin.Wagner@hotmail.com","742-152-2127"
21776,"Jimena","Brock","Rio de Janeiro","Brazil","22753-000","Portuguese","Female","","Single","0","2019-10-14","1991-10-25","Jimena.Brock@gmail.com","708-999-7457"
118501,"Emmett","Maddox","Warsaw  ","Poland","00-057","Polish","Female","","Married","4","2019-06-08","1955-11-15","Emmett.Maddox@ymail.com","471-982-4331"
148692,"Noemi","Rice","Manchester","United Kingdom","M1 1HL","English","Male","","Divorced/Seperated","3","2020-06-16","1961-04-18","Noemi.Rice@aol.com","896-552-4634"
204231,"Arthur","Flowers","Hamburg","Germany","21129","German","Female","","Divorced/Seperated","0","2019-03-26","1964-01-28","**~MASKED~**.**~MASKED~**@msn.com","111-111-1111"
100596,"Natalee","Velasquez","Melbourne","Australia","3000","English","Male","","Married","4","2021-10-30","1950-06-28","Natalee.Velasquez@ymail.com","309-444-4591"
104305,"Chaz","Clayton","Denver","United States","80209","English","Female","","Single","0","2019-04-15","1987-03-08","Chaz.Clayton@hotmail.com","048-160-7051"
138866,"Andre","Good","Melbourne","Australia","3052","English","Male","","Undisclosed","Undisclosed","2022-03-09","1999-02-15","Andre.Good@gmail.com","064-257-5449"
72115,"Felipe","Thompson","Melbourne","Australia","3002","English","Female","","Single","0","2021-12-23","1946-05-18","Felipe.Thompson@ymail.com","295-545-7752"
133911,"Van","English","Vancouver","Canada","V5K 1H9","English","Male","","Single","0","2022-02-18","1947-07-16","Van.English@ymail.com","723-883-6088"
135312,"Gilberto","Wall","Montreal","Canada","H2J 3E3","English","Female","","Married","5+","2019-08-10","1986-07-20","Gilberto.Wall@hotmail.com","615-555-0507"
71768,"Itzel","Oconnor","Montreal","Canada","H4E 1B5","English","Male","","Married","2","2019-07-30","2004-12-10","Itzel.Oconnor@gmail.com","763-541-3135"
97961,"Jairo","Bell","Boston  ","United States","2215","English","Male","","Single","0","2020-06-19","1952-06-28","Jairo.Bell@ymail.com","667-163-7232"
127829,"Anton","Byrd","Nice","France","6300","French","Male","","Single","0","2022-05-22","1995-02-07","Anton.Byrd@gmail.com","298-286-3329"
135199,"Jessie","Snyder","Warsaw","Poland","00-057","Polish","Female","","Undisclosed","Undisclosed","2022-01-14","1982-10-18","Jessie.Snyder@hotmail.com","513-437-7109"
215843,"Alexzander","Rivers","berlin","Germany","","German","Female","","Single","0","2019-03-05","1991-04-23","**~MASKED~**.**~MASKED~**@netscape.net","111-111-1111"
167089,"Franco","Francis","San Mateo","United States","94010","English","Female","","Single","0","2020-03-06","2000-04-18","Franco.Francis@gmail.com","379-367-7554"
214643,"Bronson","Haas","rio de janeiro","Brazil","","Portuguese","Female","","Married","3","2019-03-05","1953-08-18","**~MASKED~**.**~MASKED~**@att.net","111-111-1111"
44124,"Adrianna","Mullins","London","United Kingdom","E1 7LP","English","Male","","Married","0","2021-11-13","1964-11-17","Adrianna.Mullins@aol.com","748-165-7812"
3868,"Ashlynn","Phelps","Sao Paulo","Brazil","04849-000","Portuguese","Male","","Single","0","2019-04-11","1948-10-08","Ashlynn.Phelps@ymail.com","495-659-8147"
51387,"Aimee","Guzman","Madrid","Spain","28021","Spanish","Female","","Divorced/Seperated","1","2021-03-28","1945-09-15","Aimee.Guzman@ymail.com","451-663-6797"
3887,"Nora","Khan","Hamburg","Germany","21129","German","Male","","Married","0","2019-12-20","1983-01-03","Nora.Khan@hotmail.com","803-917-0821"
220370,"Chaya","Jensen","Cape Town","South Africa","8005","English","Male","","Undisclosed","Undisclosed","2019-07-30","1985-06-04","**~MASKED~**.**~MASKED~**@gmail.com","111-111-1111"
82744,"Adrian","Horne","Mumbai","India","400002","Hindi","Male","","Single","2","2020-09-09","1956-08-21","Adrian.Horne@aol.com","674-914-4783"
104011,"Tamara","Downs","Paris","France","75008","French","Female","","Married","0","2021-04-14","1981-03-05","Tamara.Downs@hotmail.com","440-701-7553"
184442,"Celeste","Ware","SYDNEY","Australia","2060","English","Undisclosed","","Married","4","2019-03-05","1948-10-01","Celeste.Ware@ymail.com","008-528-3209"
158768,"Ryleigh","Hudson","Denver","United States","80205","English","Male","","Married","2","2020-10-01","2004-07-12","Ryleigh.Hudson@gmail.com","667-678-6283"
122359,"Jane","Dunn","Nice","France","6100","French","Female","","Married","2","2019-02-20","2002-07-11","Jane.Dunn@gmail.com","146-278-6307"
98000,"Sandra","Harris","  Manchester","United Kingdom","M1 1SF","English","Male","","Married","2","2019-09-30","1956-02-24","Sandra.Harris@aol.com","123-451-9852"
75023,"Zander","Donovan","delhi","India","110074","Hindi","Female","","Married","2","2021-10-12","1976-08-06","Zander.Donovan@hotmail.com","496-396-3431"
96579,"Amelia","Flores","London","United Kingdom","E1 6AN","English","Male","","Divorced/Seperated","2","2019-07-28","1970-07-05","Amelia.Flores@hotmail.com","553-429-2724"
74043,"Reece","Hoover","manchester","United Kingdom","M1 1HN","English","Male","","Undisclosed","Undisclosed","2019-10-29","1995-06-22","Reece.Hoover@gmail.com","608-041-3574"
153808,"Darion","Walter","Nice","France","6200","French","Female","","Married","0","2021-02-23","1976-02-04","Darion.Walter@hotmail.com","731-221-1661"
49961,"Darian","Fuentes","Cairo  ","Egypt","00000","Arabic","Female","","Married","1","2021-06-22","1962-02-08","Darian.Fuentes@aol.com","288-586-9466"
16868,"Tyshawn","Morales","Rio de Janeiro","Brazil","22753-000","Portuguese","Female","","Married","0","2020-12-29","2003-12-10","Tyshawn.Morales@gmail.com","145-565-8410"
10312,"Jude","Mosley","Munich","Germany","80809","German","Male","","Married","1","2021-06-27","1981-05-07","Jude.Mosley@hotmail.com","479-660-7636"
153863,"Arnav","Norton","toronto","Canada","M4C 3C7","English","Female","","Single","0","2019-03-01","1979-10-01","Arnav.Norton@hotmail.com","834-682-6027"
175679,"Lyric","Bright","Nice","France","6200","French","Female","","Married","0","2019-07-10","1961-02-07","Lyric.Bright@aol.com","013-582-6889"
81522,"Kasey","Lewis","WARSAW","Poland","00-062","Polish","Female","","Divorced/Seperated","1","2020-10-20","1973-06-14","Kasey.Lewis@hotmail.com","800-305-2264"
58283,"Rory","Lucas","stockholm","Sweden","6206","Swedish","Female","","Married","0","2020-11-15","1964-07-20","Rory.Lucas@aol.com","317-339-9939"
178257,"Adelaide","Mclaughlin","Delhi","India","110010","Hindi","Male","","Single","0","2020-09-24","1990-03-17","Adelaide.Mclaughlin@gmail.com","063-738-3562"
132912,"Humberto","Larsen","Seoul","South Korea","100-060","Korean","Male","","Married","4","2022-06-18","1979-03-06","Humberto.Larsen@hotmail.com","752-256-5003"
117683,"Landin","Mcpherson","london","United Kingdom","E1 7AA","English","Male","","Undisclosed","Undisclosed","2021-05-17","1995-11-28","Landin.Mcpherson@gmail.com","250-264-8514"
36888,"Alyssa","Fisher","Montreal","Canada","H2E 1T9","English","Male","","Married","2","2022-02-18","1982-10-04","Alyssa.Fisher@hotmail.com","394-893-4766"
140203,"Jaida","Price","melbourne","Australia","3205","English","Male","","Single","0","2020-12-24","1957-07-21","Jaida.Price@aol.com","677-669-4566"
209004,"Stanley","Giles","Munich","Germany","80809","German","Female","","Married","1","2019-03-05","1985-04-16","**~MASKED~**.**~MASKED~**@gmail.com","111-111-1111"
188927,"Toby","Good","Melbourne","Australia","3052","English","Male","","Divorced/Seperated","1","2020-11-23","1948-02-02","Toby.Good@ymail.com","102-723-6734"
47596,"Whitney","Mcfarland","Stockholm","Sweden","6300","Swedish","Female","","Married","3","2020-09-11","1996-04-26","Whitney.Mcfarland@gmail.com","469-306-9722"
109233,"Chasity","Rowe","Boston","United States","2215","English","Male","","Undisclosed","Undisclosed","2020-11-10","2003-05-13","Chasity.Rowe@gmail.com","260-913-7309"
152438,"Mya","Cervantes","Vancouver","Canada","V5K 2H9","English","Male","","Single","0","2019-08-08","1997-05-12","Mya.Cervantes@gmail.com","660-277-7208"
24348,"Sheldon","Spears","Sao Paulo","Brazil","04849-000","Portuguese","Undisclosed","","Divorced/Seperated","3","2021-11-01","1996-07-03","Sheldon.Spears@gmail.com","597-696-9677"
134977,"Skylar","Wise","Vancouver","Canada","V5K 2J8","English","Female","","Single","0","2021-06-30","1985-09-03","Skylar.Wise@hotmail.com","402-866-5640"
59118,"Teagan","Sweeney","Sao Paulo","Brazil","04849-000","Portuguese","Female","","Married","4","2019-02-19","1952-12-21","Teagan.Sweeney@ymail.com","286-709-9138"
108881,"Paul","Mullen","Warsaw  ","Poland","00-017","Polish","Male","","Single","0","2019-06-21","2006-06-13","Paul.Mullen@gmail.com","414-940-5523"
129489,"Cristopher","Henson","Warsaw","Poland","00-020","Polish","Male","","Single","0","2020-12-04","1998-02-11","Cristopher.Henson@gmail.com","398-164-0534"
208979,"Andres","Stevens","Munich","Germany","80809","German","Female","","Divorced/Seperated","5+","2019-06-18","1975-05-20","**~MASKED~**.**~MASKED~**@gmail.com","111-111-1111"
38637,"Mackenzie","Archer","Boston","United States","2124","English","Male","","Single","0","2020-09-09","1950-11-24","Mackenzie.Archer@ymail.com","987-502-2143"
103080,"Libby","Humphrey","  Manchester","United Kingdom","M1 1DW","English","Undisclosed","","Divorced/Seperated","3","2020-07-23","1985-07-30","Libby.Humphrey@hotmail.com","118-843-6689"
70530,"Finley","Sampson","Nice","France","6206","French","Male","","Married","2","2020-11-07","1972-11-03","Finley.Sampson@hotmail.com","102-610-7257"
141064,"Koen","Nixon","Nice","France","6300","French","Undisclosed","","Single","0","2020-06-13","1983-01-02","Koen.Nixon@hotmail.com","990-370-0610"
83258,"Evelyn","Ayers","Warsaw","Poland","00-067","Polish","Male","","Married","2","2022-02-05","2000-10-03","Evelyn.Ayers@gmail.com","056-600-1129"
205634,"Craig","Donovan","Madrid","Spain","28021","Spanish","Female","","Married","3","2019-09-03","1952-09-23","**~MASKED~**.**~MASKED~**@att.net","111-111-1111"
162778,"Emery","Gardner","Delhi","India","110044","Hindi","Female","","Married","4","2022-03-24","1990-10-09","Emery.Gardner@gmail.com","265-382-4416"
47385,"Davis","Vang","Munich","Germany","80809","German","Female","","Married","1","2020-06-09","1979-02-24","Davis.Vang@hotmail.com","350-519-2289"
92506,"Heaven","Mills","Vancouver","Canada","V5K 0A3","English","Female","","Single","0","2019-07-04","1964-03-21","Heaven.Mills@aol.com","169-429-8895"
62446,"Josie","Davies","Vancouver","Canada","V5K 2H9","English","Female","","Single","0","2022-05-19","1947-11-26","Josie.Davies@ymail.com","322-157-1018"
77925,"Nathalie","Dyer","Vancouver","Canada","V5K 2J8","English","Male","","Single","2","2019-07-17","1986-11-26","Nathalie.Dyer@hotmail.com","926-709-6518"
100949,"America","Franco","Warsaw","Poland","00-078","Polish","Undisclosed","","Undisclosed","Undisclosed","2019-07-08","1944-08-03","America.Franco@ymail.com","380-145-3097"
78682,"Damian","Mcneil","MUMBAI","India","400033","Hindi","Male","","Single","1","2020-05-04","1985-03-16","Damian.Mcneil@hotmail.com","307-352-4974"
90175,"Judah","Lopez","Tokyo","Japan","182-0000","Japanese","Female","","Married","2","2019-08-10","1995-05-10","Judah.Lopez@gmail.com","905-761-1376"
127575,"Kaya","Allison","Montreal","Canada","H2E 1T9","English","Female","","Single","0","2019-06-30","1990-07-07","Kaya.Allison@gmail.com","442-953-9209"
219917,"Nevaeh","Fox","Cairo","Egypt","00000","Arabic","Undisclosed","","Married","3","2019-02-05","1983-10-25","**~MASKED~**.**~MASKED~**@donotdisturb.com","111-111-1111"
153629,"Cassius","Mahoney","Mumbai","India","400010","Hindi","Female","","Single","2","2019-10-31","1970-08-11","Cassius.Mahoney@hotmail.com","095-145-6112"
89105,"Will","Snow","Mumbai","India","400019","Hindi","Male","","Divorced/Seperated","2","2020-01-02","2005-10-31","Will.Snow@gmail.com","165-232-6577"
45241,"Makenzie","Woods","Mumbai  ","India","400006","Hindi","Male","","Single","0","2019-08-30","1960-04-07","Makenzie.Woods@aol.com","058-222-4328"
78546,"Georgia","Oliver","Melbourne","Australia","3002","English","Female","","Single","0","2021-01-05","1974-07-28","Georgia.Oliver@hotmail.com","114-221-3799"
211410,"Martin","Woodward","Stockholm","Sweden","","Swedish","Undisclosed","","Single","0","2019-03-19","1947-03-25","**~MASKED~**.**~MASKED~**@att.net","111-111-1111"
6728,"Tyson","Hahn","Krakow","Poland","31-5","Polish","Female","","Married","0","2020-06-20","1986-01-13","Tyson.Hahn@hotmail.com","212-876-3541"
168653,"Ignacio","Walton","Warsaw","Poland","00-017","Polish","Female","","Married","4","2022-05-08","1997-02-28","Ignacio.Walton@gmail.com","599-263-7259"
162441,"Anthony","Bush","Manchester  ","United Kingdom","M1 1RN","English","Female","","Divorced/Seperated","3","2020-07-01","2004-08-02","Anthony.Bush@gmail.com","067-413-4298"
211852,"Jesus","Wheeler","Stockholm","Sweden","","Swedish","Male","","Divorced/Seperated","2","2019-07-09","1982-09-07","**~MASKED~**.**~MASKED~**@donotdisturb.com","111-111-1111"
5636,"Jessie","Rasmussen","Madrid","Spain","28021","Spanish","Female","","Single","0","2019-08-02","1981-07-05","Jessie.Rasmussen@hotmail.com","439-177-7850"
142486,"Frederick","Jarvis","Paris","France","75004","French","Male","","Single","0","2022-05-11","1952-04-03","Frederick.Jarvis@ymail.com","427-042-4175"
69805,"Cierra","Roach","Sao Paulo","Brazil","04849-000","Portuguese","Female","","Married","2","2020-04-08","1989-03-30","Cierra.Roach@gmail.com","285-766-5815"
78948,"Paityn","Rocha","Vancouver","Canada","V5K 1H9","English","Male","","Married","1","2021-11-20","1955-10-07","Paityn.Rocha@ymail.com","735-557-8254"
87524,"Efrain","Daniels","San Mateo","United States","94402","English","Male","","Married","1","2022-02-19","1990-02-07","Efrain.Daniels@gmail.com","749-495-7713"
154378,"Tristian","Malone","Toronto","Canada","M4C 3B7","English","Female","","Married","4","2020-01-01","1948-03-30","Tristian.Malone@ymail.com","304-256-6584"
195958,"Precious","Jarvis","Paris","France","75013","French","Male","","Single","0","2020-08-28","1966-11-25","Precious.Jarvis@aol.com","606-789-7621"
114655,"Cassie","Baxter","Montreal","Canada","H2E 1T9","English","Undisclosed","","Single","0","2019-04-01","1963-09-08","Cassie.Baxter@aol.com","022-977-7746"
75190,"Reese","Miranda","Melbourne","Australia","8002","English","Undisclosed","","Married","1","2020-05-24","1975-07-24","Reese.Miranda@hotmail.com","339-458-2457"
12177,"Sebastian","Patrick","Toronto","Canada","M4C 1V8","English","Male","","Single","0","2019-02-10","1980-04-23","Sebastian.Patrick@hotmail.com","252-617-3492"
131425,"Dalton","Blankenship","Vancouver","Canada","V5K 0A3","English","Female","","Married","4","2019-11-09","1987-05-17","Dalton.Blankenship@hotmail.com","357-372-7944"
132835,"Brynn","Bryan","Warsaw","Poland","00-017","Polish","Male","","Single","0","2022-03-19","1986-04-22","Brynn.Bryan@hotmail.com","664-813-8804"
125212,"Makhi","Harris","Manchester","United Kingdom","M1 1EW","English","Undisclosed","","Single","0","2021-09-06","1978-09-25","Makhi.Harris@hotmail.com","499-056-0658"
25606,"Kingston","Andrade","Rio de Janeiro","Brazil","22753-000","Portuguese","Undisclosed","","Married","0","2022-05-31","1944-02-12","Kingston.Andrade@ymail.com","437-110-9318"
46110,"Kaleigh","Stewart","Cairo","Egypt","00000","Arabic","Female","","Married","0","2022-02-16","1996-01-23","Kaleigh.Stewart@gmail.com","528-751-7261"
186636,"Zoe","Avery","San Mateo","United States","94497","English","Male","","Single","0","2021-05-08","1974-04-02","Zoe.Avery@hotmail.com","750-953-7809"
51940,"Emery","Hodge","  Montreal","Canada","H4N 3E8","English","Female","","Married","2","2021-05-18","1968-12-09","Emery.Hodge@aol.com","159-381-2637"
188312,"Maria","Morgan","Melbourne","Australia","3003","English","Male","","Married","0","2022-01-24","1979-07-29","Maria.Morgan@hotmail.com","088-316-8731"
85787,"Jayvon","Brock","Boston","United States","2124","English","Male","","Married","4","2020-05-05","1987-04-11","Jayvon.Brock@hotmail.com","655-969-0429"
4196,"Keyon","Juarez","Krakow","Poland","31-5","Polish","Female","","Single","0","2020-07-11","1973-03-11","Keyon.Juarez@hotmail.com","560-253-5717"
202559,"Karen","Ball","Munich","Germany","80809","German","Female","","Married","4","2019-07-02","1966-03-08","**~MASKED~**.**~MASKED~**@yahoo.com","111-111-1111"
156338,"Cody","Schaefer","Montreal","Canada","H2J 3E3","English","Male","","Married","1","2021-06-24","1974-01-05","Cody.Schaefer@hotmail.com","951-582-7565"
201326,"Eve","Blanchard","Rio de Janeiro","Brazil","","Portuguese","Male","","Married","1","2019-05-14","1948-07-27","**~MASKED~**.**~MASKED~**@att.net","111-111-1111"
58124,"Desiree","Hooper","Munich","Germany","80809","German","Undisclosed","","Single","2","2020-06-02","1965-02-14","Desiree.Hooper@aol.com","344-770-7136"
145984,"Kristopher","Fuentes","Toronto","Canada","M4C 1E7","English","Undisclosed","","Married","1","2021-06-22","2003-04-01","Kristopher.Fuentes@gmail.com","778-960-4142"
56266,"Grayson","Martin","Manchester","United Kingdom","M1 1EW","English","Male","","Married","5+","2019-01-22","2000-01-12","Grayson.Martin@gmail.com","072-269-8717"
198509,"Tristan","Kent","New York City","United States","11211","English","Female","","Single","2","2022-01-03","1947-10-20","Tristan.Kent@ymail.com","106-598-5060"
192712,"Ace","Andersen","Seoul","South Korea","100-060","Korean","Female","","Single","0","2019-04-12","1961-09-18","Ace.Andersen@aol.com","328-092-4884"
43800,"Paityn","Petty","  Stockholm","Sweden","6300","Swedish","Female","","Married","2","2021-10-09","1959-01-29","Paityn.Petty@aol.com","994-737-7264"
174120,"Shania","Clements","  Seattle","United States","98141","English","Male","","Divorced/Seperated","1","2021-02-28","1958-04-21","Shania.Clements@aol.com","346-561-4410"
26737,"Lesly","Henderson","Madrid","Spain","28021","Spanish","Male","","Undisclosed","Undisclosed","2020-08-05","1980-06-02","Lesly.Henderson@hotmail.com","557-679-9449"
116104,"Braelyn","Terrell","Paris","France","75003","French","Female","","Single","2","2022-02-16","1999-03-01","Braelyn.Terrell@gmail.com","401-333-7445"
81349,"Max","Savage","Delhi","India","110094","Hindi","Male","","Married","2","2019-06-18","1951-04-01","Max.Savage@ymail.com","632-432-6411"
43008,"Sydnee","Cooley","Denver","United States","80209","English","Male","","Single","2","2021-02-04","1988-05-12","Sydnee.Cooley@hotmail.com","734-583-6548"
183395,"Kayley","Jensen","Sydney","Australia","2059","English","Female","","Undisclosed","Undisclosed","2019-06-26","1991-04-21","Kayley.Jensen@gmail.com","805-422-0068"
144465,"Braxton","Melendez","Boston","United States","2128","English","Female","","Divorced/Seperated","4","2021-09-18","1947-03-21","Braxton.Melendez@ymail.com","825-352-9974"
54300,"Sierra","Stanley","  Boston","United States","2124","English","Female","","Single","0","2021-04-21","1959-03-30","Sierra.Stanley@aol.com","791-099-2382"
114096,"Lee","Kirk","Seattle","United States","98101","English","Female","","Divorced/Seperated","2","2019-08-03","1982-04-07","Lee.Kirk@hotmail.com","485-913-4593"
161440,"Jace","Booker","  Nice","France","600","French","Female","","Divorced/Seperated","4","2021-05-15","1989-07-09","Jace.Booker@gmail.com","486-065-0872"
109309,"Caylee","Pittman","Warsaw","Poland","00-072","Polish","Male","","Undisclosed","Undisclosed","2021-02-09","1981-01-12","Caylee.Pittman@hotmail.com","257-651-3630"
202187,"Jaxson","Lynch","Rio de Janeiro","Brazil","","Portuguese","Male","","Married","3","2019-08-27","1947-05-20","**~MASKED~**.**~MASKED~**@att.net","111-111-1111"
44736,"Gretchen","Rojas","Manchester","United Kingdom","M1 1JJ","English","Female","","Single","0","2021-10-11","1987-01-02","Gretchen.Rojas@hotmail.com","728-185-9788"
67687,"Mylie","Oneal","Tokyo","Japan","180-0000","Japanese","Female","","Married","0","2021-12-13","1965-07-27","Mylie.Oneal@aol.com","468-269-4891"
126292,"Emerson","Potter","San Mateo","United States","94403","English","Female","","Divorced/Seperated","2","2020-08-26","1943-02-20","Emerson.Potter@ymail.com","919-625-7696"
91976,"Marc","Sweeney","Seoul","South Korea","100-013","Korean","Undisclosed","","Married","2","2020-05-26","1984-05-30","Marc.Sweeney@hotmail.com","082-701-6944"
18018,"Tony","French","Hamburg","Germany","21129","German","Undisclosed","","Single","0","2022-04-03","1952-05-11","Tony.French@ymail.com","956-440-4268"
167381,"Juliet","Cunningham","Warsaw  ","Poland","00-084","Polish","Male","","Single","0","2019-03-27","1952-09-19","Juliet.Cunningham@ymail.com","843-704-6783"
137370,"Kayden","Gardner","Mumbai","India","400068","Hindi","Female","","Single","0","2019-09-12","1951-02-04","Kayden.Gardner@ymail.com","098-142-2628"
135249,"Presley","Rosales","Delhi","India","110001","Hindi","Male","","Married","4","2019-05-06","1966-08-05","Presley.Rosales@aol.com","393-350-2248"
214993,"Frederick","Evans","Rio de Janeiro","Brazil","","Portuguese","Undisclosed","","Single","0","2019-06-18","1959-06-16","**~MASKED~**.**~MASKED~**@netscape.net","111-111-1111"
196051,"Miles","Henson","Delhi","India","110042","Hindi","Female","","Single","0","2020-07-23","1951-08-04","Miles.Henson@ymail.com","403-855-5124"
103793,"Clara","Coffey","Seoul","South Korea","100-052","Korean","Female","","Married","0","2021-06-22","1995-01-22","Clara.Coffey@gmail.com","438-350-0829"
125478,"Denise","Allison","London","United Kingdom","E1 7AW","English","Male","","Single","0","2022-02-26","1961-05-22","Denise.Allison@aol.com","054-143-9086"
166692,"Keshawn","Jensen","Warsaw","Poland","00-007","Polish","Male","","Single","0","2021-03-14","1970-12-29","Keshawn.Jensen@hotmail.com","158-988-9612"
83691,"Xavier","Zhang","Tokyo","Japan","176-0000","Japanese","Male","","Married","2","2022-01-29","1948-07-14","Xavier.Zhang@ymail.com","780-240-4676"
71064,"Aiden","Townsend","Paris","France","75013","French","Female","","Single","0","2019-12-27","1987-02-11","Aiden.Townsend@hotmail.com","398-732-9496"
128908,"Aubrey","Daniel","San Mateo","United States","94402","English","Female","","Single","0","2019-09-23","1958-10-09","Aubrey.Daniel@aol.com","799-947-8145"
117322,"Magdalena","Pugh","SYDNEY","Australia","2006","English","Female","","Single","0","2019-11-18","2000-12-22","Magdalena.Pugh@gmail.com","450-940-6271"
77475,"Sofia","Ritter","Tokyo","Japan","114-0000","Japanese","Female","","Married","2","2020-01-13","1998-02-24","Sofia.Ritter@gmail.com","091-002-5356"
178181,"Amiyah","Mcmahon","Vancouver  ","Canada","V5K 1K7","English","Male","","Married","2","2020-06-25","1958-06-17","Amiyah.Mcmahon@aol.com","707-689-4968"
8221,"Kathy","Petty","Toronto  ","Canada","M3C 0C1","English","Undisclosed","","Married","0","2021-09-20","1988-03-09","Kathy.Petty@hotmail.com","495-241-7879"
51849,"Marlie","Webster","New York City","United States","11208","English","Male","","Single","0","2021-08-05","1978-04-11","Marlie.Webster@hotmail.com","594-858-8797"
215479,"Jordin","Burch","Munich","Germany","80809","German","Female","","Married","1","2019-08-27","1954-06-08","**~MASKED~**.**~MASKED~**@att.net","111-111-1111"
164092,"Rylee","Macias","Denver","United States","80218","English","Female","","Married","2","2019-05-22","2004-05-02","Rylee.Macias@gmail.com","352-818-1505"
71575,"Tate","Little","Seoul","South Korea","100-051","Korean","Female","","Married","0","2022-01-03","1985-02-04","Tate.Little@hotmail.com","067-005-6550"
169932,"Gerald","Zamora","Manchester","United Kingdom","M1 1BA","English","Female","","Married","4","2019-09-02","1996-08-18","Gerald.Zamora@gmail.com","583-988-4895"
25171,"Yaritza","Murphy","Mumbai","India","400067","Hindi","Male","","Single","0","2022-02-11","1989-09-02","Yaritza.Murphy@gmail.com","095-295-4719"
166671,"Mike","Cooper","Warsaw","Poland","00-014","Polish","Male","","Married","1","2019-03-16","1979-02-24","Mike.Cooper@hotmail.com","070-169-1669"
37705,"Elaina","Francis","Tokyo","Japan","176-0000","Japanese","Undisclosed","","Divorced/Seperated","1","2020-06-21","1952-12-02","Elaina.Francis@ymail.com","550-093-3393"
111411,"Reese","French","Toronto","Canada","M4C 3C7","English","Undisclosed","","Married","4","2021-02-13","1995-07-08","Reese.French@gmail.com","306-155-0877"
213455,"Markus","Robinson","Cairo","Egypt","00000","Arabic","Male","","Married","1","2019-05-21","1955-03-15","**~MASKED~**.**~MASKED~**@att.net","111-111-1111"
108984,"Ishaan","Brennan","Delhi","India","110032","Hindi","Male","","Married","0","2022-01-22","1945-06-14","Ishaan.Brennan@ymail.com","959-526-1326"
165607,"Cesar","Walters","Delhi","India","110041","Hindi","Male","","Married","2","2022-01-19","2003-01-14","Cesar.Walters@gmail.com","904-642-3139"
88587,"Aurora","Hutchinson","Tokyo","Japan","205-0000","Japanese","Female","","Undisclosed","Undisclosed","2021-06-02","1967-06-15","Aurora.Hutchinson@aol.com","515-628-1336"
57464,"Korbin","Terrell","Seoul","South Korea","100-014","Korean","Male","","Married","4","2019-11-20","1994-05-31","Korbin.Terrell@gmail.com","308-528-1525"
175878,"Todd","Flowers","Melbourne","Australia","5006","English","Female","","Divorced/Seperated","2","2020-08-15","2002-06-09","Todd.Flowers@gmail.com","603-414-6094"
196657,"Kaiden","Jordan","Melbourne","Australia","5006","English","Female","","Single","0","2021-02-22","1989-08-04","Kaiden.Jordan@gmail.com","824-290-9288"
191396,"Shane","Hammond","New York City","United States","10467","English","Female","","Married","4","2021-04-21","1950-04-05","Shane.Hammond@ymail.com","556-751-9485"
162726,"Aubrey","Benjamin","London","United Kingdom","E1 7JE","English","Female","","Single","0","2019-12-09","1969-10-09","Aubrey.Benjamin@aol.com","034-587-6328"
99750,"Brent","Ritter","Warsaw","Poland","00-051","Polish","Female","","Single","0","2020-09-19","1943-04-06","Brent.Ritter@ymail.com","428-602-2721"
161256,"Albert","Sheppard","Seattle","United States","98141","English","Female","","Married","4","2021-01-09","1992-06-22","Albert.Sheppard@gmail.com","450-231-1196"
64287,"Landyn","Olsen","Boston","United States","2108","English","Male","","Married","2","2021-08-07","2006-03-29","Landyn.Olsen@gmail.com","753-346-7235"
78283,"Kymani","Walters","new york city","United States","11373","English","Female","","Married","1","2020-04-29","1944-03-30","Kymani.Walters@ymail.com","532-536-6537"
212936,"Nathaniel","Nelson","Cairo","Egypt","00000","Arabic","Male","","Married","0","2019-05-14","1954-04-13","**~MASKED~**.**~MASKED~**@att.net","111-111-1111"
192097,"Shirley","Rodriguez","London","United Kingdom","E1 7BT","English","Female","","Married","0","2019-02-06","1983-12-21","Shirley.Rodriguez@hotmail.com","543-965-5185"
222172,"Cullen","Peters","Berlin","Germany","","German","Female","","Single","0","2019-04-30","1988-04-26","**~MASKED~**.**~MASKED~**@hotmail.com","111-111-1111"
65999,"Madyson","Morgan","Sao Paulo","Brazil","04849-000","Portuguese","Female","","Single","0","2019-04-28","1994-07-29","Madyson.Morgan@gmail.com","045-342-4546"
95185,"Laura","Cantu","Boston","United States","2151","English","Female","","Married","1","2019-04-16","1957-06-28","Laura.Cantu@aol.com","274-991-6712"
34638,"Marely","Scott","London","United Kingdom","E1 8AQ","English","Male","","Married","2","2021-09-30","1972-07-20","Marely.Scott@hotmail.com","702-308-3711"
46024,"Kendall","Hunter","Boston","United States","2136","English","Female","","Single","0","2019-03-05","2000-05-05","Kendall.Hunter@gmail.com","527-525-9581"
214122,"Sonny","Hardy","CAPE TOWN","South Africa","8005","English","Female","","Married","2","2019-06-04","1949-02-01","**~MASKED~**.**~MASKED~**@att.net","111-111-1111"
34078,"Mackenzie","Chase","Sao Paulo","Brazil","04849-000","Portuguese","Female","","Single","0","2021-09-08","1943-04-18","Mackenzie.Chase@ymail.com","755-245-2254"
89600,"Zachery","Harper","  Denver","United States","80204","English","Male","","Married","3","2022-03-27","1978-09-28","Zachery.Harper@hotmail.com","443-309-0549"
34933,"Gillian","Mathews","Montreal","Canada","H1X 2K6","English","Male","","Divorced/Seperated","1","2019-05-24","1977-12-17","Gillian.Mathews@hotmail.com","056-370-9265"
170407,"Alivia","Logan","London","United Kingdom","E1 8AR","English","Male","","Undisclosed","Undisclosed","2019-01-23","1963-02-28","Alivia.Logan@aol.com","324-820-4622"
186561,"Gauge","Barnes","Warsaw  ","Poland","00-050","Polish","Male","","Undisclosed","Undisclosed","2022-05-14","1996-08-15","Gauge.Barnes@gmail.com","748-317-3962"
161388,"Eduardo","Kelley","Manchester","United Kingdom","M1 1FR","English","Male","","Married","0","2020-08-02","1980-08-24","Eduardo.Kelley@hotmail.com","704-631-8754"
111502,"Rubi","Solis","SEATTLE","United States","98109","English","Male","","Married","0","2021-03-16","2004-04-10","Rubi.Solis@gmail.com","008-060-6765"
59558,"Peter","Ortiz","Manchester","United Kingdom","M1 1DD","English","Male","","Divorced/Seperated","4","2020-09-17","1989-06-15","Peter.Ortiz@gmail.com","907-122-1178"
154868,"Tianna","Owen","Seattle","United States","98103","English","Female","","Single","0","2021-01-23","1983-10-23","Tianna.Owen@hotmail.com","521-126-3937"
219976,"Paige","Mcguire","Cairo","Egypt","00000","Arabic","Female","","Divorced/Seperated","5+","2019-06-18","1949-08-16","**~MASKED~**.**~MASKED~**@att.net","111-111-1111"
113732,"Chance","Gilmore","Seoul","South Korea","100-012","Korean","Male","","Divorced/Seperated","2","2022-06-16","1965-02-12","Chance.Gilmore@aol.com","496-465-0850"
189139,"Sean","Arnold","New York City","United States","11208","English","Male","","Single","0","2019-06-28","1978-06-21","Sean.Arnold@hotmail.com","240-997-2013"
37538,"Kayla","Morse","Munich","Germany","80809","German","Female","","Married","2","2019-11-10","1979-10-06","Kayla.Morse@hotmail.com","560-510-6114"
83415,"Maleah","Marks","Mumbai","India","400005","Hindi","Female","","Single","0","2019-02-09","2001-05-12","Maleah.Marks@gmail.com","233-780-8162"
15322,"Giana","Hoover","TOKYO","Japan","180-0000","Japanese","Female","","Undisclosed","Undisclosed","2020-02-29","1978-01-31","Giana.Hoover@hotmail.com","684-814-1114"
103606,"Halle","Hancock","Tokyo","Japan","100-0400","Japanese","Male","","Married","2","2022-06-25","1950-03-02","Halle.Hancock@ymail.com","758-140-6105"
9567,"Colt","Dickson","Sao Paulo","Brazil","04849-000","Portuguese","Female","","Single","0","2020-12-03","1973-02-14","Colt.Dickson@hotmail.com","256-309-0079"
108044,"Cristal","Pope","London","United Kingdom","E1 7EA","English","Female","","Married","2","2021-04-19","1973-07-30","Cristal.Pope@hotmail.com","506-241-0960"
149634,"David","Blackburn","Warsaw","Poland","00-007","Polish","Male","","Single","0","2020-09-13","1991-02-23","David.Blackburn@gmail.com","048-986-3528"
77396,"Edgar","Singleton","Toronto","Canada","M4C 0A2","English","Male","","Married","4","2022-01-24","1965-06-29","Edgar.Singleton@aol.com","512-833-2517"
211336,"Immanuel","Hines","Stockholm","Sweden","","Swedish","Female","","Divorced/Seperated","0","2019-03-19","1953-11-24","**~MASKED~**.**~MASKED~**@att.net","111-111-1111"
173909,"Cristian","Carrillo","Toronto","Canada","M3C 0J1","English","Female","","Married","2","2020-01-03","1960-06-29","Cristian.Carrillo@aol.com","261-057-9602"
23778,"Maritza","Lowery","London","United Kingdom","E1 7DS","English","Female","","Single","0","2019-09-16","2001-09-06","Maritza.Lowery@gmail.com","157-666-0505"
133755,"Zoey","Whitney","Delhi","India","110093","Hindi","Male","","Divorced/Seperated","5+","2019-12-30","1965-08-03","Zoey.Whitney@aol.com","631-365-1970"
37722,"Eugene","Mcbride","SAO PAULO","Brazil","04849-000","Portuguese","Male","","Married","4","2021-07-23","1971-08-18","Eugene.Mcbride@hotmail.com","515-964-5446"
160666,"Camila","Cooke","Warsaw","Poland","00-038","Polish","Male","","Married","2","2019-01-04","1958-11-09","Camila.Cooke@aol.com","335-185-9065"
145548,"Tabitha","Rich","Tokyo","Japan","144-0000","Japanese","Male","","Single","0","2021-01-07","1952-07-25","Tabitha.Rich@ymail.com","578-891-1998"
140164,"Lizeth","Dunn","Seoul","South Korea","100-043","Korean","Undisclosed","","Divorced/Seperated","4","2020-06-10","1974-05-31","Lizeth.Dunn@hotmail.com","565-688-5770"
161260,"Alison","Huber","  Melbourne","Australia","3010","English","Female","","Single","0","2021-01-11","1981-09-09","Alison.Huber@hotmail.com","657-248-5808"
221546,"Daisy","Jarvis","Munich","Germany","80809","German","Female","","Single","0","2019-06-11","1966-11-22","**~MASKED~**.**~MASKED~**@usa.net","111-111-1111"
142936,"Pierce","Moss","Mumbai","India","400007","Hindi","Female","","Single","1","2020-05-21","1962-09-05","Pierce.Moss@aol.com","016-420-8842"
126730,"Audrina","Donaldson","Delhi","India","110062","Hindi","Female","","Married","2","2019-01-02","1965-01-12","Audrina.Donaldson@aol.com","084-255-4347"
49166,"Cody","Chaney","Tokyo","Japan","182-0000","Japanese","Male","","Single","0","2021-06-23","1999-05-20","Cody.Chaney@gmail.com","648-676-1145"
68116,"Bryanna","Larson","Paris","France","75017","French","Female","","Married","3","2020-07-29","1968-07-30","Bryanna.Larson@aol.com","020-959-0390"
46842,"Leia","Caldwell","TOKYO","Japan","144-0000","Japanese","Female","","Single","0","2019-11-22","1963-09-04","Leia.Caldwell@aol.com","957-539-1098"
217258,"Paloma","Griffith","Hamburg","Germany","21129","German","Male","","Married","2","2019-07-30","1980-02-19","**~MASKED~**.**~MASKED~**@ymail.com","111-111-1111"
220158,"Hudson","Gilmore","Cape Town","South Africa","8005","English","Male","","Single","0","2019-03-19","1988-08-16","**~MASKED~**.**~MASKED~**@hotmail.com","111-111-1111"
83555,"Glenn","Powers","London","United Kingdom","E1 7DJ","English","Female","","Married","3","2020-02-14","1988-09-23","Glenn.Powers@hotmail.com","329-806-8940"
61833,"Micaela","Erickson","London","United Kingdom","E1 7AY","English","Female","","Divorced/Seperated","0","2020-11-08","1983-12-14","Micaela.Erickson@hotmail.com","395-679-3112"
106008,"Laila","Avery","Seattle","United States","98195","English","Female","","Married","5+","2019-12-21","1955-03-18","Laila.Avery@ymail.com","461-730-8839"
193385,"Alessandra","Schwartz","London","United Kingdom","E1 7DB","English","Male","","Single","0","2019-01-31","1988-12-31","Alessandra.Schwartz@hotmail.com","846-247-8736"
146698,"Kierra","Schmidt","New York City","United States","11368","English","Male","","Divorced/Seperated","3","2021-03-28","1981-08-13","Kierra.Schmidt@hotmail.com","236-886-4897"
112480,"Kylan","Keller","  Melbourne","Australia","3207","English","Female","","Married","2","2020-04-06","1955-02-09","Kylan.Keller@ymail.com","276-688-7879"
185588,"Jewel","Hays","Seattle","United States","98195","English","Male","","Undisclosed","Undisclosed","2022-04-18","1941-01-31","Jewel.Hays@ymail.com","663-995-9613"
124776,"Wade","Booth","Montreal","Canada","H4E 1B5","English","Female","","Married","1","2022-05-25","1993-11-16","Wade.Booth@gmail.com","048-943-9484"
1747,"Griffin","Morrow","Munich","Germany","80809","German","Undisclosed","","Divorced/Seperated","4","2019-05-09","1981-05-03","Griffin.Morrow@hotmail.com","655-260-0032"
51462,"Tyrese","Mays","MONTREAL","Canada","H1X 2K6","English","Male","","Single","0","2019-10-12","2001-12-21","Tyrese.Mays@gmail.com","100-321-8187"
120304,"Dax","Mclean","Denver","United States","80227","English","Female","","Married","1","2019-09-20","1980-04-09","Dax.Mclean@hotmail.com","303-517-8579"
173921,"Jovanny","Clayton","Montreal  ","Canada","H4N 3E8","English","Male","","Married","1","2022-01-31","1954-01-13","Jovanny.Clayton@ymail.com","601-415-0718"
200235,"Megan","Coffey","Sao Paulo","Brazil","","Portuguese","Male","","Divorced/Seperated","0","2019-02-12","1964-09-29","**~MASKED~**.**~MASKED~**@yahoo.com","111-111-1111"
158274,"Kira","Ali","Montreal","Canada","H4N 3E8","English","Female","","Married","0","2021-08-29","1991-04-15","Kira.Ali@gmail.com","232-297-5916"
117251,"Cecilia","Khan","Seoul","South Korea","100-210","Korean","Undisclosed","","Undisclosed","Undisclosed","2021-01-07","1992-09-04","Cecilia.Khan@gmail.com","110-706-9194"
176004,"Georgia","Drake","Boston","United States","2135","English","Male","","Single","0","2020-01-01","1999-01-03","Georgia.Drake@gmail.com","446-078-2346"
95337,"Quentin","Combs","Mumbai","India","400051","Hindi","Male","","Single","0","2020-08-25","1982-12-02","Quentin.Combs@hotmail.com","797-981-5273"
40686,"Campbell","Frank","Toronto","Canada","M4C 1E7","English","Female","","Single","0","2022-06-14","1989-10-17","Campbell.Frank@gmail.com","482-206-7100"
4172,"Shelby","Lester","Madrid","Spain","28021","Spanish","Female","","Married","1","2019-01-18","1964-07-09","Shelby.Lester@aol.com","146-367-4621"
90961,"Tatum","Mata","Seattle  ","United States","98194","English","Female","","Undisclosed","Undisclosed","2020-07-03","1954-07-06","Tatum.Mata@ymail.com","433-609-2275"
28687,"Ashley","Marks","Boston","United States","2124","English","Female","","Single","0","2022-03-30","1992-08-04","Ashley.Marks@gmail.com","337-064-4339"
194242,"Gia","Park","TORONTO","Canada","M4C 3M7","English","Female","","Single","0","2019-08-16","1966-01-21","Gia.Park@aol.com","907-839-2995"
66130,"Ayana","Acosta","Mumbai","India","400017","Hindi","Female","","Married","2","2019-05-13","1951-04-16","Ayana.Acosta@ymail.com","193-030-0328"
169046,"Penelope","Mullins","Manchester","United Kingdom","M1 1LZ","English","Male","","Divorced/Seperated","4","2019-12-20","1979-01-01","Penelope.Mullins@hotmail.com","265-792-7528"
8541,"Ben","Carey","Cairo  ","Egypt","00000","Arabic","Female","","Single","0","2020-08-06","1978-03-31","Ben.Carey@hotmail.com","579-452-8783"
29476,"Kennedi","Mckenzie","Denver","United States","80257","English","Male","","Married","4","2020-07-06","1978-09-02","Kennedi.Mckenzie@hotmail.com","718-620-1711"
58545,"Macie","Sanchez","Boston","United States","2151","English","Female","","Married","0","2021-08-27","1954-03-14","Macie.Sanchez@ymail.com","708-509-9036"
207517,"Joslyn","Townsend","Cape Town","South Africa","8005","English","Male","","Single","0","2019-08-20","1971-02-16","**~MASKED~**.**~MASKED~**@gmail.com","111-111-1111"
204663,"America","Santiago","hamburg","Germany","21129","German","Female","","Single","0","2019-04-30","1971-05-11","**~MASKED~**.**~MASKED~**@gmail.com","111-111-1111"
49581,"Payten","Haas","San Mateo  ","United States","94010","English","Male","","Undisclosed","Undisclosed","2020-07-26","1987-05-20","Payten.Haas@hotmail.com","127-245-4090"
120159,"Hezekiah","Warner","Delhi","India","110093","Hindi","Undisclosed","","Married","1","2019-06-18","1997-07-19","Hezekiah.Warner@gmail.com","563-325-3262"
215846,"Lawrence","Mills","Berlin","Germany","","German","Female","","Divorced/Seperated","5+","2019-04-09","1974-04-23","**~MASKED~**.**~MASKED~**@gmail.com","111-111-1111"
154834,"Gracie","Mcmillan","Warsaw","Poland","00-019","Polish","Undisclosed","","Single","0","2021-02-28","1994-06-02","Gracie.Mcmillan@gmail.com","085-960-9950"
149494,"Adrian","Dillon","Warsaw","Poland","00-012","Polish","Male","","Undisclosed","Undisclosed","2021-12-05","1963-10-21","Adrian.Dillon@aol.com","156-518-0551"
48607,"Maximilian","Smith","Munich","Germany","80809","German","Female","","Married","2","2020-03-28","1969-06-01","Maximilian.Smith@aol.com","639-119-6501"
83577,"Cristal","Armstrong","Vancouver","Canada","V5K 1N6","English","Female","","Married","5+","2019-09-28","1941-04-24","Cristal.Armstrong@ymail.com","592-756-8042"
51634,"Titus","Cobb","Munich","Germany","80809","German","Female","","Married","0","2022-04-07","1996-03-06","Titus.Cobb@gmail.com","472-081-1979"
76817,"Esther","Cooley","Manchester","United Kingdom","M1 1PW","English","Male","","Married","4","2021-08-08","1992-01-28","Esther.Cooley@gmail.com","528-867-8383"
199741,"Iliana","Pittman","Nice  ","France","6300","French","Male","","Divorced/Seperated","4","2019-02-22","1992-08-05","Iliana.Pittman@gmail.com","658-207-3779"
65954,"Aniya","Lowe","Munich","Germany","80809","German","Male","","Single","0","2019-12-09","1952-08-27","Aniya.Lowe@ymail.com","636-709-5438"
213414,"Bianca","Morrison","Cairo","Egypt","00000","Arabic","Male","","Married","2","2019-02-12","1948-09-21","**~MASKED~**.**~MASKED~**@att.net","111-111-1111"
138499,"Immanuel","Jackson","Toronto","Canada","M4C 3B7","English","Female","","Divorced/Seperated","3","2019-01-22","1998-03-06","Immanuel.Jackson@gmail.com","536-203-7030"
160872,"Heidy","Kelly","Melbourne","Australia","8002","English","Female","","Divorced/Seperated","0","2021-06-18","2004-01-13","Heidy.Kelly@gmail.com","190-731-0872"
152096,"Zaniyah","Rush","Boston","United States","2124","English","Male","","Undisclosed","Undisclosed","2019-03-25","1973-09-13","Zaniyah.Rush@hotmail.com","018-612-7534"
59911,"Mina","Norton","Mumbai","India","400003","Hindi","Male","","Undisclosed","Undisclosed","2020-12-12","1949-10-21","Mina.Norton@ymail.com","166-149-1698"
32384,"Noel","Mack","Cape Town","South Africa","8005","English","Male","","Married","1","2020-12-24","1942-11-19","Noel.Mack@ymail.com","251-367-6140"
143355,"Jadon","Clay","Paris","France","75014","French","Male","","Married","1","2020-05-21","1998-03-20","Jadon.Clay@gmail.com","245-222-4634"
49910,"Kolten","Gibbs","Stockholm","Sweden","6200","Swedish","Female","","Married","1","2019-12-01","1985-12-14","Kolten.Gibbs@hotmail.com","883-613-7912"
101037,"Kamron","Cuevas","Tokyo","Japan","144-0000","Japanese","Female","","Single","0","2021-05-31","1951-10-12","Kamron.Cuevas@ymail.com","413-119-5579"
143080,"Jason","Greer","  Mumbai","India","400016","Hindi","Male","","Single","0","2020-01-13","1961-12-29","Jason.Greer@aol.com","248-631-9048"
154748,"Kieran","Singleton","Tokyo","Japan","144-0000","Japanese","Male","","Single","2","2021-05-18","2003-05-01","Kieran.Singleton@gmail.com","942-607-6451"
105187,"Emma","Gill","Sydney","Australia","2020","English","Male","","Single","0","2019-03-19","1952-08-14","Emma.Gill@ymail.com","905-009-7446"
82117,"Mariah","Rocha","Montreal","Canada","H2J 3E3","English","Female","","Married","2","2020-05-12","1986-10-30","Mariah.Rocha@hotmail.com","108-636-5219"
30345,"Allyson","Stafford","Toronto","Canada","M4C 1V8","English","Female","","Married","1","2022-05-05","1953-06-28","Allyson.Stafford@ymail.com","625-909-3550"
92969,"Mike","Juarez","London","United Kingdom","E1 7EU","English","Female","","Married","0","2019-09-29","1981-09-25","Mike.Juarez@hotmail.com","237-687-1065"
49656,"Maddox","Cox","Sydney","Australia","2055","English","Female","","Married","1","2021-05-10","1941-08-01","Maddox.Cox@ymail.com","043-940-1622"
10824,"Cassius","Meza","Barcelona","Spain","08013","English","Male","","Married","2","2021-10-23","1963-04-16","Cassius.Meza@aol.com","600-022-2822"
220922,"","Cherry","RIO DE JANEIRO","Brazil","","Portuguese","Undisclosed","","Single","2","2019-03-12","1950-03-21","**~MASKED~**.**~MASKED~**@att.net","111-111-1111"
79993,"Jessie","Burke","Toronto","Canada","M4C 1V6","English","Male","","Married","2","2019-07-13","2003-02-22","Jessie.Burke@gmail.com","392-725-7784"
219482,"Samantha","Nixon","CAIRO","Egypt","00000","Arabic","Female","","Single","0","2019-07-16","1984-12-18","**~MASKED~**.**~MASKED~**@gmail.com","111-111-1111"
196844,"Zane","Spears","San Mateo","United States","94401","English","Female","","Single","0","2020-09-25","1986-02-06","Zane.Spears@hotmail.com","234-581-9073"
55517,"Niko","Wyatt","Warsaw","Poland","00-052","Polish","Undisclosed","","Single","0","2020-07-05","1976-11-08","Niko.Wyatt@hotmail.com","066-069-6383"
136471,"Ava","Olson","Mumbai","India","400011","Hindi","Male","","Married","3","2021-09-09","1965-08-08","Ava.Olson@aol.com","220-728-5852"
6525,"Ayaan","Simpson","Krakow","Poland","31-5","Polish","Male","","Single","2","2022-04-17","1979-04-27","Ayaan.Simpson@hotmail.com","256-468-9101"
25127,"Ulises","Atkins","London","United Kingdom","E1 7LY","English","Female","","Married","2","2019-12-03","1956-08-17","Ulises.Atkins@aol.com","458-972-0130"
164396,"Kylee","Dickerson","Paris","France","75014","French","Male","","Married","1","2019-09-18","1961-12-27","Kylee.Dickerson@aol.com","637-208-5954"
138025,"Sarah","Merritt","Delhi","India","110044","Hindi","Female","","Single","1","2021-04-10","1969-12-07","Sarah.Merritt@aol.com","610-789-1815"
38406,"Kenna","West","Cairo","Egypt","00000","Arabic","Female","","Divorced/Seperated","0","2019-04-27","1968-01-10","Kenna.West@aol.com","039-383-1551"
52662,"Isaac","Grant","LONDON","United Kingdom","E1 7HT","English","Female","","Single","0","2020-03-27","1954-12-03","Isaac.Grant@ymail.com","413-837-8652"
77366,"Gemma","Charles","Melbourne","Australia","5006","English","Male","","Single","0","2020-02-01","1946-09-12","Gemma.Charles@ymail.com","481-983-7331"
9773,"Ben","Berger","Cape Town","South Africa","8005","English","Male","","Single","1","2020-06-03","1950-04-10","Ben.Berger@ymail.com","033-451-1113"
192065,"Desiree","Patton","Montreal","Canada","H2E 1T9","English","Female","","Undisclosed","Undisclosed","2019-11-24","1981-08-12","Desiree.Patton@hotmail.com","195-177-6193"
117746,"Jovani","Tate","Nice","France","6100","French","Female","","Divorced/Seperated","4","2021-09-04","1944-01-27","Jovani.Tate@ymail.com","621-701-3381"
112737,"Carla","Mcconnell","San Mateo","United States","94403","English","Male","","Single","0","2019-11-12","1956-03-24","Carla.Mcconnell@aol.com","371-990-1803"
181455,"Jax","Lam","Mumbai","India","400067","Hindi","Male","","Divorced/Seperated","1","2021-11-10","1942-04-26","Jax.Lam@ymail.com","024-150-4161"
135566,"Alina","Doyle","Warsaw","Poland","00-088","Polish","Female","","Married","2","2022-01-09","1953-08-18","Alina.Doyle@ymail.com","221-501-6422"
104477,"Kierra","Bullock","San Mateo","United States","94403","English","Female","","Divorced/Seperated","1","2022-04-14","1982-12-12","Kierra.Bullock@hotmail.com","099-946-8448"
114060,"Regan","Gutierrez","  Delhi","India","110041","Hindi","Male","","Single","0","2020-01-29","1948-05-22","Regan.Gutierrez@ymail.com","579-107-1057"
151308,"Branson","Wu","Sydney","Australia","2001","English","Male","","Single","0","2021-01-06","2006-04-18","Branson.Wu@gmail.com","311-800-2574"
98409,"Jolie","Wright","Denver","United States","80014","English","Female","","Married","1","2019-11-27","2005-11-22","Jolie.Wright@gmail.com","249-377-7980"
4637,"Christina","Holmes","Hamburg","Germany","21129","German","Female","","Divorced/Seperated","1","2021-09-11","1943-05-24","Christina.Holmes@ymail.com","593-654-0405"
147436,"Keon","Rojas","Tokyo","Japan","176-0000","Japanese","Female","","Married","4","2020-03-02","1985-07-10","Keon.Rojas@hotmail.com","101-449-1308"
55765,"Julianne","Phelps","Montreal","Canada","H1X 2K6","English","Undisclosed","","Single","0","2019-01-22","1994-04-14","Julianne.Phelps@gmail.com","321-530-8483"
13284,"Emmalee","Powell","Hamburg","Germany","21129","German","Female","","Single","1","2020-01-05","2006-06-15","Emmalee.Powell@gmail.com","187-128-0017"
112694,"Isaac","Skinner","Delhi","India","110044","Hindi","Undisclosed","","Married","2","2019-09-02","1986-09-08","Isaac.Skinner@hotmail.com","585-548-5969"
8458,"Addisyn","Love","Barcelona","Spain","08013","English","Female","","Married","2","2021-11-04","1982-08-17","Addisyn.Love@hotmail.com","283-668-9221"
219143,"Brielle","Key","barcelona","Spain","08013","Spanish","Female","","Divorced/Seperated","5+","2019-03-26","1978-08-15","**~MASKED~**.**~MASKED~**@gmail.com","111-111-1111"
104874,"Karina","Bryan","Toronto","Canada","M4C 0A2","English","Female","","Single","0","2020-12-21","1991-03-28","Karina.Bryan@gmail.com","197-026-1182"
68356,"Anderson","Oliver","Stockholm","Sweden","600","Swedish","Female","","Married","4","2019-10-30","1992-11-30","Anderson.Oliver@gmail.com","462-309-5007"
191765,"Colin","Guzman","Seattle","United States","98109","English","Male","","Divorced/Seperated","4","2021-04-15","1948-11-28","Colin.Guzman@ymail.com","115-582-1520"
206048,"Dario","Barton","Madrid","Spain","28021","Spanish","Male","","Undisclosed","Undisclosed","2019-06-18","1980-07-01","**~MASKED~**.**~MASKED~**@ymail.com","111-111-1111"
77628,"Shayla","Brooks","Seoul","South Korea","100-013","Korean","Male","","Married","2","2021-04-02","1966-04-18","Shayla.Brooks@aol.com","597-895-8555"
27126,"Andrea","Mccullough","Cairo","Egypt","00000","Arabic","Male","","Divorced/Seperated","3","2020-03-11","1965-02-18","Andrea.Mccullough@aol.com","353-864-3288"
91892,"Gilberto","Benjamin","Seattle","United States","98170","English","Female","","Single","0","2021-07-18","1995-08-26","Gilberto.Benjamin@gmail.com","026-998-6005"
64704,"Miracle","Macdonald","Vancouver","Canada","V5K 1K7","English","Male","","Married","2","2021-03-29","1974-03-13","Miracle.Macdonald@hotmail.com","277-479-7237"
84054,"Amelia","Bradshaw","Vancouver","Canada","V5K 0A3","English","Female","","Single","1","2022-03-12","1941-02-24","Amelia.Bradshaw@ymail.com","743-934-5012"
186232,"Hillary","Baxter","New York City","United States","11368","English","Female","","Married","1","2020-05-22","1956-11-22","Hillary.Baxter@aol.com","908-841-7406"
37432,"Kassidy","Harvey","Cape Town","South Africa","8005","English","Male","","Single","0","2021-08-24","1949-10-01","Kassidy.Harvey@ymail.com","566-089-4131"
53859,"Violet","Friedman","Denver","United States","80014","English","Female","","Divorced/Seperated","2","2022-01-15","2003-09-28","Violet.Friedman@gmail.com","053-089-5501"
94493,"Adeline","Kerr","Seoul","South Korea","100-043","Korean","Undisclosed","","Single","1","2020-02-02","1957-10-08","Adeline.Kerr@aol.com","826-519-1187"
220763,"Aedan","Washington","rio de janeiro","Brazil","","Portuguese","Male","","Divorced/Seperated","3","2019-03-26","1967-01-03","**~MASKED~**.**~MASKED~**@usa.net","111-111-1111"
44345,"Mariela","Davenport","Tokyo","Japan","176-0000","Japanese","Male","","Married","1","2020-08-21","1952-03-07","Mariela.Davenport@ymail.com","795-867-4408"
158957,"Scarlet","Wells","Warsaw","Poland","00-017","Polish","Female","","Undisclosed","Undisclosed","2021-09-10","2000-06-02","Scarlet.Wells@gmail.com","861-980-4423"
153716,"Deanna","Higgins","Delhi","India","110043","Hindi","Male","","Married","2","2021-09-16","1964-02-06","Deanna.Higgins@aol.com","257-740-4317"
208352,"Kian","Ballard","Rio de Janeiro","Brazil","","Portuguese","Female","","Single","0","2019-04-23","1958-07-01","**~MASKED~**.**~MASKED~**@netscape.net","111-111-1111"
214453,"Cassius","Franco","Cape Town","South Africa","8005","English","Undisclosed","","Married","1","2019-06-04","1970-02-24","**~MASKED~**.**~MASKED~**@aim.com","111-111-1111"
30913,"Peyton","Gibbs","Tokyo","Japan","176-0000","Japanese","Male","","Undisclosed","Undisclosed","2020-10-04","1954-02-02","Peyton.Gibbs@ymail.com","293-749-2789"
78723,"Marc","Bonilla","london","United Kingdom","E1 7AX","English","Female","","Single","0","2019-05-28","1974-11-30","Marc.Bonilla@hotmail.com","156-787-9941"
209096,"Nora","Lucero","Munich","Germany","80809","German","Male","","Single","2","2019-03-19","1967-03-21","**~MASKED~**.**~MASKED~**@usa.net","111-111-1111"
194842,"Damion","Henson","DELHI","India","110039","Hindi","Male","","Single","0","2022-02-19","1974-10-12","Damion.Henson@hotmail.com","018-441-1010"
171280,"Jaslene","Sparks","  Toronto","Canada","M3C 0C1","English","Male","","Single","0","2021-09-21","1965-07-03","Jaslene.Sparks@aol.com","010-665-1115"
55643,"Jair","Powell","cairo","Egypt","00000","Arabic","Male","","Married","2","2020-03-14","1961-04-23","Jair.Powell@aol.com","693-902-5532"
62658,"Isla","Velasquez","Tokyo","Japan","144-0000","Japanese","Male","","Married","2","2019-07-31","1985-12-15","Isla.Velasquez@hotmail.com","590-729-5922"
211689,"Terrell","Jackson","Stockholm","Sweden","","Swedish","Female","","Married","1","2019-07-23","1986-02-18","**~MASKED~**.**~MASKED~**@gmail.com","111-111-1111"
182058,"Mina","Nguyen","Denver","United States","80271","English","Male","","Divorced/Seperated","1","2020-08-28","1943-11-01","Mina.Nguyen@ymail.com","539-870-8242"
193887,"Darren","Chapman","Vancouver","Canada","V5K 2J8","English","Male","","Single","0","2021-08-11","1942-04-04","Darren.Chapman@ymail.com","561-525-1053"
14207,"Zachariah","Carson","Munich","Germany","80809","German","Female","","Married","4","2019-04-01","1970-11-12","Zachariah.Carson@hotmail.com","157-007-7060"
66289,"Jaelynn","Rivera","Munich","Germany","80809","German","Female","","Divorced/Seperated","1","2020-04-19","1963-12-21","Jaelynn.Rivera@aol.com","477-814-5761"
194261,"Cael","Lawson","Boston  ","United States","2134","English","Female","","Single","0","2019-09-20","1967-12-12","Cael.Lawson@aol.com","058-056-4632"
69195,"Jazlene","Case","Sydney","Australia","2060","English","Female","","Divorced/Seperated","1","2020-12-15","1965-08-26","Jazlene.Case@aol.com","837-776-5501"
231,"Jasmine","Stewart","Cape Town","South Africa","8005","English","Female","","Undisclosed","Undisclosed","2020-06-21","1997-04-18","Jasmine.Stewart@gmail.com","149-935-7969"
195480,"Anabelle","Hammond","  San Mateo","United States","94010","English","Male","","Married","1","2021-10-16","1951-08-19","Anabelle.Hammond@ymail.com","485-983-1875"
127936,"Kyan","Logan","Delhi","India","110094","Hindi","Female","","Married","0","2020-07-10","1947-06-15","Kyan.Logan@ymail.com","701-068-4978"
217179,"Beckham","Washington","Hamburg","Germany","21129","German","Male","","Single","0","2019-01-29","1985-02-19","**~MASKED~**.**~MASKED~**@gmail.com","111-111-1111"
191200,"Eugene","Bond","  New York City","United States","10467","English","Male","","Married","1","2020-01-20","1945-05-25","Eugene.Bond@ymail.com","002-539-7477"
97555,"Albert","Patterson","Sydney","Australia","2000","English","Male","","Single","0","2021-01-14","1979-05-03","Albert.Patterson@hotmail.com","524-353-0714"
89284,"Dashawn","Shepherd","Mumbai","India","400033","Hindi","Undisclosed","","Married","2","2022-03-15","1962-06-14","Dashawn.Shepherd@aol.com","135-887-5190"
142868,"Clare","Ramsey","Manchester","United Kingdom","M1 1NL","English","Female","","Married","1","2020-03-24","1987-04-20","Clare.Ramsey@hotmail.com","406-811-3582"
122267,"Dillan","Medina","Paris","France","75015","French","Male","","Married","2","2020-10-27","1973-04-03","Dillan.Medina@hotmail.com","877-190-1481"
4229,"Albert","Hopkins","Krakow","Poland","31-5","Polish","Male","","Single","0","2019-08-06","1994-04-09","Albert.Hopkins@gmail.com","568-593-1870"
142613,"Clark","Hester","Montreal","Canada","H4N 3E8","English","Female","","Married","2","2022-04-15","1972-08-24","Clark.Hester@hotmail.com","408-088-4881"
14234,"Linda","Collins","Rio de Janeiro","Brazil","22753-000","Portuguese","Male","","Married","4","2020-01-30","1954-02-23","Linda.Collins@ymail.com","634-827-0526"
54163,"Elliot","Horn","montreal","Canada","H2J 3E3","English","Female","","Divorced/Seperated","1","2021-08-13","2005-07-29","Elliot.Horn@gmail.com","626-109-8202"
178427,"Kadence","Terrell","Delhi","India","110074","Hindi","Female","","Married","0","2020-06-09","1980-02-17","Kadence.Terrell@hotmail.com","161-175-9706"
149323,"Nola","Stephens","london","United Kingdom","E1 8AQ","English","Female","","Married","2","2019-08-26","1991-05-16","Nola.Stephens@gmail.com","420-775-6766"
120802,"Trevor","Huber","DELHI","India","110032","Hindi","Male","","Married","2","2020-11-17","1944-06-12","Trevor.Huber@ymail.com","398-822-7357"
69431,"Emerson","Vaughan","Melbourne","Australia","3045","English","Male","","Married","2","2021-04-29","2002-12-26","Emerson.Vaughan@gmail.com","656-407-2628"
216323,"Xander","Franco","berlin","Germany","","German","Male","","Divorced/Seperated","1","2019-03-26","1946-05-28","**~MASKED~**.**~MASKED~**@att.net","111-111-1111"
221183,"Paul","Bond","rio de janeiro","Brazil","","Portuguese","Male","","Single","1","2019-01-08","1954-10-05","**~MASKED~**.**~MASKED~**@att.net","111-111-1111"
62425,"Alfredo","Montes","Mumbai","India","400012","Hindi","Male","","Single","2","2020-12-05","1954-09-15","Alfredo.Montes@ymail.com","726-614-2876"
214899,"Ronin","Lee","Rio de Janeiro","Brazil","","Portuguese","Male","","Married","2","2019-06-11","1955-03-22","**~MASKED~**.**~MASKED~**@att.net","111-111-1111"
89660,"Giovanna","Haas","  Melbourne","Australia","3002","English","Female","","Single","0","2021-05-12","2002-04-24","Giovanna.Haas@gmail.com","037-358-4314"
4935,"Sidney","Ward","Munich","Germany","80809","German","Female","","Divorced/Seperated","3","2019-08-02","1966-10-17","Sidney.Ward@aol.com","816-012-1436"
181901,"Fiona","Bernard","San Mateo  ","United States","94402","English","Female","","Married","4","2021-07-13","1947-03-04","Fiona.Bernard@ymail.com","335-342-6822"
203919,"Yosef","Salas","Berlin","Germany","","German","Female","","Divorced/Seperated","2","2019-02-26","1969-11-18","**~MASKED~**.**~MASKED~**@aim.com","111-111-1111"
32287,"Zaire","Fuentes","San Mateo","United States","94010","English","Female","","Married","5+","2019-10-05","1943-06-29","Zaire.Fuentes@ymail.com","509-972-0154"
72622,"Rylee","Dougherty","SEATTLE","United States","98103","English","Female","","Undisclosed","Undisclosed","2021-07-27","1956-11-23","Rylee.Dougherty@aol.com","278-429-2947"
22144,"Kane","Lambert","Barcelona","Spain","08013","English","Male","","Married","2","2020-02-02","1979-08-30","Kane.Lambert@hotmail.com","364-636-6798"
117620,"Amaya","Townsend","  Toronto","Canada","M4C 3C7","English","Female","","Married","1","2021-10-26","1964-04-22","Amaya.Townsend@aol.com","085-882-6903"
34820,"Soren","Carney","  Mumbai","India","400068","Hindi","Female","","Married","4","2020-12-14","1985-04-12","Soren.Carney@hotmail.com","409-113-6389"
61505,"Jadiel","Donaldson","San Mateo","United States","94404","English","Female","","Single","1","2020-01-10","1948-09-30","Jadiel.Donaldson@ymail.com","236-307-1624"
85235,"Nora","Holmes","Nice","France","600","French","Female","","Single","0","2020-07-12","1995-04-21","Nora.Holmes@gmail.com","299-837-9966"
137878,"Madyson","Kim","Boston","United States","2134","English","Male","","Single","0","2019-01-24","1943-02-07","Madyson.Kim@ymail.com","465-706-4641"
145404,"Giovanni","Evans","London","United Kingdom","E1 7EF","English","Male","","Single","0","2022-06-19","2004-09-10","Giovanni.Evans@gmail.com","311-738-1894"
174840,"Gaven","Oneal","  Melbourne","Australia","3045","English","Female","","Married","0","2022-02-12","1963-01-27","Gaven.Oneal@aol.com","243-667-2869"
30718,"Monserrat","Simon","Warsaw","Poland","00-081","Polish","Female","","Married","2","2019-03-23","1993-07-02","Monserrat.Simon@gmail.com","540-350-3391"
86545,"Leroy","Mccormick","Manchester","United Kingdom","M1 1DF","English","Male","","Married","2","2021-05-01","1968-07-27","Leroy.Mccormick@aol.com","077-519-0945"
175689,"Samuel","Delgado","Manchester","United Kingdom","M1 1NL","English","Male","","Married","1","2019-07-31","2000-04-20","Samuel.Delgado@gmail.com","844-715-8396"
194236,"Koen","Wright","Seoul","South Korea","100-052","Korean","Female","","Divorced/Seperated","2","2020-10-05","1960-08-10","Koen.Wright@aol.com","623-373-9151"
42167,"Humberto","Obrien","Denver","United States","80228","English","Female","","Divorced/Seperated","0","2021-12-22","1975-09-09","Humberto.Obrien@hotmail.com","623-592-4582"
24938,"Rishi","Avery","Rio de Janeiro","Brazil","22753-000","Portuguese","Female","","Divorced/Seperated","1","2019-01-20","1977-10-06","Rishi.Avery@hotmail.com","055-494-1280"
173379,"Luca","Stafford","Toronto","Canada","M4C 1L8","English","Male","","Married","1","2020-08-05","1973-08-08","Luca.Stafford@hotmail.com","351-383-5738"
7787,"Raiden","Lambert","Barcelona","Spain","08013","English","Female","","Single","0","2021-05-19","1942-09-23","Raiden.Lambert@ymail.com","669-885-6676"
68621,"Tomas","Hester","Melbourne  ","Australia","5006","English","Male","","Single","0","2019-01-21","1945-09-17","Tomas.Hester@ymail.com","072-632-9398"
88678,"Malakai","Levy","Toronto","Canada","M4C 1X6","English","Undisclosed","","Married","0","2021-05-19","1985-05-28","Malakai.Levy@hotmail.com","146-415-4408"
215092,"Kaia","Arellano","Munich","Germany","80809","German","Female","","Married","3","2019-08-13","1948-05-25","**~MASKED~**.**~MASKED~**@att.net","111-111-1111"
181319,"Howard","Garrett","New York City","United States","11236","English","Female","","Divorced/Seperated","2","2021-07-03","1950-11-29","Howard.Garrett@ymail.com","086-215-7102"
197558,"Mya","Johnson","Vancouver","Canada","V5K 2H9","English","Female","","Single","0","2019-09-16","1942-12-25","Mya.Johnson@ymail.com","097-217-0762"
18781,"Jimena","Riggs","Madrid  ","Spain","28021","Spanish","Male","","Married","3","2020-05-10","1946-06-29","Jimena.Riggs@ymail.com","152-735-7966"
129647,"Cassie","Leon","Delhi","India","110084","Hindi","Male","","Married","0","2020-01-04","1966-02-27","Cassie.Leon@aol.com","749-933-7973"
189260,"Isis","Conner","  Warsaw","Poland","00-080","Polish","Female","","Divorced/Seperated","0","2019-01-14","1941-09-14","Isis.Conner@ymail.com","124-074-5096"
156721,"Weston","Compton","Denver  ","United States","80271","English","Female","","Married","1","2019-06-03","1968-03-19","Weston.Compton@aol.com","529-556-6933"
35135,"Alvin","Cook","Tokyo","Japan","205-0000","Japanese","Male","","Single","0","2021-06-10","1960-02-16","Alvin.Cook@aol.com","247-296-6552"
90284,"Skyler","Haney","Warsaw","Poland","00-065","Polish","Female","","Married","4","2022-02-25","1966-01-06","Skyler.Haney@aol.com","007-623-5711"
185705,"Jagger","Conley","Warsaw","Poland","00-001","Polish","Male","","Single","0","2022-01-26","1966-06-28","Jagger.Conley@aol.com","634-332-6605"
13295,"Cohen","Brennan","Hamburg","Germany","21129","German","Female","","Undisclosed","Undisclosed","2022-04-14","1972-04-24","Cohen.Brennan@hotmail.com","327-111-2350"
193764,"Mallory","French","Tokyo","Japan","176-0000","Japanese","Male","","Married","2","2021-02-05","1977-07-20","Mallory.French@hotmail.com","707-066-0142"
209009,"Marisol","Huerta","Munich","Germany","80809","German","Male","","Married","2","2019-08-27","1970-02-24","**~MASKED~**.**~MASKED~**@aim.com","111-111-1111"
125133,"Willie","Buck","Tokyo","Japan","114-0000","Japanese","Male","","Single","0","2020-04-25","2003-01-19","Willie.Buck@gmail.com","073-366-8143"
68837,"Dana","Valdez","London","United Kingdom","E1 7DS","English","Female","","Married","2","2022-04-30","1952-03-18","Dana.Valdez@ymail.com","210-720-0192"
108861,"Taliyah","Pineda","London  ","United Kingdom","E1 7EB","English","Male","","Single","2","2021-10-12","1978-05-21","Taliyah.Pineda@hotmail.com","201-555-7195"
66867,"Maxwell","Thornton","Seattle","United States","98117","English","Female","","Married","1","2020-09-04","1989-02-09","Maxwell.Thornton@gmail.com","298-363-6207"
47710,"Jose","Wells","New York City","United States","11236","English","Male","","Single","0","2022-04-29","1994-10-31","Jose.Wells@gmail.com","745-840-5748"
214395,"Jaron","Case","Cape Town","South Africa","8005","English","Female","","Single","0","2019-06-11","1956-10-16","**~MASKED~**.**~MASKED~**@netscape.net","111-111-1111"
185546,"Josue","Larsen","Nice","France","6100","French","Male","","Single","0","2019-03-17","1997-05-29","Josue.Larsen@gmail.com","424-951-1461"
206732,"Darien","Jimenez","Cairo","Egypt","00000","Arabic","Female","","Single","0","2019-03-05","1992-06-30","**~MASKED~**.**~MASKED~**@netscape.net","111-111-1111"
24402,"Cassandra","Garza","SAN MATEO","United States","94404","English","Undisclosed","","Divorced/Seperated","0","2022-03-09","1941-08-28","Cassandra.Garza@ymail.com","951-002-7391"
30698,"Cannon","Obrien","Cape Town","South Africa","8005","English","Male","","Married","4","2020-12-23","1994-01-30","Cannon.Obrien@gmail.com","724-836-4834"
12812,"Thomas","Cantrell","London","United Kingdom","E1 7BT","English","Male","","Divorced/Seperated","4","2020-03-17","1966-08-04","Thomas.Cantrell@aol.com","571-852-7042"
82909,"Sage","Joyce","Paris","France","75006","French","Female","","Divorced/Seperated","4","2020-06-21","1945-11-02","Sage.Joyce@ymail.com","315-196-1045"
98398,"Sterling","Mcconnell","Delhi","India","110039","Hindi","Male","","Single","1","2019-03-16","1980-01-02","Sterling.Mcconnell@hotmail.com","015-787-4684"
200669,"Paisley","West","Sao Paulo","Brazil","","Portuguese","Male","","Married","1","2019-06-04","1992-10-20","**~MASKED~**.**~MASKED~**@netscape.net","111-111-1111"
128363,"Allen","Schmidt","nice","France","6100","French","Female","","Married","2","2019-08-01","1953-08-19","Allen.Schmidt@ymail.com","444-913-4979"
12008,"Ronan","Harmon","Krakow","Poland","31-5","Polish","Female","","Married","1","2020-05-31","1963-06-28","Ronan.Harmon@aol.com","844-902-7954"
133700,"Jase","Nunez","  Nice","France","600","French","Male","","Married","2","2020-08-20","1975-01-31","Jase.Nunez@hotmail.com","682-760-6914"
63507,"Maverick","Barber","Stockholm","Sweden","6300","Swedish","Female","","Single","0","2019-02-21","1962-09-12","Maverick.Barber@aol.com","609-519-4226"
79238,"Ulises","Conrad","Vancouver","Canada","V5K 2S3","English","Male","","Single","0","2021-04-17","1992-04-14","Ulises.Conrad@gmail.com","559-471-1743"
200364,"Layne","Bowen","Sao Paulo","Brazil","","Portuguese","Male","","Single","2","2019-01-08","1948-10-26","**~MASKED~**.**~MASKED~**@att.net","111-111-1111"
175507,"Laura","Blair","San Mateo","United States","94402","English","Male","","Single","0","2020-02-05","1971-07-03","Laura.Blair@hotmail.com","098-012-3715"
125749,"Walter","Beard","San Mateo","United States","94404","English","Male","","Undisclosed","Undisclosed","2021-02-19","1947-07-09","Walter.Beard@ymail.com","138-882-6361"
15188,"Chaim","Grant","Madrid","Spain","28021","Spanish","Female","","Single","0","2020-08-29","1951-09-20","Chaim.Grant@ymail.com","466-111-2051"
79473,"Jean","Nolan","Seattle","United States","98185","English","Female","","Married","1","2022-02-28","1973-01-10","Jean.Nolan@hotmail.com","269-923-1819"
38658,"Makenna","Cole","Toronto","Canada","M4C 0A2","English","Male","","Undisclosed","Undisclosed","2021-09-11","1943-02-20","Makenna.Cole@ymail.com","067-303-0798"
220180,"Aylin","Graham","  Cape Town","South Africa","8005","English","Male","","Single","0","2019-03-19","1988-02-09","**~MASKED~**.**~MASKED~**@hotmail.com","111-111-1111"
10952,"Ansley","Bradley","Hamburg","Germany","21129","German","Male","","Single","0","2019-09-16","1961-12-11","Ansley.Bradley@aol.com","584-317-1115"
158948,"Zara","Evans","Montreal","Canada","H2J 3E3","English","Female","","Married","1","2019-03-17","1974-12-21","Zara.Evans@hotmail.com","452-538-2580"
160425,"Macy","Simon","San Mateo","United States","94010","English","Male","","Undisclosed","Undisclosed","2021-05-17","1979-11-06","Macy.Simon@hotmail.com","441-850-3515"
162191,"Kaleb","Lewis","Sydney","Australia","2000","English","Male","","Single","0","2021-12-08","1977-06-22","Kaleb.Lewis@hotmail.com","103-180-1143"
103574,"Juliet","Lozano","San Mateo","United States","94403","English","Male","","Single","1","2021-07-19","1943-05-29","Juliet.Lozano@ymail.com","365-487-3615"
145106,"Reginald","Downs","London","United Kingdom","E1 7EE","English","Male","","Divorced/Seperated","4","2019-02-26","1959-05-31","Reginald.Downs@aol.com","228-403-2320"
38450,"Mikaela","Benitez","Stockholm","Sweden","6200","Swedish","Male","","Single","0","2019-08-27","1978-10-08","Mikaela.Benitez@hotmail.com","633-539-9347"
193981,"Jesse","Joseph","Melbourne  ","Australia","3003","English","Female","","Single","0","2021-09-12","2004-12-04","Jesse.Joseph@gmail.com","773-029-7422"
117032,"Kaiya","Estrada","Melbourne","Australia","3207","English","Female","","Married","1","2020-07-03","1980-08-25","Kaiya.Estrada@hotmail.com","414-971-0053"
143647,"Madalynn","Lopez","Montreal","Canada","H2P 1L1","English","Male","","Single","0","2020-07-10","1969-12-06","Madalynn.Lopez@aol.com","106-385-6747"
203416,"Price","Eaton","Berlin","Germany","","German","Male","","Married","2","2019-01-29","1954-04-20","**~MASKED~**.**~MASKED~**@att.net","111-111-1111"
159261,"Evie","Myers","Warsaw  ","Poland","00-063","Polish","Female","","Divorced/Seperated","4","2022-03-23","1982-05-11","Evie.Myers@hotmail.com","134-977-8468"
177038,"Caitlyn","Mckenzie","Warsaw","Poland","00-012","Polish","Male","","Single","1","2019-10-06","2000-09-11","Caitlyn.Mckenzie@gmail.com","713-942-9790"
12826,"Maxwell","Potts","San Mateo","United States","94497","English","Male","","Married","2","2019-08-27","1975-12-11","Maxwell.Potts@hotmail.com","381-654-0229"
76208,"Marlie","Luna","San Mateo","United States","94404","English","Male","","Single","1","2022-07-01","1985-10-08","Marlie.Luna@hotmail.com","793-976-7307"
35707,"Laylah","Quinn","Toronto","Canada","M4C 1L8","English","Female","","Married","4","2022-05-14","1977-12-18","Laylah.Quinn@hotmail.com","112-890-2252"
199904,"Cherish","Russell","Vancouver","Canada","V5K 0A5","English","Male","","Single","0","2019-03-14","1948-08-08","Cherish.Russell@ymail.com","171-365-4191"
94473,"Paloma","Clay","Boston","United States","2135","English","Female","","Single","0","2019-11-26","1948-02-03","Paloma.Clay@ymail.com","712-746-9341"
125773,"Isaias","Zavala","Mumbai","India","400028","Hindi","Male","","Married","1","2021-04-07","1954-04-28","Isaias.Zavala@ymail.com","370-819-8596"
166854,"Guillermo","Peck","Boston","United States","2108","English","Male","","Single","0","2022-01-01","1986-05-12","Guillermo.Peck@hotmail.com","458-448-3503"
62857,"Abril","Meyers","Seattle","United States","98115","English","Female","","Single","0","2019-08-11","1992-10-20","Abril.Meyers@gmail.com","901-677-5268"
221878,"Carlos","Garcia","Berlin","Germany","","German","Male","","Single","2","2019-02-05","1967-12-12","**~MASKED~**.**~MASKED~**@usa.net","111-111-1111"
94965,"Elle","Valentine","Paris","France","75007","French","Male","","Single","0","2021-12-30","1982-10-03","Elle.Valentine@hotmail.com","646-020-2831"
159906,"Jamya","Robles","Toronto","Canada","M4C 1E7","English","Female","","Single","0","2021-04-17","1953-12-17","Jamya.Robles@ymail.com","051-019-2393"
150521,"Heath","Cordova","Seattle  ","United States","98170","English","Undisclosed","","Single","0","2020-02-14","1978-10-26","Heath.Cordova@hotmail.com","735-922-7004"
128864,"Makenzie","Henry","Boston","United States","2215","English","Female","","Married","2","2019-07-05","1951-09-18","Makenzie.Henry@ymail.com","447-597-1701"
201127,"Quincy","Stafford","Sao Paulo","Brazil","","Portuguese","Male","","Single","0","2019-06-18","1949-09-27","**~MASKED~**.**~MASKED~**@att.net","111-111-1111"
95870,"Aileen","Mora","Melbourne","Australia","3207","English","Male","","Single","0","2020-04-08","2004-11-30","Aileen.Mora@gmail.com","326-594-8635"
146777,"Pablo","Mcpherson","Tokyo","Japan","182-0000","Japanese","Female","","Single","0","2019-05-01","1979-08-01","Pablo.Mcpherson@hotmail.com","077-709-7358"
45135,"Enzo","Hardy","Tokyo","Japan","105-0000","Japanese","Female","","Married","2","2020-10-06","1952-01-20","Enzo.Hardy@ymail.com","757-741-0382"
204630,"Patricia","Zavala","Hamburg","Germany","21129","German","Female","","Single","0","2019-03-05","1976-07-06","**~MASKED~**.**~MASKED~**@gmail.com","111-111-1111"
23389,"Dahlia","Marks","Sao Paulo","Brazil","04849-000","Portuguese","Female","","Undisclosed","Undisclosed","2021-09-19","1964-03-08","Dahlia.Marks@aol.com","635-879-6544"
101793,"Jaime","Barber","Denver","United States","80019","English","Male","","Married","1","2019-02-03","1985-06-25","Jaime.Barber@hotmail.com","548-519-9197"
196083,"Anthony","Gibbs","san mateo","United States","94010","English","Male","","Married","2","2019-04-29","2005-05-11","Anthony.Gibbs@gmail.com","672-871-6596"
15388,"Odin","Greene","Munich","Germany","80809","German","Male","","Married","4","2021-01-25","1997-03-29","Odin.Greene@gmail.com","072-221-7813"
29327,"Sienna","Chandler","Cairo","Egypt","00000","Arabic","Male","","Married","4","2021-02-21","1975-01-19","Sienna.Chandler@hotmail.com","173-264-1303"
59375,"Celia","Armstrong","Sydney","Australia","2127","English","Male","","Single","2","2019-05-13","1988-10-04","Celia.Armstrong@hotmail.com","971-208-2710"
30073,"Rebecca","Duncan","Boston","United States","2125","English","Male","","Undisclosed","Undisclosed","2019-05-15","1943-11-16","Rebecca.Duncan@ymail.com","727-710-1749"
194266,"Lucas","Murillo","Nice","France","6200","French","Female","","Single","0","2020-02-19","1956-01-13","Lucas.Murillo@aol.com","348-076-6859"
189491,"Layton","Byrd","Seattle","United States","98117","English","Male","","Single","0","2021-11-28","1991-06-24","Layton.Byrd@gmail.com","022-610-4942"
65403,"Shiloh","Solis","boston","United States","2135","English","Male","","Divorced/Seperated","2","2022-03-10","1971-12-31","Shiloh.Solis@hotmail.com","441-365-5278"
220467,"Kadence","Fisher","Cape Town","South Africa","8005","English","Female","","Single","0","2019-07-09","1989-04-25","**~MASKED~**.**~MASKED~**@hotmail.com","111-111-1111"
197596,"Taryn","Bishop","Nice","France","600","French","Undisclosed","","Single","2","2021-09-09","1957-12-15","Taryn.Bishop@aol.com","521-385-6083"
31702,"Parker","Mooney","SAO PAULO","Brazil","04849-000","Portuguese","Female","","Married","1","2020-05-10","1967-10-30","Parker.Mooney@aol.com","690-400-8192"
169567,"Jasmin","Mcconnell","Montreal","Canada","H4E 1B5","English","Female","","Undisclosed","Undisclosed","2019-11-30","1983-05-25","Jasmin.Mcconnell@hotmail.com","459-617-7356"
190637,"Luis","Carter","Paris","France","75014","French","Female","","Single","0","2021-12-14","1973-06-01","Luis.Carter@hotmail.com","540-570-5836"
58033,"Livia","Lawson","Vancouver","Canada","V5K 0A2","English","Female","","Married","1","2019-10-22","1982-01-05","Livia.Lawson@hotmail.com","749-497-5345"
190906,"Cedric","Mccormick","Seattle","United States","98103","English","Undisclosed","","Divorced/Seperated","4","2019-02-25","1945-01-31","Cedric.Mccormick@ymail.com","294-562-5087"
28343,"Vicente","Cameron","madrid","Spain","28021","Spanish","Male","","Single","0","2021-10-16","1993-10-09","Vicente.Cameron@gmail.com","285-486-5226"
59462,"Amaya","Wyatt","TORONTO","Canada","M3C 0J1","English","Female","","Single","0","2021-01-14","1975-02-09","Amaya.Wyatt@hotmail.com","132-896-2399"
33330,"Josie","Stokes","Madrid","Spain","28021","Spanish","Undisclosed","","Married","3","2020-08-01","1997-06-10","Josie.Stokes@gmail.com","118-500-2740"
33205,"Viviana","Brandt","Boston","United States","2151","English","Female","","Married","1","2019-09-20","1944-07-01","Viviana.Brandt@ymail.com","644-864-5973"
205609,"Yoselin","Jensen","Stockholm","Sweden","","Swedish","Female","","Undisclosed","Undisclosed","2019-04-02","1949-08-23","**~MASKED~**.**~MASKED~**@att.net","111-111-1111"
125876,"Devan","Novak","London","United Kingdom","E1 7BT","English","Male","","Married","2","2019-10-19","1998-11-25","Devan.Novak@gmail.com","847-804-7843"
30093,"Mariela","Rollins","Krakow","Poland","31-5","Polish","Male","","Married","4","2022-06-06","1986-09-04","Mariela.Rollins@hotmail.com","342-147-6207"
34184,"Ada","Dudley","Krakow","Poland","31-5","Polish","Male","","Single","0","2019-12-01","1996-07-04","Ada.Dudley@gmail.com","510-463-3848"
117960,"Nikhil","Scott","  Warsaw","Poland","00-013","Polish","Male","","Single","0","2020-05-19","1946-02-04","Nikhil.Scott@ymail.com","570-750-6898"
76597,"Gary","Nielsen","London","United Kingdom","E1 7AY","English","Female","","Married","1","2022-04-16","1973-08-04","Gary.Nielsen@hotmail.com","227-845-4048"
147383,"Kiersten","Torres","melbourne","Australia","3205","English","Male","","Single","0","2021-09-09","2000-09-17","Kiersten.Torres@gmail.com","919-079-3985"
17393,"Hailie","Blair","Hamburg","Germany","21129","German","Male","","Divorced/Seperated","2","2020-07-08","1990-02-02","Hailie.Blair@gmail.com","580-153-9793"
88203,"Rodrigo","Webster","vancouver","Canada","V5K 0A5","English","Male","","Married","2","2020-02-09","1977-06-08","Rodrigo.Webster@hotmail.com","640-367-8543"
22180,"Davis","Winters","  Montreal","Canada","H3M 1R6","English","Female","","Married","4","2020-11-06","1963-01-14","Davis.Winters@aol.com","903-785-5436"
20746,"Colten","Morrow","Krakow","Poland","31-5","Polish","Female","","Single","0","2020-04-21","1995-08-06","Colten.Morrow@gmail.com","416-290-5257"
105862,"Emely","Hess","WARSAW","Poland","00-018","Polish","Male","","Undisclosed","Undisclosed","2021-06-24","1974-03-10","Emely.Hess@hotmail.com","316-306-3173"
140734,"Jennifer","Bruce","Warsaw","Poland","00-032","Polish","Female","","Undisclosed","Undisclosed","2019-05-23","1978-12-28","Jennifer.Bruce@hotmail.com","665-285-3345"
125819,"Jayda","Conner","New York City","United States","10025","English","Female","","Married","2","2019-09-18","1959-04-27","Jayda.Conner@aol.com","767-210-0985"
52034,"Chaz","Baker","Warsaw","Poland","00-052","Polish","Female","","Divorced/Seperated","3","2022-04-25","1945-11-14","Chaz.Baker@ymail.com","256-988-9178"
91179,"Allan","Best","Seoul","South Korea","100-195","Korean","Male","","Divorced/Seperated","4","2019-05-08","1962-07-11","Allan.Best@aol.com","979-270-5309"
75111,"Gideon","Turner","Mumbai","India","400035","Hindi","Female","","Single","0","2020-11-19","1951-03-12","Gideon.Turner@ymail.com","014-941-7693"
143129,"Willie","Jackson","Manchester","United Kingdom","M1 1FJ","English","Female","","Undisclosed","Undisclosed","2021-06-01","1950-02-11","Willie.Jackson@ymail.com","216-598-0248"
170722,"Amy","Villanueva","MANCHESTER","United Kingdom","M1 1LQ","English","Male","","Married","2","2019-10-28","1949-08-22","Amy.Villanueva@ymail.com","872-059-6822"
192893,"Gemma","Luna","Melbourne","Australia","5006","English","Undisclosed","","Single","1","2019-12-20","2001-05-20","Gemma.Luna@gmail.com","517-171-7245"
102854,"Dante","Boyd","Boston","United States","2125","English","Female","","Single","0","2022-05-16","1958-07-16","Dante.Boyd@aol.com","266-978-1957"
153469,"Rylee","Christian","San Mateo","United States","94404","English","Female","","Single","0","2019-05-07","1961-06-10","Rylee.Christian@aol.com","586-423-9020"
48609,"Kylan","Chavez","Stockholm","Sweden","6206","Swedish","Female","","Married","1","2020-11-07","1953-11-23","Kylan.Chavez@ymail.com","586-133-8098"
207707,"Alexander","David","Cape Town","South Africa","8005","English","Male","","Undisclosed","Undisclosed","2019-05-07","1976-06-29","**~MASKED~**.**~MASKED~**@gmail.com","111-111-1111"
156478,"Shirley","Hendricks","Seattle","United States","98102","English","Female","","Single","0","2021-10-22","2000-10-08","Shirley.Hendricks@gmail.com","284-791-9147"
201420,"George","Reyes","  Rio de Janeiro","Brazil","","Portuguese","Female","","Divorced/Seperated","2","2019-03-05","1963-03-05","**~MASKED~**.**~MASKED~**@msn.com","111-111-1111"
150576,"Bria","Jarvis","Delhi","India","110093","Hindi","Female","","Married","1","2022-04-03","2001-06-06","Bria.Jarvis@gmail.com","474-279-4357"
216902,"Nolan","Chaney","HAMBURG","Germany","21129","German","Male","","Married","1","2019-04-09","1989-03-28","**~MASKED~**.**~MASKED~**@hotmail.com","111-111-1111"
61593,"Aidyn","Barron","Sydney","Australia","2020","English","Female","","Single","0","2021-05-20","1952-10-31","Aidyn.Barron@ymail.com","450-180-2128"
163174,"Davion","Dalton","Toronto","Canada","M4C 1L8","English","Undisclosed","","Married","4","2020-12-25","1992-12-31","Davion.Dalton@gmail.com","458-774-6830"
64858,"Summer","Diaz","Stockholm","Sweden","6206","Swedish","Female","","Married","4","2020-04-09","1948-01-25","Summer.Diaz@ymail.com","098-830-5280"
159116,"Luciana","Boone","Seattle","United States","98109","English","Female","","Undisclosed","Undisclosed","2020-02-22","1964-09-23","Luciana.Boone@aol.com","657-427-9326"
109912,"Danika","Mullins","Manchester","United Kingdom","M1 1JD","English","Female","","Single","0","2020-07-30","1949-10-12","Danika.Mullins@ymail.com","935-839-6086"
108109,"Marquis","Mcintyre","Delhi","India","110042","Hindi","Female","","Single","0","2020-04-27","1960-09-02","Marquis.Mcintyre@aol.com","481-023-2750"
151259,"Ronin","Blankenship","Delhi","India","110010","Hindi","Female","","Single","0","2019-01-22","1990-02-06","Ronin.Blankenship@gmail.com","141-843-7691"
127758,"Douglas","Cohen","Sydney","Australia","2129","English","Male","","Married","2","2020-05-11","1999-02-27","Douglas.Cohen@gmail.com","219-573-8444"
115207,"Byron","Rangel","Sydney","Australia","2001","English","Male","","Single","0","2020-12-21","1986-08-20","Byron.Rangel@hotmail.com","460-588-9775"
212388,"Joey","Lowery","Madrid","Spain","28021","Spanish","Male","","Married","3","2019-01-22","1971-04-20","**~MASKED~**.**~MASKED~**@gmail.com","111-111-1111"
187058,"Haley","Marquez","London","United Kingdom","E1 7JJ","English","Male","","Married","2","2019-04-25","1969-08-19","Haley.Marquez@aol.com","874-917-6268"
150735,"Finley","Baldwin","Montreal","Canada","H1L 1L4","English","Female","","Married","4","2019-08-10","1960-05-27","Finley.Baldwin@aol.com","939-205-3166"
181374,"Abbie","Johnson","Paris","France","75001","French","Male","","Single","0","2020-10-24","1948-01-26","Abbie.Johnson@ymail.com","381-464-5112"
25199,"Peyton","Knight","Rio de Janeiro","Brazil","22753-000","Portuguese","Male","","Married","0","2019-12-06","1942-12-30","Peyton.Knight@ymail.com","615-745-0727"
57536,"Ryan","Adkins","Manchester","United Kingdom","M1 2BG","English","Male","","Married","1","2019-05-28","1987-06-20","Ryan.Adkins@hotmail.com","567-127-0064"
122360,"Landen","Hudson","  Nice","France","6200","French","Undisclosed","","Single","0","2020-06-11","1972-10-10","Landen.Hudson@hotmail.com","746-078-9974"
93721,"Jaydan","Murphy","New York City  ","United States","11236","English","Female","","Divorced/Seperated","1","2022-06-25","1971-12-04","Jaydan.Murphy@hotmail.com","056-298-7799"
130829,"Solomon","Gonzales","Nice","France","6300","French","Female","","Married","4","2022-03-15","1956-07-20","Solomon.Gonzales@aol.com","978-312-4941"
190464,"Walker","Pham","Tokyo","Japan","205-0000","Japanese","Male","","Single","2","2020-10-03","1965-09-08","Walker.Pham@aol.com","818-259-3159"
89272,"Jamarion","Curry","Tokyo","Japan","176-0000","Japanese","Female","","Single","0","2019-03-12","1978-11-25","Jamarion.Curry@hotmail.com","840-925-4500"
213625,"Anaya","Huerta","Cairo","Egypt","00000","Arabic","Female","","Divorced/Seperated","4","2019-04-23","1988-03-29","**~MASKED~**.**~MASKED~**@hotmail.com","111-111-1111"
75389,"Dakota","Glover","Mumbai","India","400063","Hindi","Female","","Single","0","2019-09-11","1949-06-10","Dakota.Glover@ymail.com","399-792-4761"
189070,"Krista","Woodward","Denver","United States","80019","English","Male","","Married","0","2022-06-10","1999-09-03","Krista.Woodward@gmail.com","937-965-9196"
51050,"Micah","Greene","San Mateo","United States","94401","English","Male","","Single","0","2022-02-02","1944-05-09","Micah.Greene@ymail.com","143-126-4711"
22803,"Liberty","Carson","rio de janeiro","Brazil","22753-000","Portuguese","Male","","Single","0","2022-04-13","1970-10-04","Liberty.Carson@hotmail.com","903-128-1317"
192000,"Kiersten","Woods","  New York City","United States","11368","English","Male","","Married","0","2020-01-07","1983-03-05","Kiersten.Woods@hotmail.com","315-896-2209"
87095,"Meredith","Lewis","Vancouver","Canada","V5K 0A2","English","Female","","Single","0","2022-03-17","2001-08-21","Meredith.Lewis@gmail.com","347-906-2828"
22449,"Dante","Stevenson","Cape Town","South Africa","8005","English","Female","","Married","2","2021-04-01","2004-10-11","Dante.Stevenson@gmail.com","419-099-7243"
128874,"Carl","Esparza","New York City","United States","11207","English","Female","","Married","1","2020-08-21","1944-03-02","Carl.Esparza@ymail.com","322-578-1170"
67968,"Maxim","Choi","Warsaw","Poland","00-019","Polish","Male","","Single","1","2020-06-27","1952-08-12","Maxim.Choi@ymail.com","767-105-1424"
30166,"Marlee","Wheeler","Boston","United States","2125","English","Female","","Single","1","2020-08-13","1966-05-18","Marlee.Wheeler@aol.com","893-897-2331"
57900,"Brynn","Prince","  Boston","United States","2135","English","Undisclosed","","Undisclosed","Undisclosed","2021-04-09","1991-09-30","Brynn.Prince@gmail.com","587-325-9115"
90103,"Ruby","Summers","boston","United States","2151","English","Female","","Undisclosed","Undisclosed","2020-09-18","1952-09-14","Ruby.Summers@ymail.com","950-602-6956"
85423,"Nyasia","Gray","seattle","United States","98195","English","Female","","Married","1","2020-12-04","1974-03-31","Nyasia.Gray@hotmail.com","498-286-8218"
3996,"Emelia","Williamson","Krakow","Poland","31-5","Polish","Male","","Single","2","2022-05-01","1959-12-05","Emelia.Williamson@aol.com","024-117-2814"
151349,"Porter","Bryan","Melbourne","Australia","3052","English","Female","","Married","2","2021-07-19","1975-11-15","Porter.Bryan@hotmail.com","478-012-6308"
46122,"Alyssa","Vasquez","SYDNEY","Australia","1466","English","Female","","Married","0","2021-12-05","1962-01-16","Alyssa.Vasquez@aol.com","228-997-2950"
171602,"Araceli","Murillo","DENVER","United States","80208","English","Female","","Undisclosed","Undisclosed","2019-01-20","1953-10-01","Araceli.Murillo@ymail.com","565-455-4782"
97403,"Lacey","West","toronto","Canada","M4C 3J6","English","Undisclosed","","Married","2","2019-07-04","1979-04-21","Lacey.West@hotmail.com","865-667-9676"
42913,"Madilynn","Montes","Stockholm","Sweden","6300","Swedish","Female","","Married","2","2020-01-18","1987-04-29","Madilynn.Montes@hotmail.com","060-807-7675"
103796,"Brooklynn","Wise","Manchester","United Kingdom","M1 1FS","English","Undisclosed","","Single","0","2021-06-11","1944-10-29","Brooklynn.Wise@ymail.com","816-946-1413"
213165,"Sharon","Haley","Cairo","Egypt","00000","Arabic","Female","","Single","0","2019-04-23","1950-10-24","**~MASKED~**.**~MASKED~**@att.net","111-111-1111"
168050,"Arjun","Rollins","Denver","United States","80209","English","Male","","Single","1","2021-04-05","1940-10-25","Arjun.Rollins@ymail.com","422-963-7610"
95396,"Sophie","Morse","Montreal","Canada","H1L 1L4","English","Male","","Single","0","2019-05-19","2005-07-17","Sophie.Morse@gmail.com","366-461-0161"
150327,"Mason","Tapia","Boston","United States","2151","English","Male","","Married","3","2019-01-22","1976-10-28","Mason.Tapia@hotmail.com","942-519-4086"
25891,"Perla","Orozco","Rio de Janeiro","Brazil","22753-000","Portuguese","Male","","Undisclosed","Undisclosed","2020-12-28","1967-05-13","Perla.Orozco@aol.com","930-129-2388"
205957,"Myles","Clay","Madrid","Spain","28021","Spanish","Male","","Single","2","2019-02-26","1946-09-03","**~MASKED~**.**~MASKED~**@att.net","111-111-1111"
24450,"Caroline","Perry","London","United Kingdom","E1 7JF","English","Female","","Married","2","2020-01-16","1970-08-24","Caroline.Perry@hotmail.com","671-695-2769"
45536,"Zackery","Flores","San Mateo","United States","94401","English","Male","","Married","1","2020-06-01","1953-04-14","Zackery.Flores@ymail.com","348-925-6542"
71843,"Perla","Haley","seoul","South Korea","100-014","Korean","Male","","Married","1","2020-08-19","1943-02-23","Perla.Haley@ymail.com","753-076-5407"
124265,"Armani","Lam","Seoul","South Korea","100-250","Korean","Female","","Married","0","2022-02-01","1940-02-04","Armani.Lam@ymail.com","016-002-8327"
202397,"Jaquan","Kane","Rio de Janeiro","Brazil","","Portuguese","Male","","Married","1","2019-02-19","1947-06-24","**~MASKED~**.**~MASKED~**@att.net","111-111-1111"
183351,"Jonathon","Dodson","Seattle","United States","98185","English","Male","","Single","0","2021-01-08","1949-09-14","Jonathon.Dodson@ymail.com","655-978-6953"
109617,"Paul","Maldonado","Tokyo","Japan","180-0000","Japanese","Male","","Married","0","2021-07-05","1968-05-02","Paul.Maldonado@aol.com","281-464-3210"
128792,"Alanna","Holt","Melbourne","Australia","5006","English","Female","","Married","1","2020-03-20","1951-08-27","Alanna.Holt@ymail.com","773-218-4421"
124462,"Porter","Hurst","MUMBAI","India","400004","Hindi","Male","","Married","2","2019-10-08","1945-10-03","Porter.Hurst@ymail.com","859-588-2128"
180233,"Adam","Fitzpatrick","Tokyo","Japan","105-0000","Japanese","Male","","Divorced/Seperated","2","2019-09-14","1943-06-20","Adam.Fitzpatrick@ymail.com","274-126-8361"
41844,"Tristian","Small","London","United Kingdom","E1 7DA","English","Male","","Undisclosed","Undisclosed","2020-05-31","1952-07-30","Tristian.Small@ymail.com","385-068-8848"
7764,"Cheyanne","Bradford","Hamburg","Germany","21129","German","Male","","Single","0","2020-06-15","1949-07-06","Cheyanne.Bradford@ymail.com","476-517-7862"
184388,"Destiney","Washington","New York City","United States","11385","English","Male","","Single","0","2019-03-19","1974-11-15","Destiney.Washington@hotmail.com","365-026-1165"
74673,"Rachel","Ramirez","Warsaw","Poland","00-003","Polish","Female","","Divorced/Seperated","3","2019-09-04","1992-07-07","Rachel.Ramirez@gmail.com","805-212-3881"
152819,"Yael","Bowman","Seoul","South Korea","100-012","Korean","Male","","Single","0","2019-11-10","2005-10-03","Yael.Bowman@gmail.com","147-045-3602"
36218,"Gavyn","Welch","Mumbai","India","400030","Hindi","Female","","Divorced/Seperated","1","2019-08-27","1978-05-15","Gavyn.Welch@hotmail.com","093-923-3492"
136481,"Malaki","Frey","Delhi  ","India","110094","Hindi","Male","","Single","0","2019-04-16","1958-07-24","Malaki.Frey@aol.com","776-810-4427"
167908,"Armando","Humphrey","Toronto","Canada","M4C 1X6","English","Female","","Married","2","2021-03-19","1956-04-14","Armando.Humphrey@aol.com","227-220-0318"
890,"Alexis","Stevenson","Sao Paulo","Brazil","04849-000","Portuguese","Female","","Married","0","2019-02-07","1942-07-10","Alexis.Stevenson@ymail.com","053-729-0551"
60772,"Jacquelyn","Dodson","Vancouver","Canada","V5K 1K7","English","Male","","Undisclosed","Undisclosed","2020-09-27","1958-09-23","Jacquelyn.Dodson@aol.com","192-763-5554"
133365,"Dean","Bullock","Montreal","Canada","H4N 3E8","English","Female","","Single","0","2022-03-24","1984-09-20","Dean.Bullock@hotmail.com","965-413-9905"
188836,"Maci","Patterson","Melbourne","Australia","3003","English","Female","","Married","2","2021-12-05","1986-10-20","Maci.Patterson@hotmail.com","200-778-5744"
105008,"Terrance","Austin","Montreal","Canada","H2E 1T9","English","Male","","Undisclosed","Undisclosed","2021-03-08","2001-01-15","Terrance.Austin@gmail.com","036-833-4034"
25594,"Mayra","Rhodes","Barcelona","Spain","08013","English","Male","","Single","0","2022-05-17","1995-05-31","Mayra.Rhodes@gmail.com","036-433-6716"
65564,"Julien","Johnston","Denver","United States","80271","English","Male","","Married","0","2019-01-11","1979-11-05","Julien.Johnston@hotmail.com","073-944-6573"
32229,"Gwendolyn","Camacho","Madrid","Spain","28021","Spanish","Female","","Married","2","2020-03-07","1971-12-03","Gwendolyn.Camacho@hotmail.com","724-429-9740"
140445,"Leticia","Heath","London","United Kingdom","E1 7AY","English","Undisclosed","","Married","1","2019-12-15","2004-10-03","Leticia.Heath@gmail.com","925-437-2546"
197261,"Talan","Lambert","Boston  ","United States","2215","English","Female","","Married","4","2019-11-18","1954-04-09","Talan.Lambert@ymail.com","231-707-3551"
11462,"Fernanda","Coleman","HAMBURG","Germany","21129","German","Male","","Married","3","2022-03-21","1975-12-18","Fernanda.Coleman@hotmail.com","415-735-3410"
114817,"Scarlett","Barry","London","United Kingdom","E1 7LW","English","Undisclosed","","Married","5+","2022-01-21","2001-07-07","Scarlett.Barry@gmail.com","562-784-1008"
102838,"Oliver","Fowler","Toronto","Canada","M4C 1V6","English","Female","","Single","2","2020-07-10","1992-01-03","Oliver.Fowler@gmail.com","083-776-1546"
167702,"Gabriella","Grant","DENVER","United States","80019","English","Female","","Single","0","2019-01-18","1940-12-14","Gabriella.Grant@ymail.com","580-996-0968"
217496,"Cornelius","Watkins","Stockholm","Sweden","","Swedish","Male","","Married","2","2019-07-16","1953-10-13","**~MASKED~**.**~MASKED~**@att.net","111-111-1111"
123844,"Skylar","Rios","London","United Kingdom","E1 7PZ","English","Female","","Single","0","2021-08-02","1978-04-10","Skylar.Rios@hotmail.com","777-757-4272"
222463,"Gage","Clark","berlin","Germany","","German","Female","","Single","0","2019-02-05","1963-10-15","**~MASKED~**.**~MASKED~**@msn.com","111-111-1111"
42441,"Titus","Baker","Manchester  ","United Kingdom","M1 1QB","English","Male","","Married","0","2019-08-03","1961-09-28","Titus.Baker@aol.com","513-926-3418"
63427,"Lane","Mclean","Tokyo","Japan","176-0000","Japanese","Male","","Undisclosed","Undisclosed","2019-11-14","1977-11-15","Lane.Mclean@hotmail.com","246-520-2415"
169859,"Ashanti","Mills","Tokyo","Japan","100-0400","Japanese","Male","","Married","1","2019-04-16","1972-05-27","Ashanti.Mills@hotmail.com","662-825-1657"
167468,"Reyna","Weber","Mumbai","India","400066","Hindi","Female","","Married","2","2020-07-30","1987-04-20","Reyna.Weber@hotmail.com","081-340-1343"
107165,"Zayden","Kaiser","Mumbai","India","400003","Hindi","Male","","Divorced/Seperated","3","2020-08-07","1946-06-13","Zayden.Kaiser@ymail.com","559-886-8597"
106691,"Dylan","Dougherty","Boston","United States","2136","English","Female","","Undisclosed","Undisclosed","2019-05-16","1965-05-16","Dylan.Dougherty@aol.com","512-568-1397"
117740,"Abraham","Nash","  Boston","United States","2215","English","Female","","Divorced/Seperated","2","2021-07-16","1955-11-15","Abraham.Nash@ymail.com","099-710-1523"
123716,"Alyson","Turner","Tokyo","Japan","176-0000","Japanese","Male","","Married","1","2019-07-01","1961-02-11","Alyson.Turner@aol.com","530-385-4278"
148764,"Alessandro","Wall","New York City","United States","10467","English","Female","","Single","0","2022-06-01","2003-12-06","Alessandro.Wall@gmail.com","736-160-3579"
218564,"Clarissa","Hobbs","Madrid","Spain","28021","Spanish","Female","","Married","0","2019-06-18","1956-12-18","**~MASKED~**.**~MASKED~**@netscape.net","111-111-1111"
22091,"Marilyn","Koch","Rio de Janeiro","Brazil","22753-000","Portuguese","Male","","Married","1","2020-04-01","2003-07-29","Marilyn.Koch@gmail.com","682-702-3964"
13832,"Brenden","Santos","Rio de Janeiro","Brazil","22753-000","Portuguese","Male","","Single","0","2020-11-23","1962-10-02","Brenden.Santos@aol.com","183-745-7905"
93425,"Roy","Waters","Seoul","South Korea","100-273","Korean","Male","","Married","5+","2022-02-28","2003-12-01","Roy.Waters@gmail.com","016-487-2886"
4596,"Jacquelyn","Lin","Cape Town","South Africa","8005","English","Female","","Married","4","2019-11-05","1953-01-07","Jacquelyn.Lin@ymail.com","361-900-6279"
117309,"Spencer","Beltran","Vancouver","Canada","V5K 2H9","English","Female","","Undisclosed","Undisclosed","2021-05-06","2001-04-20","Spencer.Beltran@gmail.com","322-530-8237"
200810,"Aleena","Griffith","Sao Paulo","Brazil","","Portuguese","Female","","Married","2","2019-06-18","1955-01-25","**~MASKED~**.**~MASKED~**@att.net","111-111-1111"
176932,"Reyna","Yu","Boston","United States","2128","English","Male","","Married","1","2022-01-22","2005-03-25","Reyna.Yu@gmail.com","481-950-8367"
55213,"Ezekiel","Anthony","Manchester","United Kingdom","M1 1HL","English","Male","","Married","2","2022-03-03","1949-03-07","Ezekiel.Anthony@ymail.com","124-329-3215"
187151,"Hugh","George","Seattle","United States","98195","English","Male","","Undisclosed","Undisclosed","2019-02-06","1975-02-19","Hugh.George@hotmail.com","136-979-6918"
44643,"Salma","Rangel","new york city","United States","11220","English","Male","","Married","2","2021-04-06","1964-01-01","Salma.Rangel@aol.com","327-738-6553"
18925,"Angeline","Cooley","Tokyo","Japan","176-0000","Japanese","Female","","Single","0","2020-05-24","1977-05-30","Angeline.Cooley@hotmail.com","078-199-1997"
154685,"Emmalee","Cuevas","Tokyo","Japan","105-0000","Japanese","Female","","Single","0","2019-05-20","2006-05-14","Emmalee.Cuevas@gmail.com","649-563-5444"
45252,"Leandro","Carney","Montreal","Canada","H3A 2H6","English","Male","","Single","0","2022-06-10","1988-01-26","Leandro.Carney@hotmail.com","593-048-2072"
19702,"Skylar","Robles","HAMBURG","Germany","21129","German","Female","","Single","0","2022-02-09","1979-04-16","Skylar.Robles@hotmail.com","062-907-4730"
204346,"Audrina","Rios","Hamburg","Germany","21129","German","Female","","Married","1","2019-02-19","1953-03-03","**~MASKED~**.**~MASKED~**@att.net","111-111-1111"
52735,"Lainey","Pierce","San Mateo","United States","94403","English","Female","","Married","0","2019-10-18","1947-03-04","Lainey.Pierce@ymail.com","215-382-8808"
138327,"Dominik","Vance","Paris","France","75003","French","Male","","Married","1","2019-11-05","1999-08-04","Dominik.Vance@gmail.com","628-352-8087"
208859,"Braydon","Skinner","Munich","Germany","80809","German","Female","","Undisclosed","Undisclosed","2019-04-23","1977-06-07","**~MASKED~**.**~MASKED~**@gmail.com","111-111-1111"
40666,"Lawrence","Glass","Rio de Janeiro","Brazil","22753-000","Portuguese","Undisclosed","","Single","0","2019-08-02","1983-04-01","Lawrence.Glass@hotmail.com","292-853-8874"
129417,"Gia","Franco","San Mateo","United States","94403","English","Male","","Single","0","2019-10-06","1980-01-31","Gia.Franco@hotmail.com","052-940-3596"
107098,"Amanda","Rasmussen","Melbourne","Australia","5006","English","Male","","Single","0","2019-10-24","1965-08-20","Amanda.Rasmussen@aol.com","771-911-9995"
177864,"Catalina","Castaneda","Toronto","Canada","M4C 1V8","English","Female","","Single","0","2022-01-31","1965-11-16","Catalina.Castaneda@aol.com","591-652-8222"
33586,"Jazmyn","Hays","Sao Paulo","Brazil","04849-000","Portuguese","Female","","Married","0","2021-10-19","1952-09-19","Jazmyn.Hays@ymail.com","370-733-7804"
32231,"Maribel","Cummings","Munich","Germany","80809","German","Female","","Divorced/Seperated","4","2020-06-02","1960-05-28","Maribel.Cummings@aol.com","739-392-0081"
24880,"Aiden","Freeman","  New York City","United States","11208","English","Female","","Single","0","2021-07-24","1998-07-18","Aiden.Freeman@gmail.com","546-277-3358"
20586,"Lilliana","Mercado","Stockholm","Sweden","6300","Swedish","Male","","Single","2","2019-06-29","1958-12-03","Lilliana.Mercado@aol.com","695-353-2790"
160767,"Hailey","Huff","Melbourne","Australia","5006","English","Female","","Single","0","2022-04-18","1943-11-23","Hailey.Huff@ymail.com","703-148-7407"
112998,"Bryson","Newman","Seattle","United States","98199","English","Female","","Single","2","2021-06-13","1972-09-15","Bryson.Newman@hotmail.com","336-938-0784"
135486,"Rubi","Michael","Vancouver","Canada","V5K 2E6","English","Male","","Married","2","2019-04-20","2000-09-03","Rubi.Michael@gmail.com","281-783-9134"
23809,"Noe","Zimmerman","Hamburg","Germany","21129","German","Male","","Married","0","2020-02-25","1950-11-07","Noe.Zimmerman@ymail.com","513-532-9052"
34054,"Sage","Lowery","Munich","Germany","80809","German","Female","","Married","1","2020-11-24","1969-04-02","Sage.Lowery@aol.com","245-683-0365"
1789,"Bethany","Wolf","Cape Town","South Africa","8005","English","Female","","Divorced/Seperated","1","2020-12-10","1951-04-05","Bethany.Wolf@ymail.com","277-082-1731"
25755,"Ezekiel","Collins","Boston","United States","2151","English","Female","","Single","0","2019-09-14","1975-07-19","Ezekiel.Collins@hotmail.com","900-558-6276"
103259,"Chace","Rangel","Toronto","Canada","M4C 0A2","English","Female","","Single","0","2021-04-12","1961-06-15","Chace.Rangel@aol.com","577-890-1626"
79580,"Ali","Harrington","  London","United Kingdom","E1 7BH","English","Undisclosed","","Married","2","2019-06-25","1976-05-03","Ali.Harrington@hotmail.com","165-918-2320"
138015,"Willow","Campos","San Mateo","United States","94497","English","Female","","Single","0","2022-03-16","1996-11-04","Willow.Campos@gmail.com","565-634-5083"
206508,"Jaylah","Valencia","Barcelona","Spain","08013","Spanish","Female","","Divorced/Seperated","2","2019-01-29","1952-07-01","**~MASKED~**.**~MASKED~**@att.net","111-111-1111"
193925,"Taylor","Floyd","Toronto","Canada","M4C 3B7","English","Male","","Single","0","2020-07-13","1971-05-17","Taylor.Floyd@hotmail.com","164-737-3597"
46808,"Yurem","Cummings","Madrid","Spain","28021","Spanish","Female","","Divorced/Seperated","0","2021-11-29","1940-12-30","Yurem.Cummings@ymail.com","056-907-7802"
169878,"Shaun","Cortez","Toronto","Canada","M4C 1L8","English","Undisclosed","","Married","2","2022-06-20","1991-09-30","Shaun.Cortez@gmail.com","207-052-5530"
100073,"Kaiden","Hopkins","Mumbai","India","400033","Hindi","Male","","Undisclosed","Undisclosed","2022-06-15","1986-07-08","Kaiden.Hopkins@hotmail.com","649-203-8670"
80276,"Katrina","Burgess","Manchester","United Kingdom","M1 1PS","English","Female","","Married","1","2020-11-12","1995-06-25","Katrina.Burgess@gmail.com","759-614-8092"
152233,"Shea","Black","Montreal","Canada","H2P 1L1","English","Female","","Single","0","2022-02-23","1993-03-05","Shea.Black@gmail.com","197-576-1981"
210056,"Kamila","Peterson","Berlin","Germany","","German","Female","","Married","2","2019-02-19","1966-04-19","**~MASKED~**.**~MASKED~**@yahoo.com","111-111-1111"
122404,"Kamryn","Adkins","Montreal","Canada","H2E 1T9","English","Undisclosed","","Single","0","2019-09-04","1945-02-04","Kamryn.Adkins@ymail.com","505-597-1452"
174330,"Edwin","Reynolds","Mumbai","India","400064","Hindi","Male","","Single","0","2021-05-06","1975-08-24","Edwin.Reynolds@hotmail.com","935-360-0588"
45202,"Anna","Ramos","SAO PAULO","Brazil","04849-000","Portuguese","Male","","Divorced/Seperated","0","2019-12-17","1955-04-27","Anna.Ramos@ymail.com","238-151-1334"
42645,"Aryanna","Moore","Toronto","Canada","M4C 0A2","English","Male","","Married","0","2019-06-29","1990-10-14","Aryanna.Moore@gmail.com","548-338-5000"
13805,"Johanna","Kelley","Sao Paulo","Brazil","04849-000","Portuguese","Female","","Divorced/Seperated","1","2019-07-17","1995-05-21","Johanna.Kelley@gmail.com","598-697-4757"
71058,"Livia","Taylor","Vancouver","Canada","V5K 2J8","English","Female","","Single","0","2021-10-17","2005-12-21","Livia.Taylor@gmail.com","824-011-8589"
153682,"Alisa","Romero","SAN MATEO","United States","94010","English","Female","","Single","1","2019-11-18","1989-10-27","Alisa.Romero@gmail.com","332-339-2620"
98209,"Kingston","Avery","Seattle","United States","98102","English","Female","","Single","0","2021-11-25","1996-10-09","Kingston.Avery@gmail.com","986-330-9786"
161282,"Justice","Fitzgerald","MANCHESTER","United Kingdom","M1 2AA","English","Male","","Divorced/Seperated","3","2019-07-04","1957-03-30","Justice.Fitzgerald@aol.com","431-148-3316"
21412,"London","Reed","Cairo","Egypt","00000","Arabic","Female","","Undisclosed","Undisclosed","2019-01-15","2002-01-28","London.Reed@gmail.com","563-667-0058"
196806,"Jayda","Wolf","Manchester","United Kingdom","M1 1AP","English","Female","","Single","0","2019-04-04","1994-01-09","Jayda.Wolf@gmail.com","691-931-5381"
174248,"Anthony","Lewis","Vancouver","Canada","V5K 0A4","English","Male","","Single","0","2020-02-14","1978-04-10","Anthony.Lewis@hotmail.com","616-506-1261"
121256,"Maximo","Cooley","Melbourne","Australia","3003","English","Male","","Single","0","2021-06-09","1980-11-28","Maximo.Cooley@hotmail.com","814-620-5929"
67037,"Rachel","Garrett","Sydney","Australia","2020","English","Female","","Married","2","2019-04-18","1997-09-01","Rachel.Garrett@gmail.com","192-593-7390"
9140,"Mariam","Holmes","  Cairo","Egypt","00000","Arabic","Undisclosed","","Single","0","2019-04-20","1940-01-03","Mariam.Holmes@ymail.com","888-135-8471"
172588,"Kaylyn","Saunders","Sydney","Australia","2000","English","Undisclosed","","Undisclosed","Undisclosed","2021-12-22","1964-11-27","Kaylyn.Saunders@aol.com","297-502-7162"
107983,"Jessie","Mcdonald","sydney","Australia","2000","English","Female","","Single","0","2020-10-22","1942-07-29","Jessie.Mcdonald@ymail.com","387-341-8403"
173066,"Bruce","Cowan","Sydney","Australia","1235","English","Female","","Married","1","2019-12-19","1979-01-26","Bruce.Cowan@hotmail.com","564-689-2792"
154120,"Josue","Gray","  Denver","United States","80202","English","Female","","Married","2","2022-02-12","1963-11-29","Josue.Gray@aol.com","870-466-0308"
185847,"Alyson","Ritter","New York City","United States","11207","English","Female","","Single","0","2021-10-06","1970-06-11","Alyson.Ritter@hotmail.com","643-334-0467"
148205,"Yoselin","Cabrera","Paris","France","75013","French","Female","","Married","2","2021-09-03","1990-11-25","Yoselin.Cabrera@gmail.com","487-395-2154"
41178,"Ivan","Davenport","Tokyo","Japan","144-0000","Japanese","Female","","Single","0","2022-03-26","1976-11-26","Ivan.Davenport@hotmail.com","855-505-5965"
199989,"Angel","Perkins","London","United Kingdom","E1 7LX","English","Female","","Single","1","2021-11-05","1973-06-28","Angel.Perkins@hotmail.com","392-212-5955"
121445,"Jasmin","Kemp","Mumbai","India","400051","Hindi","Undisclosed","","Married","1","2019-02-22","1974-04-13","Jasmin.Kemp@hotmail.com","600-076-7849"
32990,"Amaya","Roberts","Tokyo","Japan","144-0000","Japanese","Female","","Married","4","2020-05-18","1969-09-05","Amaya.Roberts@aol.com","805-975-5736"
218339,"Leah","Bauer","Madrid","Spain","28021","Spanish","Female","","Single","0","2019-04-02","1992-05-26","**~MASKED~**.**~MASKED~**@netscape.net","111-111-1111"
73902,"Kianna","Reid","TOKYO","Japan","144-0000","Japanese","Undisclosed","","Divorced/Seperated","1","2021-08-08","1972-01-12","Kianna.Reid@hotmail.com","685-685-1889"
203321,"Buchanan","Haynes","Berlin  ","Germany","","German","Female","","Single","0","2019-03-19","1947-06-17","**~MASKED~**.**~MASKED~**@att.net","111-111-1111"
166202,"Eileen","Kirk","TORONTO","Canada","M3C 0C1","English","Female","","Married","2","2019-11-20","1972-12-01","Eileen.Kirk@hotmail.com","783-415-7160"
27068,"Jenny","Love","Warsaw","Poland","00-005","Polish","Male","","Married","1","2020-01-08","1954-07-16","Jenny.Love@ymail.com","699-458-5992"
192494,"Ivy","Fuller","Melbourne","Australia","3003","English","Male","","Married","2","2021-10-23","1968-05-15","Ivy.Fuller@aol.com","504-264-4509"
217146,"Caden","Compton","Hamburg","Germany","21129","German","Undisclosed","","Divorced/Seperated","1","2019-05-07","1959-09-29","**~MASKED~**.**~MASKED~**@netscape.net","111-111-1111"
119835,"Jaylen","Gray","New York City","United States","11207","English","Female","","Single","0","2021-07-11","1970-03-14","Jaylen.Gray@hotmail.com","633-761-2939"
29828,"Jair","Hines","Sao Paulo","Brazil","04849-000","Portuguese","Male","","Single","0","2022-05-30","1963-03-30","Jair.Hines@aol.com","674-521-1008"
39118,"Kasey","Rivas","Cairo","Egypt","00000","Arabic","Female","","Married","1","2020-05-01","1986-12-28","Kasey.Rivas@hotmail.com","517-707-7172"
47775,"Reid","Randall","Cape Town","South Africa","8005","English","Male","","Married","3","2020-11-22","1965-07-03","Reid.Randall@aol.com","393-896-5550"
75429,"Michael","Dickson","Montreal","Canada","H4E 1B5","English","Male","","Single","0","2022-06-03","1960-01-13","Michael.Dickson@aol.com","976-199-1064"
122968,"Brady","Gibbs","Seoul","South Korea","100-043","Korean","Male","","Single","0","2019-05-28","1980-10-08","Brady.Gibbs@hotmail.com","439-391-6118"
161197,"Dayanara","Johnston","Vancouver","Canada","V5K 0A1","English","Undisclosed","","Undisclosed","Undisclosed","2021-03-20","1995-07-13","Dayanara.Johnston@gmail.com","378-335-9786"
174483,"Yaretzi","Andersen","seattle","United States","98170","English","Female","","Married","4","2019-01-27","1945-07-29","Yaretzi.Andersen@ymail.com","575-415-1724"
114489,"Maribel","Mercado","Sydney","Australia","2060","English","Male","","Divorced/Seperated","1","2020-07-27","1993-04-24","Maribel.Mercado@gmail.com","378-230-0506"
17888,"Erik","Marsh","Hamburg","Germany","21129","German","Female","","Divorced/Seperated","0","2019-08-08","1960-07-20","Erik.Marsh@aol.com","490-606-1344"
126858,"Mateo","Kline","Boston","United States","2124","English","Male","","Married","2","2022-03-28","1942-01-02","Mateo.Kline@ymail.com","226-693-5634"
219237,"Owen","Vasquez","Cairo","Egypt","00000","Arabic","Male","","Single","0","2019-01-15","1979-06-05","**~MASKED~**.**~MASKED~**@gmail.com","111-111-1111"
148279,"Ruby","Miles","Manchester","United Kingdom","M1 1AE","English","Female","","Undisclosed","Undisclosed","2021-08-31","1951-08-26","Ruby.Miles@ymail.com","033-571-6066"
62674,"Piper","Landry","New York City","United States","11385","English","Undisclosed","","Undisclosed","Undisclosed","2021-10-16","1950-06-25","Piper.Landry@ymail.com","556-651-0593"
28716,"Erick","Price","Stockholm","Sweden","6300","Swedish","Female","","Single","0","2021-06-02","1998-08-23","Erick.Price@gmail.com","408-025-9996"
1505,"Xzavier","Ray","Krakow","Poland","31-5","Polish","Male","","Single","0","2020-12-18","1956-06-22","Xzavier.Ray@aol.com","546-187-8127"
167826,"Emiliano","Zhang","Paris","France","75003","French","Female","","Single","0","2022-01-05","1960-01-16","Emiliano.Zhang@aol.com","700-295-8278"
213785,"Cohen","Norris","Cape Town","South Africa","8005","English","Female","","Undisclosed","Undisclosed","2019-02-26","1988-01-12","**~MASKED~**.**~MASKED~**@gmail.com","111-111-1111"
199574,"Ava","Oconnor","Manchester","United Kingdom","M1 1LA","English","Male","","Undisclosed","Undisclosed","2021-05-02","1995-11-11","Ava.Oconnor@gmail.com","746-568-6539"
89140,"Cynthia","Torres","  Paris","France","75019","French","Female","","Undisclosed","Undisclosed","2020-06-28","1956-08-31","Cynthia.Torres@aol.com","069-699-5180"
149153,"Gwendolyn","Mueller","Montreal","Canada","H4V 1S9","English","Undisclosed","","Single","0","2021-03-25","1945-07-08","Gwendolyn.Mueller@ymail.com","026-842-7571"
42967,"Amelie","Blair","Madrid","Spain","28021","Spanish","Female","","Single","0","2019-09-25","1986-09-21","Amelie.Blair@hotmail.com","681-350-5021"
106982,"Katherine","Estes","PARIS","France","75003","French","Female","","Undisclosed","Undisclosed","2019-07-30","1971-08-15","Katherine.Estes@hotmail.com","810-432-5315"
203079,"Pearson","Byrd","Berlin","Germany","","German","Female","","Single","0","2019-04-02","1969-04-15","**~MASKED~**.**~MASKED~**@aim.com","111-111-1111"
138615,"Jadon","Sparks","Mumbai","India","400008","Hindi","Male","","Single","0","2020-01-15","1979-05-08","Jadon.Sparks@hotmail.com","310-872-0920"
183308,"Bryan","Middleton","Mumbai","India","400001","Hindi","Undisclosed","","Undisclosed","Undisclosed","2019-12-26","1992-12-29","Bryan.Middleton@gmail.com","872-001-3169"
209745,"Hillary","Whitaker","Berlin","Germany","","German","Male","","Divorced/Seperated","2","2019-02-26","1972-02-22","**~MASKED~**.**~MASKED~**@gmail.com","111-111-1111"
159124,"Layton","Benton","Boston","United States","2125","English","Female","","Married","4","2019-05-06","1985-05-11","Layton.Benton@hotmail.com","978-534-3638"
146572,"Jovanni","Spence","Delhi","India","110001","Hindi","Female","","Single","1","2019-03-20","1954-05-10","Jovanni.Spence@ymail.com","328-706-4907"
203376,"Carson","Huffman","Berlin","Germany","","German","Female","","Married","1","2019-01-29","1960-08-09","**~MASKED~**.**~MASKED~**@excite.com","111-111-1111"
193890,"Koen","Herrera","London","United Kingdom","E1 7TJ","English","Undisclosed","","Married","1","2019-08-05","1983-11-26","Koen.Herrera@hotmail.com","037-041-7331"
20300,"Will","Koch","  Sao Paulo","Brazil","04849-000","Portuguese","Male","","Single","0","2019-05-18","1989-05-27","Will.Koch@gmail.com","154-898-7073"
82894,"Deacon","Stone","Montreal","Canada","H4V 1S9","English","Female","","Married","2","2020-08-14","1978-03-18","Deacon.Stone@hotmail.com","020-111-7236"
110490,"Leia","Jensen","Toronto","Canada","M4C 1E7","English","Female","","Single","0","2020-08-06","1976-10-08","Leia.Jensen@hotmail.com","188-014-3795"
113810,"Cecelia","Suarez","Mumbai","India","400097","Hindi","Female","","Single","1","2022-06-06","1986-11-18","Cecelia.Suarez@hotmail.com","830-725-9287"
78241,"Porter","Shepard","Sydney  ","Australia","2006","English","Male","","Undisclosed","Undisclosed","2020-03-02","1951-12-25","Porter.Shepard@ymail.com","497-004-9308"
3844,"Carleigh","Duffy","Krakow","Poland","31-5","Polish","Female","","Single","0","2022-02-10","1999-10-20","Carleigh.Duffy@gmail.com","470-915-2441"
3842,"Kinsley","Maynard","RIO DE JANEIRO","Brazil","22753-000","Portuguese","Female","","Married","2","2022-03-12","1995-01-14","Kinsley.Maynard@gmail.com","163-017-9522"
173847,"Nathanial","Wiley","Toronto","Canada","M4C 3J6","English","Female","","Single","0","2019-08-18","1951-02-06","Nathanial.Wiley@ymail.com","682-887-4392"
170760,"Cory","Hoffman","  Tokyo","Japan","180-0000","Japanese","Male","","Married","0","2021-08-07","1946-01-24","Cory.Hoffman@ymail.com","145-460-4374"
125812,"Luke","Avila","Manchester","United Kingdom","M1 1BZ","English","Male","","Undisclosed","Undisclosed","2022-06-20","1978-06-21","Luke.Avila@hotmail.com","176-645-8581"
55537,"Kale","Everett","New York City","United States","11385","English","Male","","Single","0","2021-06-21","1983-11-21","Kale.Everett@hotmail.com","107-410-7902"
186985,"Ally","Whitney","New York City","United States","11385","English","Male","","Divorced/Seperated","1","2021-09-17","1963-07-31","Ally.Whitney@aol.com","290-329-3554"
193848,"Roderick","Duran","Seoul","South Korea","100-195","Korean","Female","","Single","1","2022-05-09","1960-06-05","Roderick.Duran@aol.com","462-589-1706"
157747,"Jan","Middleton","Sydney","Australia","2127","English","Female","","Undisclosed","Undisclosed","2022-02-08","2002-04-27","Jan.Middleton@gmail.com","101-595-3990"
24606,"Amari","Pratt","Warsaw","Poland","00-014","Polish","Female","","Married","4","2022-02-03","1941-07-10","Amari.Pratt@ymail.com","380-389-3566"
87868,"Christopher","Case","Vancouver","Canada","V5K 0A6","English","Male","","Married","2","2019-03-17","1997-01-28","Christopher.Case@gmail.com","226-966-4645"
85998,"Alice","Phelps","Vancouver","Canada","V5K 0A2","English","Undisclosed","","Single","0","2021-08-06","1953-05-14","Alice.Phelps@ymail.com","211-916-5909"
113186,"Kyla","Rush","Sydney","Australia","2006","English","Undisclosed","","Married","3","2019-09-02","1997-03-30","Kyla.Rush@gmail.com","058-165-9728"
41799,"Tanya","Ramsey","Denver","United States","80227","English","Undisclosed","","Divorced/Seperated","5+","2020-01-25","1949-12-03","Tanya.Ramsey@ymail.com","597-428-3835"
120685,"Lincoln","Velez","Boston","United States","2108","English","Female","","Married","1","2022-01-07","1965-03-07","Lincoln.Velez@aol.com","842-726-4687"
190333,"Nigel","Hatfield","Sydney","Australia","2055","English","Male","","Single","0","2020-09-24","1989-06-16","Nigel.Hatfield@gmail.com","925-472-0875"
10528,"Nola","Hicks","Munich","Germany","80809","German","Male","","Married","2","2021-02-18","1940-07-11","Nola.Hicks@ymail.com","124-993-7780"
118191,"Tamia","Gray","San Mateo","United States","94010","English","Undisclosed","","Married","2","2022-06-26","1981-03-28","Tamia.Gray@hotmail.com","451-706-6472"
106010,"Mia","Berry","Melbourne","Australia","3000","English","Female","","Married","2","2021-06-10","1955-10-20","Mia.Berry@ymail.com","632-042-8696"
12499,"Princess","Dyer","Cape Town","South Africa","8005","English","Male","","Single","0","2021-07-26","1984-02-15","Princess.Dyer@hotmail.com","703-877-3605"
70238,"Hillary","Davies","Mumbai","India","400053","Hindi","Female","","Single","2","2020-03-24","1942-06-17","Hillary.Davies@ymail.com","164-323-2272"
35745,"Steven","Reyes","Sao Paulo","Brazil","04849-000","Portuguese","Female","","Married","2","2021-06-18","1998-03-28","Steven.Reyes@gmail.com","662-465-5784"
6197,"Alisson","Forbes","Cairo","Egypt","00000","Arabic","Female","","Married","1","2019-09-30","1941-05-07","Alisson.Forbes@ymail.com","596-338-8670"
47657,"Alfred","Gallagher","Sydney","Australia","2127","English","Female","","Single","0","2022-03-13","1975-03-12","Alfred.Gallagher@hotmail.com","093-619-6927"
168768,"Ashleigh","Contreras","Mumbai","India","400002","Hindi","Male","","Married","4","2020-07-21","1998-04-11","Ashleigh.Contreras@gmail.com","165-358-5937"
81031,"Jazlynn","Goodman","Tokyo","Japan","176-0000","Japanese","Undisclosed","","Single","0","2021-09-22","2005-02-18","Jazlynn.Goodman@gmail.com","479-290-4589"
189610,"Jerry","Wilcox","New York City","United States","11208","English","Female","","Married","3","2020-01-03","1963-11-30","Jerry.Wilcox@aol.com","762-046-5307"
50405,"Riley","Dalton","Tokyo","Japan","182-0000","Japanese","Female","","Married","3","2022-02-20","1996-10-07","Riley.Dalton@gmail.com","327-567-0769"
89705,"Eva","Schultz","Denver","United States","80257","English","Female","","Undisclosed","Undisclosed","2021-12-25","1946-05-12","Eva.Schultz@ymail.com","580-183-8502"
19875,"Kamryn","Alvarado","Madrid","Spain","28021","Spanish","Female","","Undisclosed","Undisclosed","2021-05-24","1980-12-22","Kamryn.Alvarado@hotmail.com","145-829-2660"
92528,"Itzel","Faulkner","New York City","United States","10456","English","Female","","Married","3","2021-11-15","1985-11-12","Itzel.Faulkner@hotmail.com","073-488-3272"
148367,"Jordan","Reeves","Paris","France","75014","French","Male","","Married","0","2019-08-08","1997-01-08","Jordan.Reeves@gmail.com","601-079-9732"
110717,"Rex","Preston","Paris","France","75018","French","Female","","Married","1","2020-03-03","1972-11-01","Rex.Preston@hotmail.com","565-730-8295"
30385,"Alex","Howell","Warsaw","Poland","00-084","Polish","Undisclosed","","Married","4","2019-05-06","1995-02-07","Alex.Howell@gmail.com","276-044-9504"
141082,"Rose","Hensley","MANCHESTER","United Kingdom","M1 1PE","English","Female","","Married","3","2021-09-17","1947-12-01","Rose.Hensley@ymail.com","312-346-4287"
14881,"Alex","Hooper","Hamburg  ","Germany","21129","German","Undisclosed","","Married","2","2020-06-17","2001-11-06","Alex.Hooper@gmail.com","844-535-2266"
168243,"Draven","Hanna","boston","United States","2124","English","Female","","Single","0","2020-12-31","1989-03-16","Draven.Hanna@gmail.com","892-340-7239"
106251,"Nehemiah","Calderon","Montreal","Canada","H1X 2K6","English","Male","","Single","0","2021-10-31","2001-05-09","Nehemiah.Calderon@gmail.com","900-936-6251"
19730,"Jacquelyn","Stein","Krakow","Poland","31-5","Polish","Female","","Single","0","2019-12-20","1964-03-22","Jacquelyn.Stein@aol.com","617-580-8483"
144893,"Ronan","Downs","New York City","United States","80209","English","Female","","Married","2","2020-08-07","1981-03-09","Ronan.Downs@hotmail.com","204-965-3482"
27391,"Abdiel","Obrien","New York City","United States","11368","English","Male","","Married","3","2019-11-15","1959-08-10","Abdiel.Obrien@aol.com","352-442-1072"
177529,"Gavin","Giles","San Mateo","United States","94404","English","Male","","Single","0","2021-03-26","1981-05-29","Gavin.Giles@hotmail.com","755-351-7904"
8414,"Izayah","Church","Krakow","Poland","31-5","Polish","Male","","Single","0","2022-04-05","1987-12-03","Izayah.Church@hotmail.com","052-783-4743"
16949,"Carleigh","Campos","Toronto","Canada","M4C 1X6","English","Female","","Undisclosed","Undisclosed","2020-08-30","1957-05-16","Carleigh.Campos@aol.com","891-300-0723"
52344,"Elvis","Richardson","Montreal","Canada","H2P 1L1","English","Female","","Married","3","2020-05-01","1952-12-22","Elvis.Richardson@ymail.com","725-753-5333"
171647,"Nikolas","Armstrong","London","United Kingdom","E1 8AQ","English","Female","","Married","2","2019-01-08","1979-02-09","Nikolas.Armstrong@hotmail.com","299-239-7961"
219204,"Darian","Fry","Barcelona","Spain","08013","Spanish","Female","","Married","2","2019-03-12","1985-10-01","**~MASKED~**.**~MASKED~**@gmail.com","111-111-1111"
1725,"Shane","Callahan","Hamburg","Germany","21129","German","Male","","Married","1","2019-07-02","1991-01-09","Shane.Callahan@gmail.com","647-036-8800"
135742,"Elsa","Kidd","PARIS","France","75004","French","Female","","Married","1","2020-07-03","1953-02-08","Elsa.Kidd@ymail.com","101-799-6592"
44652,"Brooke","Briggs","Toronto","Canada","M4C 1V6","English","Male","","Married","2","2020-09-08","1963-02-21","Brooke.Briggs@aol.com","921-715-0911"
16735,"Eric","Duarte","Hamburg","Germany","21129","German","Female","","Married","3","2020-08-01","1972-07-19","Eric.Duarte@hotmail.com","662-574-5351"
130740,"Jude","Bowers","  Delhi","India","110094","Hindi","Male","","Undisclosed","Undisclosed","2019-05-23","1950-06-05","Jude.Bowers@ymail.com","964-662-7057"
210227,"Ayanna","Gray","Berlin","Germany","","German","Male","","Single","0","2019-06-11","1950-02-07","**~MASKED~**.**~MASKED~**@att.net","111-111-1111"
58475,"Brenton","Pitts","Vancouver","Canada","V5K 2E6","English","Male","","Single","0","2020-08-07","1994-07-15","Brenton.Pitts@gmail.com","968-446-9785"
96874,"Jaidyn","Crane","Tokyo","Japan","100-0400","Japanese","Male","","Single","1","2019-01-31","1990-05-20","Jaidyn.Crane@gmail.com","009-324-8709"
152207,"Taryn","Lloyd","Toronto","Canada","M4C 3J6","English","Male","","Married","2","2019-05-20","1983-04-30","Taryn.Lloyd@hotmail.com","439-900-3230"
105130,"Penelope","Bruce","Denver","United States","80204","English","Female","","Single","0","2020-06-26","1941-09-07","Penelope.Bruce@ymail.com","924-174-0921"
196536,"Jaydan","Luna","Toronto","Canada","M4C 1V6","English","Female","","Married","2","2019-08-26","1957-12-15","Jaydan.Luna@aol.com","813-871-7619"
221117,"Jaelyn","Tate","Rio de Janeiro","Brazil","","Portuguese","Undisclosed","","Married","2","2019-05-07","1970-10-06","**~MASKED~**.**~MASKED~**@aim.com","111-111-1111"
25653,"Julianne","Spears","Denver","United States","80205","English","Male","","Single","0","2020-04-21","1957-04-08","Julianne.Spears@aol.com","473-919-9954"
134396,"Bradyn","Cain","Seoul","South Korea","100-013","Korean","Male","","Undisclosed","Undisclosed","2019-10-08","1940-11-20","Bradyn.Cain@ymail.com","008-945-6117"
153096,"Hanna","Jensen","Boston","United States","2136","English","Undisclosed","","Married","4","2019-03-28","1967-02-15","Hanna.Jensen@aol.com","451-253-6948"
97100,"Jaida","Romero","  Boston","United States","2108","English","Male","","Married","0","2021-11-07","1992-12-31","Jaida.Romero@gmail.com","248-029-9467"
76753,"Ignacio","Estrada","Manchester","United Kingdom","M1 1WD","English","Undisclosed","","Divorced/Seperated","2","2019-01-27","1953-06-29","Ignacio.Estrada@ymail.com","435-075-6718"
162290,"Tiffany","Choi","Montreal","Canada","H4V 1S9","English","Female","","Married","4","2020-03-20","1990-11-24","Tiffany.Choi@gmail.com","635-491-9122"
212955,"Ernest","House","Cairo","Egypt","00000","Arabic","Female","","Single","0","2019-05-14","1981-08-04","**~MASKED~**.**~MASKED~**@ymail.com","111-111-1111"
140206,"Libby","Shah","Manchester","United Kingdom","M1 2AU","English","Female","","Single","0","2019-01-08","1972-04-13","Libby.Shah@hotmail.com","203-304-1151"
134871,"Mathias","Duarte","Seoul","South Korea","100-250","Korean","Female","","Married","0","2020-03-17","1977-10-17","Mathias.Duarte@hotmail.com","631-960-3414"
154082,"Zayne","Vance","WARSAW","Poland","00-082","Polish","Male","","Married","4","2021-01-16","1978-10-14","Zayne.Vance@hotmail.com","404-036-5510"
197433,"Sophie","Nixon","Mumbai","India","400033","Hindi","Female","","Single","0","2020-05-08","1991-12-19","Sophie.Nixon@gmail.com","474-333-1586"
98824,"Johanna","Fuller","Warsaw","Poland","00-068","Polish","Male","","Single","0","2022-03-08","1948-06-21","Johanna.Fuller@ymail.com","257-334-3365"
33184,"Charlize","Woodard","Rio de Janeiro","Brazil","22753-000","Portuguese","Male","","Single","0","2021-07-03","1999-01-20","Charlize.Woodard@gmail.com","291-134-2795"
222082,"Mathias","Cabrera","BERLIN","Germany","","German","Female","","Married","3","2019-08-13","1962-02-27","**~MASKED~**.**~MASKED~**@excite.com","111-111-1111"
57101,"Kaila","Baker","Cairo  ","Egypt","00000","Arabic","Female","","Divorced/Seperated","2","2019-12-19","1971-07-26","Kaila.Baker@hotmail.com","148-559-6675"
60237,"Kobe","Rowe","San Mateo","United States","94404","English","Female","","Single","0","2021-12-15","1997-12-09","Kobe.Rowe@gmail.com","340-673-8663"
213070,"Bo","Sellers","Cairo","Egypt","00000","Arabic","Female","","Married","5+","2019-02-12","1985-11-26","**~MASKED~**.**~MASKED~**@gmail.com","111-111-1111"
177569,"Beckett","Underwood","Tokyo","Japan","176-0000","Japanese","Male","","Single","0","2019-12-18","1979-11-26","Beckett.Underwood@hotmail.com","446-734-0187"
208842,"Terrell","Stewart","MUNICH","Germany","80809","German","Female","","Single","0","2019-08-20","1956-02-21","**~MASKED~**.**~MASKED~**@netscape.net","111-111-1111"
78110,"Lacey","Collier","Toronto","Canada","M4C 1V6","English","Male","","Married","2","2020-04-05","1952-12-31","Lacey.Collier@ymail.com","598-300-0809"
128419,"Tristan","Horn","Tokyo","Japan","205-0000","Japanese","Female","","Single","0","2022-01-02","1941-02-20","Tristan.Horn@ymail.com","594-365-7458"
54660,"Mathew","Richard","  Sao Paulo","Brazil","04849-000","Portuguese","Male","","Single","0","2020-03-18","1968-09-10","Mathew.Richard@aol.com","127-327-0768"
114955,"Teagan","Freeman","Manchester","United Kingdom","M1 2AH","English","Male","","Married","2","2021-03-19","1946-02-22","Teagan.Freeman@ymail.com","366-382-7334"
147061,"Hunter","Solomon","Warsaw  ","Poland","00-083","Polish","Male","","Single","0","2019-07-07","1953-12-11","Hunter.Solomon@ymail.com","560-259-9399"
208741,"Deshawn","Davies","Rio de Janeiro  ","Brazil","","Portuguese","Female","","Divorced/Seperated","5+","2019-08-27","1962-01-30","**~MASKED~**.**~MASKED~**@excite.com","111-111-1111"
9574,"Tanner","Fuller","Montreal","Canada","H2J 3E3","English","Male","","Single","0","2019-02-23","1988-09-09","Tanner.Fuller@hotmail.com","655-069-2431"
211687,"Maren","Dunlap","Stockholm","Sweden","","Swedish","Female","","Married","4","2019-03-19","1959-09-08","**~MASKED~**.**~MASKED~**@netscape.net","111-111-1111"
67393,"Samantha","Acosta","Nice","France","6206","French","Male","","Single","0","2021-11-30","1955-10-01","Samantha.Acosta@ymail.com","451-976-3545"
129078,"Valentino","Navarro","Seoul","South Korea","100-060","Korean","Male","","Divorced/Seperated","4","2021-01-08","1958-07-26","Valentino.Navarro@aol.com","389-245-9380"
179235,"Toby","Carr","Denver","United States","80271","English","Male","","Married","1","2020-05-06","1950-05-05","Toby.Carr@ymail.com","016-269-6604"
88570,"Javon","Powell","Seattle","United States","98195","English","Female","","Single","0","2022-02-25","1957-09-13","Javon.Powell@aol.com","070-280-0007"
25189,"Ashly","Stein","Tokyo","Japan","105-0000","Japanese","Undisclosed","","Single","0","2020-11-06","1964-01-02","Ashly.Stein@aol.com","472-318-4266"
145263,"Brogan","Rojas","delhi","India","110073","Hindi","Undisclosed","","Single","2","2020-03-28","1988-02-26","Brogan.Rojas@hotmail.com","631-609-8469"
178602,"Kobe","Hahn","MUMBAI","India","400025","Hindi","Female","","Married","1","2019-03-17","1996-03-25","Kobe.Hahn@gmail.com","285-873-5632"
90650,"Cynthia","Wilkins","Denver","United States","80204","English","Male","","Married","1","2021-11-23","1950-03-13","Cynthia.Wilkins@ymail.com","207-210-0614"
185237,"Ivan","Henson","Mumbai","India","400059","Hindi","Female","","Single","0","2019-07-09","2001-12-06","Ivan.Henson@gmail.com","229-505-4466"
95484,"Addison","Schwartz","Delhi","India","110006","Hindi","Female","","Single","0","2019-11-20","1969-11-25","Addison.Schwartz@aol.com","664-774-3691"
98634,"Amari","Meza","Seattle","United States","98109","English","Male","","Married","2","2021-08-17","1981-04-30","Amari.Meza@hotmail.com","960-456-9985"
34294,"Marianna","Levy","Boston","United States","2108","English","Male","","Single","0","2021-07-04","1942-08-28","Marianna.Levy@ymail.com","380-822-8753"
80027,"Ashlee","Olsen","Nice","France","6100","French","Undisclosed","","Married","3","2019-08-01","1949-10-16","Ashlee.Olsen@ymail.com","228-663-7010"
107607,"Luis","Pace","Manchester","United Kingdom","M1 2BA","English","Male","","Married","4","2019-08-02","2006-03-12","Luis.Pace@gmail.com","614-431-5180"
203490,"Hayes","Swanson","Berlin","Germany","","German","Male","","Married","2","2019-01-15","1965-06-15","**~MASKED~**.**~MASKED~**@yahoo.com","111-111-1111"
203947,"Eleanor","Kelly","Berlin","Germany","","German","Male","","Single","0","2019-04-09","1978-06-27","**~MASKED~**.**~MASKED~**@gmail.com","111-111-1111"
26589,"Jordyn","Vazquez","Cape Town","South Africa","8005","English","Female","","Married","4","2022-03-14","1945-01-12","Jordyn.Vazquez@ymail.com","280-359-8189"
93173,"Nylah","Huang","Melbourne","Australia","3010","English","Female","","Divorced/Seperated","2","2021-11-07","1953-04-12","Nylah.Huang@ymail.com","133-335-7021"
123958,"Drake","Harrell","Manchester","United Kingdom","M1 2AJ","English","Female","","Divorced/Seperated","1","2019-01-13","1985-11-13","Drake.Harrell@hotmail.com","265-385-9971"
104139,"Conrad","Richard","Manchester","United Kingdom","M1 1PX","English","Undisclosed","","Married","3","2022-05-04","1953-05-06","Conrad.Richard@ymail.com","657-585-7373"
105346,"Harper","Mata","Nice","France","6200","French","Female","","Single","0","2019-05-25","1975-01-13","Harper.Mata@hotmail.com","451-185-7716"
96447,"Nehemiah","Mcguire","Boston","United States","2125","English","Female","","Single","0","2019-06-01","1945-09-18","Nehemiah.Mcguire@ymail.com","052-417-1897"
51561,"Laylah","Dudley","Boston  ","United States","2125","English","Female","","Married","2","2019-12-10","1962-01-25","Laylah.Dudley@aol.com","007-832-5838"
213720,"Cheyanne","Andrews","  Cairo","Egypt","00000","Arabic","Female","","Married","0","2019-07-16","1991-04-09","**~MASKED~**.**~MASKED~**@netscape.net","111-111-1111"
18724,"Isai","Patrick","New York City","United States","11211","English","Male","","Married","2","2022-03-13","1981-07-20","Isai.Patrick@hotmail.com","325-496-6790"
7840,"Danielle","Collins","  Toronto","Canada","M4C 1V6","English","Female","","Undisclosed","Undisclosed","2019-08-14","1990-08-22","Danielle.Collins@gmail.com","218-108-0963"
124302,"Johnathan","Harding","SEATTLE","United States","98195","English","Female","","Divorced/Seperated","2","2021-12-23","1973-09-13","Johnathan.Harding@hotmail.com","347-345-6560"
106742,"Elsie","Hardy","SEOUL","South Korea","100-273","Korean","Female","","Divorced/Seperated","0","2021-12-10","1941-06-07","Elsie.Hardy@ymail.com","170-307-4526"
86403,"Branson","Strickland","vancouver","Canada","V5K 0A4","English","Female","","Single","0","2022-06-05","1973-08-06","Branson.Strickland@hotmail.com","608-238-4768"
140656,"Mohamed","Villa","San Mateo","United States","94401","English","Female","","Undisclosed","Undisclosed","2020-03-17","1995-08-01","Mohamed.Villa@gmail.com","198-495-5632"
49463,"Melissa","Patterson","cairo","Egypt","00000","Arabic","Male","","Single","0","2020-06-07","1960-04-26","Melissa.Patterson@aol.com","563-333-1858"
131455,"Araceli","Rosales","Nice","France","6200","French","Female","","Undisclosed","Undisclosed","2020-12-04","1947-01-29","Araceli.Rosales@ymail.com","393-382-2636"
8330,"Winston","Carlson","Rio de Janeiro","Brazil","22753-000","Portuguese","Female","","Married","2","2020-12-20","1963-11-05","Winston.Carlson@aol.com","637-948-4992"
144899,"Kathy","Kim","Manchester","United Kingdom","M1 1BE","English","Female","","Married","2","2019-07-13","1991-01-25","Kathy.Kim@gmail.com","118-112-3441"
162538,"Isabelle","Pitts","Nice","France","6300","French","Male","","Single","2","2021-03-08","1976-01-07","Isabelle.Pitts@hotmail.com","877-928-2046"
193228,"Danny","Forbes","San Mateo","United States","94497","English","Female","","Single","0","2020-08-09","1950-06-12","Danny.Forbes@ymail.com","191-750-3042"
97318,"Tristan","Haas","Tokyo","Japan","182-0000","Japanese","Male","","Single","0","2019-09-02","2005-12-25","Tristan.Haas@gmail.com","377-301-9554"
67088,"Braiden","Nielsen","Seoul","South Korea","100-195","Korean","Male","","Single","0","2020-08-02","1968-07-15","Braiden.Nielsen@aol.com","635-529-6609"
166375,"Jayvion","Knapp","Melbourne","Australia","3207","English","Female","","Single","0","2020-05-26","1954-01-12","Jayvion.Knapp@ymail.com","595-516-7634"
54117,"Vanessa","Beasley","Toronto","Canada","M4C 3J6","English","Undisclosed","","Married","2","2020-11-09","1958-02-10","Vanessa.Beasley@aol.com","042-887-5736"
196935,"Megan","Dixon","Toronto","Canada","M4C 1V6","English","Female","","Single","1","2020-05-30","1989-06-27","Megan.Dixon@gmail.com","658-270-1302"
22479,"Dario","Mosley","Cairo","Egypt","00000","Arabic","Male","","Single","0","2020-09-03","1974-08-07","Dario.Mosley@hotmail.com","938-284-5346"
184507,"Marshall","Arnold","Montreal","Canada","H3M 1R6","English","Female","","Single","0","2021-10-24","2003-11-03","Marshall.Arnold@gmail.com","747-489-6396"
192129,"Miranda","Horton","Seattle","United States","98102","English","Male","","Married","4","2019-12-13","1980-09-15","Miranda.Horton@hotmail.com","751-166-2211"
172018,"Caylee","Velazquez","Denver","United States","80271","English","Male","","Married","4","2019-03-04","1967-02-26","Caylee.Velazquez@aol.com","494-482-3353"
84985,"Axel","Stevenson","Toronto","Canada","M4C 1E7","English","Male","","Single","0","2021-04-19","1957-09-07","Axel.Stevenson@aol.com","279-779-6991"
145583,"Finley","Walters","london","United Kingdom","E1 7AD","English","Female","","Single","0","2019-04-10","1947-03-18","Finley.Walters@ymail.com","335-239-9429"
116892,"Jaelyn","Perkins","Denver","United States","80205","English","Male","","Divorced/Seperated","3","2022-03-17","1987-08-15","Jaelyn.Perkins@hotmail.com","453-965-5764"
22109,"Mitchell","Blankenship","San Mateo","United States","94402","English","Undisclosed","","Married","2","2019-01-06","1985-06-11","Mitchell.Blankenship@hotmail.com","284-668-4405"
154877,"Oswaldo","Bryant","Sydney","Australia","1466","English","Female","","Divorced/Seperated","2","2021-04-23","1966-05-12","Oswaldo.Bryant@aol.com","443-747-2861"
217411,"Amiya","Olsen","Stockholm","Sweden","","Swedish","Female","","Married","1","2019-01-22","1972-03-21","**~MASKED~**.**~MASKED~**@gmail.com","111-111-1111"
215,"Daniella","Hatfield","Barcelona","Spain","08013","English","Female","","Single","0","2020-12-18","1992-11-17","Daniella.Hatfield@gmail.com","210-683-5639"
168913,"Zaiden","Mann","Denver","United States","80205","English","Male","","Undisclosed","Undisclosed","2021-12-02","1983-07-19","Zaiden.Mann@hotmail.com","749-187-1217"
106300,"Dillan","Calderon","  Toronto","Canada","M4C 1V8","English","Female","","Single","0","2020-08-12","1981-08-28","Dillan.Calderon@hotmail.com","321-570-9981"
104093,"Jaylee","Phillips","New York City","United States","10025","English","Male","","Single","0","2021-11-16","2003-11-08","Jaylee.Phillips@gmail.com","413-160-6866"
59567,"Skyla","Flores","Madrid","Spain","28021","Spanish","Female","","Married","2","2021-11-01","1949-11-23","Skyla.Flores@ymail.com","304-041-5501"
23068,"Aleena","Hobbs","Hamburg","Germany","21129","German","Male","","Married","2","2021-08-21","1989-06-10","Aleena.Hobbs@gmail.com","210-001-7974"
98124,"Jaylen","Snow","Denver","United States","80205","English","Male","","Single","0","2020-01-30","1987-09-01","Jaylen.Snow@hotmail.com","196-396-1554"
47123,"Ezekiel","Webb","cairo","Egypt","00000","Arabic","Undisclosed","","Single","2","2019-05-14","1980-01-23","Ezekiel.Webb@hotmail.com","347-525-8230"
71992,"Easton","Pierce","Paris","France","75006","French","Female","","Married","1","2019-03-07","1986-09-27","Easton.Pierce@hotmail.com","203-668-4510"
25809,"Hannah","Short","Barcelona","Spain","08013","English","Female","","Married","2","2021-10-19","1982-03-03","Hannah.Short@hotmail.com","333-624-5102"
30456,"Grady","Meadows","Warsaw","Poland","00-056","Polish","Male","","Single","0","2021-09-01","1993-04-05","Grady.Meadows@gmail.com","538-579-8806"
163099,"Aurora","Marks","Seattle","United States","98185","English","Male","","Single","0","2020-04-18","1967-01-18","Aurora.Marks@aol.com","320-392-3670"
191772,"Kadyn","Hale","London","United Kingdom","E1 7AD","English","Male","","Divorced/Seperated","2","2021-05-17","1966-01-12","Kadyn.Hale@aol.com","095-393-5972"
120256,"Clinton","Stanton","Seoul","South Korea","100-053","Korean","Female","","Single","0","2020-03-08","1989-07-20","Clinton.Stanton@gmail.com","420-071-7344"
53870,"Gilberto","Williams","Toronto","Canada","M4C 1L8","English","Female","","Single","0","2022-05-21","1990-12-25","Gilberto.Williams@gmail.com","270-989-9939"
119478,"Faith","Barnes","San Mateo","United States","94401","English","Undisclosed","","Single","0","2021-06-29","1963-08-07","Faith.Barnes@aol.com","342-902-1658"
148183,"Harmony","Banks","nice","France","6200","French","Female","","Married","0","2019-01-24","1978-12-15","Harmony.Banks@hotmail.com","289-908-0587"
170378,"Erik","Davies","Boston","United States","2135","English","Male","","Single","0","2019-07-19","1959-04-19","Erik.Davies@aol.com","583-446-6807"
108815,"Amelie","Huber","Boston","United States","2125","English","Female","","Married","1","2019-09-19","1972-02-02","Amelie.Huber@hotmail.com","152-986-1568"
24662,"Darion","Elliott","WARSAW","Poland","00-008","Polish","Male","","Divorced/Seperated","2","2019-03-16","1990-03-30","Darion.Elliott@gmail.com","007-950-2637"
164232,"Sonny","Lamb","Seattle","United States","98185","English","Male","","Married","3","2020-09-28","1951-07-30","Sonny.Lamb@ymail.com","850-253-2929"
51435,"Elianna","Mcdonald","London","United Kingdom","E1 8AR","English","Female","","Divorced/Seperated","3","2019-03-01","1996-12-07","Elianna.Mcdonald@gmail.com","922-998-8730"
195083,"Glenn","Bowers","sydney","Australia","2060","English","Female","","Undisclosed","Undisclosed","2019-01-09","1959-04-21","Glenn.Bowers@aol.com","138-053-3247"
204326,"Marcos","Melton","Hamburg","Germany","21129","German","Female","","Single","0","2019-01-22","1978-03-14","**~MASKED~**.**~MASKED~**@gmail.com","111-111-1111"
37557,"Cailyn","Ingram","Barcelona","Spain","08013","English","Female","","Married","2","2021-01-08","1986-11-11","Cailyn.Ingram@hotmail.com","772-852-1349"
158424,"Asa","Booth","Delhi","India","110039","Hindi","Female","","Single","0","2020-03-18","1952-05-15","Asa.Booth@ymail.com","301-273-3550"
20529,"Leonardo","Warren","Montreal","Canada","H4N 3E8","English","Male","","Married","0","2021-12-28","1991-06-15","Leonardo.Warren@gmail.com","006-509-6334"
160838,"Nicole","Rasmussen","San Mateo","United States","94497","English","Undisclosed","","Divorced/Seperated","4","2019-12-02","1949-11-24","Nicole.Rasmussen@ymail.com","694-573-5310"
85428,"Malia","Mcpherson","Melbourne","Australia","3045","English","Female","","Undisclosed","Undisclosed","2019-12-27","1950-12-21","Malia.Mcpherson@ymail.com","865-801-0156"
171750,"Yoselin","Gardner","Montreal","Canada","H3A 2H6","English","Female","","Single","0","2019-10-29","1990-09-19","Yoselin.Gardner@gmail.com","720-229-1798"
143625,"Keyla","Copeland","Nice","France","6200","French","Male","","Married","1","2019-10-23","1978-06-13","Keyla.Copeland@hotmail.com","528-634-5631"
105077,"Parker","West","Sydney","Australia","2055","English","Female","","Married","3","2020-11-23","1944-10-17","Parker.West@ymail.com","237-354-3237"
143477,"Alexander","Donovan","Seattle","United States","98102","English","Male","","Divorced/Seperated","2","2021-03-15","1945-12-01","Alexander.Donovan@ymail.com","470-469-4511"
80606,"Janae","Lawrence","Delhi","India","110041","Hindi","Undisclosed","","Single","0","2021-06-29","1992-02-21","Janae.Lawrence@gmail.com","197-128-5204"
9496,"Donald","Molina","Barcelona","Spain","08013","English","Male","","Married","0","2019-01-10","1993-05-15","Donald.Molina@gmail.com","529-678-2315"
27528,"Terry","Burgess","New York City","United States","11368","English","Male","","Single","0","2019-08-23","1998-12-16","Terry.Burgess@gmail.com","662-804-3490"
24790,"Chris","Ponce","Stockholm","Sweden","6100","Swedish","Male","","Married","3","2022-04-07","1992-10-12","Chris.Ponce@gmail.com","059-906-7221"
100586,"Ivan","Santana","Paris","France","75003","French","Male","","Single","0","2021-07-09","1950-10-03","Ivan.Santana@ymail.com","133-949-5985"
108297,"Dax","Villanueva","Paris","France","75009","French","Female","","Married","1","2021-12-04","1968-04-16","Dax.Villanueva@aol.com","716-928-8224"
66696,"Jay","Osborn","Seoul","South Korea","100-014","Korean","Female","","Married","2","2019-07-05","1978-12-11","Jay.Osborn@hotmail.com","644-433-4567"
42297,"River","Meadows","Boston","United States","2108","English","Female","","Married","2","2021-01-17","1950-04-18","River.Meadows@ymail.com","701-376-5558"
78613,"Thaddeus","Bradford","Seattle","United States","98185","English","Male","","Married","3","2022-02-21","1964-08-14","Thaddeus.Bradford@aol.com","273-369-9160"
197228,"Tabitha","Giles","New York City","United States","11207","English","Female","","Married","1","2020-10-10","1947-09-09","Tabitha.Giles@ymail.com","007-109-5340"
24983,"Krystal","Bonilla","krakow","Poland","31-5","Polish","Undisclosed","","Married","1","2021-11-14","1941-03-24","Krystal.Bonilla@ymail.com","105-460-5504"
9189,"Bryan","Chapman","Krakow","Poland","31-5","Polish","Undisclosed","","Married","3","2022-01-15","2003-07-04","Bryan.Chapman@gmail.com","991-055-3008"
128969,"Adison","Davila","Delhi","India","110006","Hindi","Male","","Married","3","2020-01-17","1947-01-02","Adison.Davila@ymail.com","741-895-0724"
149515,"Dayton","Conrad","London","United Kingdom","E1 7PZ","English","Female","","Single","1","2019-03-26","1994-02-03","Dayton.Conrad@gmail.com","602-622-4781"
4070,"Amya","Summers","Krakow","Poland","31-5","Polish","Female","","Single","0","2021-02-26","2003-06-08","Amya.Summers@gmail.com","605-613-9510"
134350,"Mike","Gonzales","New York City","United States","10456","English","Male","","Married","3","2019-08-10","1994-10-24","Mike.Gonzales@gmail.com","004-560-5145"
221289,"Zaid","Willis","Rio de Janeiro","Brazil","","Portuguese","Male","","Married","0","2019-09-03","1982-08-10","**~MASKED~**.**~MASKED~**@donotdisturb.com","111-111-1111"
81477,"Allisson","Nixon","Manchester","United Kingdom","M1 1JH","English","Female","","Married","1","2019-01-27","1961-06-23","Allisson.Nixon@aol.com","072-498-8931"
190190,"Joe","Bailey","Mumbai","India","400020","Hindi","Female","","Married","3","2022-06-26","1977-06-04","Joe.Bailey@hotmail.com","876-781-7559"
19634,"Braxton","Hampton","Montreal","Canada","H4N 3E8","English","Female","","Undisclosed","Undisclosed","2020-01-23","1988-05-14","Braxton.Hampton@hotmail.com","734-967-2313"
31272,"Aliza","Stokes","Warsaw","Poland","00-051","Polish","Female","","Married","0","2021-06-16","1990-01-15","Aliza.Stokes@gmail.com","022-726-2319"
133161,"Hector","Meyer","Nice  ","France","600","French","Male","","Married","2","2021-09-19","1977-07-02","Hector.Meyer@hotmail.com","749-445-2683"
95035,"Janae","Burgess","Nice","France","6206","French","Male","","Married","2","2019-05-03","1993-05-21","Janae.Burgess@gmail.com","509-922-0816"
7516,"India","Fleming","Hamburg","Germany","21129","German","Female","","Married","1","2021-02-27","1992-04-19","India.Fleming@gmail.com","034-547-5993"
206989,"Lilyana","Salazar","Cairo","Egypt","00000","Arabic","Female","","Married","3","2019-06-11","1955-05-03","**~MASKED~**.**~MASKED~**@att.net","111-111-1111"
204551,"Rebecca","Zamora","Hamburg","Germany","21129","German","Male","","Single","0","2019-03-12","1983-06-14","**~MASKED~**.**~MASKED~**@donotdisturb.com","111-111-1111"
59581,"Alayna","Ibarra","San Mateo  ","United States","94497","English","Female","","Undisclosed","Undisclosed","2020-07-20","1984-07-12","Alayna.Ibarra@hotmail.com","885-404-6926"
210163,"Kristopher","Fisher","berlin","Germany","","German","Female","","Single","0","2019-09-03","1977-01-11","**~MASKED~**.**~MASKED~**@gmail.com","111-111-1111"
221058,"Leonard","Pacheco","Rio de Janeiro","Brazil","","Portuguese","Male","","Undisclosed","Undisclosed","2019-07-09","1977-11-22","**~MASKED~**.**~MASKED~**@gmail.com","111-111-1111"
53337,"Ralph","Sandoval","Stockholm","Sweden","6200","Swedish","Female","","Single","0","2019-08-08","1942-07-14","Ralph.Sandoval@ymail.com","295-798-6141"
44596,"Cheyenne","Avery","San Mateo","United States","94497","English","Male","","Married","0","2021-04-05","1983-11-21","Cheyenne.Avery@hotmail.com","315-868-1844"
216120,"Clare","Heath","  Berlin","Germany","","German","Male","","Divorced/Seperated","1","2019-04-09","1955-02-01","**~MASKED~**.**~MASKED~**@att.net","111-111-1111"
86112,"Landon","Cooke","Paris","France","75016","French","Female","","Married","4","2021-11-17","1963-01-05","Landon.Cooke@aol.com","729-966-4058"
58650,"Monica","Holt","Tokyo","Japan","182-0000","Japanese","Female","","Single","0","2021-04-10","1943-05-13","Monica.Holt@ymail.com","309-587-2121"
7560,"Turner","Mcguire","  Cairo","Egypt","00000","Arabic","Male","","Single","0","2021-04-15","2003-06-06","Turner.Mcguire@gmail.com","294-377-0702"
158616,"Carter","Fleming","Delhi","India","110043","Hindi","Female","","Married","1","2020-08-15","1941-06-14","Carter.Fleming@ymail.com","478-775-9044"
205557,"Johan","Santana","Stockholm","Sweden","","Swedish","Female","","Single","0","2019-04-30","1949-01-11","**~MASKED~**.**~MASKED~**@att.net","111-111-1111"
173503,"Kylie","Ayala","denver","United States","80227","English","Female","","Single","0","2020-09-24","1945-01-09","Kylie.Ayala@ymail.com","656-398-8359"
107208,"Fiona","Bright","Seattle","United States","98115","English","Female","","Undisclosed","Undisclosed","2019-08-01","1973-01-16","Fiona.Bright@hotmail.com","333-744-9330"
161924,"Saniyah","Washington","Melbourne","Australia","3000","English","Male","","Undisclosed","Undisclosed","2020-02-08","1992-09-15","Saniyah.Washington@gmail.com","883-052-6623"
23273,"Mikayla","Cherry","San Mateo","United States","94497","English","Female","","Single","0","2021-05-13","1979-03-22","Mikayla.Cherry@hotmail.com","659-400-9910"
1260,"Skylar","Griffith","  Hamburg","Germany","21129","German","Female","","Married","2","2020-10-13","1994-04-21","Skylar.Griffith@gmail.com","903-974-0330"
126626,"Triston","Schmitt","Boston","United States","2134","English","Male","","Married","4","2022-03-27","1981-08-23","Triston.Schmitt@hotmail.com","131-253-0929"
85335,"Ty","Holder","Delhi","India","110042","Hindi","Male","","Single","0","2020-07-22","1950-03-25","Ty.Holder@ymail.com","231-045-0284"
186252,"Hope","Velez","London","United Kingdom","E1 7QG","English","Male","","Married","0","2020-10-15","1996-08-06","Hope.Velez@gmail.com","854-681-7399"
209775,"Gracelyn","Scott","Berlin","Germany","","German","Male","","Married","1","2019-01-15","1972-03-07","**~MASKED~**.**~MASKED~**@gmail.com","111-111-1111"
100295,"Diego","Hicks","Delhi","India","110091","Hindi","Male","","Undisclosed","Undisclosed","2021-11-30","1998-01-01","Diego.Hicks@gmail.com","488-023-7153"
112079,"Paulina","Harrell","New York City","United States","10025","English","Male","","Single","0","2021-04-25","1997-04-24","Paulina.Harrell@gmail.com","126-147-2951"
214342,"Maribel","Kirk","CAPE TOWN","South Africa","8005","English","Female","","Married","1","2019-01-08","1960-10-18","**~MASKED~**.**~MASKED~**@excite.com","111-111-1111"
67168,"Penelope","Gonzales","Tokyo","Japan","180-0000","Japanese","Male","","Single","0","2020-02-04","1943-04-20","Penelope.Gonzales@ymail.com","178-679-5497"
31817,"Juan","Moore","Tokyo","Japan","176-0000","Japanese","Male","","Married","1","2021-04-05","1969-06-16","Juan.Moore@aol.com","130-193-6419"
84105,"Victor","Garner","Warsaw","Poland","00-054","Polish","Female","","Married","4","2021-11-14","1992-03-20","Victor.Garner@gmail.com","729-633-7123"
131444,"Elianna","Graves","Seattle","United States","98115","English","Undisclosed","","Married","5+","2019-06-20","1978-03-26","Elianna.Graves@hotmail.com","348-060-8093"
24,"Mark","Reilly","Krakow","Poland","31-5","Polish","Female","","Married","2","2019-03-12","1968-11-10","Mark.Reilly@aol.com","157-725-5437"
213912,"Royce","Skinner","Cape Town","South Africa","8005","English","Female","","Married","2","2019-07-09","1946-03-19","**~MASKED~**.**~MASKED~**@att.net","111-111-1111"
40730,"Destiney","Liu","Rio de Janeiro","Brazil","22753-000","Portuguese","Male","","Undisclosed","Undisclosed","2020-09-21","2001-12-14","Destiney.Liu@gmail.com","785-468-8298"
50979,"Logan","Castaneda","Denver","United States","80271","English","Male","","Married","2","2021-05-29","1990-11-15","Logan.Castaneda@gmail.com","919-373-0563"
62769,"Braeden","Floyd","New York City","United States","11220","English","Male","","Single","0","2022-02-06","1941-06-17","Braeden.Floyd@ymail.com","817-654-8251"
1675,"Harley","Mueller","Cape Town","South Africa","8005","English","Female","","Single","0","2019-05-15","1958-05-27","Harley.Mueller@aol.com","639-551-0025"
57458,"Belen","Owens","Sao Paulo","Brazil","04849-000","Portuguese","Female","","Married","3","2022-04-25","1950-08-25","Belen.Owens@ymail.com","565-887-0306"
103812,"Amanda","Davila","Denver","United States","80204","English","Male","","Undisclosed","Undisclosed","2022-03-18","1947-08-21","Amanda.Davila@ymail.com","131-151-4938"
85355,"Brogan","Casey","Denver","United States","80208","English","Male","","Single","0","2019-01-02","1955-05-03","Brogan.Casey@ymail.com","087-429-5811"
142222,"Kimberly","Knapp","MUMBAI","India","400011","Hindi","Undisclosed","","Married","2","2021-02-15","1959-03-15","Kimberly.Knapp@aol.com","210-168-0505"
60994,"Eliza","Bentley","Seoul","South Korea","100-052","Korean","Male","","Single","2","2019-07-14","1964-09-29","Eliza.Bentley@aol.com","991-050-9274"
50334,"Brogan","Sanders","Sydney","Australia","2060","English","Undisclosed","","Single","2","2020-12-30","1994-09-12","Brogan.Sanders@gmail.com","248-254-7609"
216671,"Kelsey","Lynn","Hamburg","Germany","21129","German","Female","","Single","0","2019-01-15","1978-06-06","**~MASKED~**.**~MASKED~**@gmail.com","111-111-1111"
102190,"Jean","Padilla","Montreal","Canada","H1L 1L4","English","Female","","Married","2","2021-02-27","1974-10-18","Jean.Padilla@hotmail.com","168-756-2102"
4120,"Londyn","Ramsey","  Rio de Janeiro","Brazil","22753-000","Portuguese","Undisclosed","","Divorced/Seperated","2","2020-03-06","1979-10-23","Londyn.Ramsey@hotmail.com","368-965-4513"
109853,"Calvin","George","Boston","United States","2215","English","Male","","Married","2","2019-08-01","2002-02-08","Calvin.George@gmail.com","886-984-9041"
31165,"Mckayla","Gill","Munich","Germany","80809","German","Female","","Single","0","2021-10-19","1983-10-27","Mckayla.Gill@hotmail.com","817-758-6243"
39228,"Odin","Sosa","New York City","United States","10025","English","Male","","Undisclosed","Undisclosed","2020-09-27","1953-07-28","Odin.Sosa@ymail.com","846-376-2669"
105343,"Jeremy","Horn","vancouver","Canada","V5K 2S3","English","Male","","Single","0","2022-03-20","1947-09-05","Jeremy.Horn@ymail.com","197-790-2505"
79772,"Aarav","Holt","Tokyo","Japan","180-0000","Japanese","Male","","Divorced/Seperated","2","2020-02-26","1946-12-13","Aarav.Holt@ymail.com","832-844-8314"
159826,"Zoey","Summers","Sydney","Australia","2020","English","Male","","Married","0","2020-12-25","1995-06-13","Zoey.Summers@gmail.com","026-002-1623"
89210,"Josiah","Shah","London","United Kingdom","E1 7HT","English","Male","","Married","4","2021-07-25","1945-03-06","Josiah.Shah@ymail.com","308-498-8373"
9738,"Cullen","Lamb","Krakow","Poland","31-5","Polish","Male","","Single","0","2019-05-02","1965-02-18","Cullen.Lamb@aol.com","870-353-6110"
104898,"Ariella","Cantu","Toronto","Canada","M4C 1X6","English","Female","","Divorced/Seperated","2","2020-10-13","2006-01-16","Ariella.Cantu@gmail.com","761-773-1050"
197329,"Lilian","Lewis","Nice","France","6200","French","Undisclosed","","Single","0","2022-01-06","1961-09-20","Lilian.Lewis@aol.com","276-863-3587"
144329,"Ingrid","Odom","Boston","United States","2108","English","Undisclosed","","Married","2","2020-12-28","1940-06-25","Ingrid.Odom@ymail.com","707-956-1089"
126551,"Riya","Barnes","Seoul","South Korea","100-250","Korean","Female","","Married","3","2022-02-26","1970-11-21","Riya.Barnes@hotmail.com","207-755-8533"
13626,"Santino","Bolton","New York City","United States","10025","English","Male","","Married","1","2019-06-05","1958-04-29","Santino.Bolton@aol.com","139-604-4230"
3799,"Gabriel","Archer","Barcelona","Spain","08013","English","Female","","Married","4","2020-11-19","1955-11-25","Gabriel.Archer@ymail.com","235-789-0635"
140404,"Zain","Mullins","Mumbai","India","400053","Hindi","Male","","Undisclosed","Undisclosed","2020-10-31","1996-10-16","Zain.Mullins@gmail.com","832-645-5384"
203860,"Caden","Thomas","  Berlin","Germany","","German","Male","","Single","2","2019-01-08","1959-03-10","**~MASKED~**.**~MASKED~**@netscape.net","111-111-1111"
191789,"Alisa","Ochoa","Vancouver","Canada","V5K 0A3","English","Female","","Divorced/Seperated","4","2020-09-09","1955-03-21","Alisa.Ochoa@ymail.com","669-535-6168"
17713,"Steven","Terrell","Barcelona","Spain","08013","English","Male","","Single","0","2019-10-05","1956-09-07","Steven.Terrell@aol.com","328-039-6220"
129774,"Liana","Kaufman","Manchester","United Kingdom","M1 1WL","English","Female","","Single","0","2022-01-03","1969-03-16","Liana.Kaufman@aol.com","943-662-7049"
86246,"Davian","Hurley","Nice","France","6300","French","Female","","Married","1","2019-02-20","2004-06-19","Davian.Hurley@gmail.com","617-272-3739"
105777,"Vaughn","Sanford","Sydney","Australia","1235","English","Male","","Married","5+","2019-04-13","1942-08-03","Vaughn.Sanford@ymail.com","994-408-1737"
127724,"Brian","Cardenas","New York City","United States","11368","English","Male","","Single","0","2019-08-02","1983-09-03","Brian.Cardenas@hotmail.com","940-277-8807"
220888,"","Leach","Rio de Janeiro","Brazil","","Portuguese","Female","","Married","3","2019-06-11","1950-02-28","**~MASKED~**.**~MASKED~**@att.net","111-111-1111"
98436,"Chance","Bowen","Nice","France","6300","French","Male","","Undisclosed","Undisclosed","2020-12-07","2000-07-11","Chance.Bowen@gmail.com","212-909-8298"
6364,"Carl","Garrison","Munich","Germany","80809","German","Male","","Single","0","2021-04-01","1960-09-05","Carl.Garrison@aol.com","922-635-2266"
422,"Alfonso","Mclean","SAO PAULO","Brazil","110084","English","Male","","Married","0","2022-01-09","1988-08-19","Alfonso.Mclean@hotmail.com","438-563-4753"
122021,"Kali","Fitzgerald","Vancouver  ","Canada","V5K 0A6","English","Undisclosed","","Single","0","2019-04-06","1966-10-02","Kali.Fitzgerald@aol.com","717-700-8414"
121904,"Laura","Bond","Vancouver","Canada","V5K 0A4","English","Female","","Divorced/Seperated","0","2019-02-21","1995-11-23","Laura.Bond@gmail.com","603-546-5827"
21615,"Cornelius","King","Barcelona","Spain","08013","English","Female","","Undisclosed","Undisclosed","2020-01-19","1997-07-11","Cornelius.King@gmail.com","154-133-4239"
179167,"Randall","Bond","San Mateo","United States","94403","English","Male","","Single","0","2020-09-02","1952-03-26","Randall.Bond@ymail.com","168-870-1932"
126460,"Ayla","Rojas","  Seoul","South Korea","100-043","Korean","Female","","Single","0","2021-05-13","1990-06-16","Ayla.Rojas@gmail.com","114-477-7599"
67399,"Matthew","Page","Mumbai","India","400003","Hindi","Undisclosed","","Single","0","2020-09-22","1948-01-28","Matthew.Page@ymail.com","075-446-2180"
58795,"Isai","Barry","Stockholm","Sweden","6100","Swedish","Male","","Single","0","2022-02-12","1963-01-31","Isai.Barry@aol.com","098-838-5823"
59243,"Serena","Cook","vancouver","Canada","V5K 2J8","English","Female","","Single","0","2020-03-03","1948-08-08","Serena.Cook@ymail.com","766-815-8271"
40116,"Gilbert","Hudson","Madrid","Spain","28021","Spanish","Female","","Married","1","2021-07-03","1944-05-25","Gilbert.Hudson@ymail.com","173-152-6615"
195534,"Branden","Montoya","Toronto","Canada","M3C 0J1","English","Female","","Single","0","2020-07-24","1958-07-18","Branden.Montoya@aol.com","420-303-3354"
9156,"Nataly","Bradshaw","Munich","Germany","80809","German","Male","","Undisclosed","Undisclosed","2020-12-28","1944-09-14","Nataly.Bradshaw@ymail.com","545-608-9559"
211747,"Natalie","Best","Stockholm","Sweden","","Swedish","Male","","Single","0","2019-01-08","1955-11-22","**~MASKED~**.**~MASKED~**@att.net","111-111-1111"
38475,"Amy","Smith","London","United Kingdom","E1 7JB","English","Female","","Divorced/Seperated","3","2019-12-18","1985-11-04","Amy.Smith@hotmail.com","201-694-7498"
174883,"Sabrina","Strickland","delhi","India","110006","Hindi","Female","","Single","0","2019-07-24","1966-05-02","Sabrina.Strickland@aol.com","601-607-8292"
162546,"Alessandro","Hartman","Delhi","India","110093","Hindi","Female","","Single","0","2020-02-23","1959-06-03","Alessandro.Hartman@aol.com","180-425-6446"
36417,"Dana","Choi","Rio de Janeiro","Brazil","22753-000","Portuguese","Male","","Single","2","2022-01-30","1942-10-05","Dana.Choi@ymail.com","959-442-1619"
97290,"Griffin","Weber","Mumbai","India","400021","Hindi","Male","","Single","0","2019-10-04","1983-12-02","Griffin.Weber@hotmail.com","306-814-8677"
147139,"Akira","Hines","Mumbai","India","400029","Hindi","Male","","Married","1","2021-12-13","1944-02-05","Akira.Hines@ymail.com","987-799-3935"
180343,"Isabelle","Leon","toronto","Canada","M4C 3J6","English","Female","","Married","0","2022-04-11","1993-04-18","Isabelle.Leon@gmail.com","735-034-6721"
142408,"Dakota","Durham","Warsaw","Poland","00-065","Polish","Female","","Undisclosed","Undisclosed","2021-10-05","1988-12-02","Dakota.Durham@hotmail.com","010-360-9996"
151519,"Jamie","Gamble","London","United Kingdom","E1 7EU","English","Female","","Divorced/Seperated","2","2019-05-08","1981-01-30","Jamie.Gamble@hotmail.com","234-341-5355"
24724,"Miley","Liu","San Mateo","United States","94404","English","Male","","Single","0","2022-03-26","1997-05-30","Miley.Liu@gmail.com","039-634-0595"
37799,"Pierce","Alvarado","Warsaw","Poland","00-079","Polish","Female","","Single","0","2021-01-11","2002-06-25","Pierce.Alvarado@gmail.com","474-362-4635"
153441,"German","Vaughan","Paris  ","France","75011","French","Undisclosed","","Undisclosed","Undisclosed","2019-12-13","1955-02-01","German.Vaughan@ymail.com","749-637-2231"
204192,"Nylah","Vazquez","Hamburg","Germany","21129","German","Undisclosed","","Single","0","2019-04-23","1990-03-20","**~MASKED~**.**~MASKED~**@netscape.net","111-111-1111"
30787,"Leia","Rice","New York City","United States","10025","English","Male","","Married","3","2020-12-27","1993-10-31","Leia.Rice@gmail.com","045-134-5927"
221967,"Ellie","West","Berlin","Germany","","German","Female","","Single","0","2019-08-20","1953-05-26","**~MASKED~**.**~MASKED~**@att.net","111-111-1111"
175121,"Amani","Spencer","Tokyo  ","Japan","182-0000","Japanese","Female","","Single","0","2020-11-21","1941-01-23","Amani.Spencer@ymail.com","406-705-7121"
23437,"Caden","Powell","Krakow","Poland","31-5","Polish","Female","","Single","0","2020-01-28","1947-08-26","Caden.Powell@ymail.com","510-366-5888"
191775,"Jenna","Nolan","New York City","United States","11236","English","Female","","Married","2","2021-08-04","1954-01-02","Jenna.Nolan@ymail.com","819-736-6802"
207576,"Emmett","Tran","Cape Town","South Africa","8005","English","Female","","Married","1","2019-01-08","1983-11-29","**~MASKED~**.**~MASKED~**@donotdisturb.com","111-111-1111"
14247,"Edward","Barker","Stockholm","Sweden","6206","Swedish","Undisclosed","","Married","3","2020-12-20","1960-01-24","Edward.Barker@aol.com","758-679-8818"
219142,"Konner","Ewing","BARCELONA","Spain","08013","Spanish","Female","","Undisclosed","Undisclosed","2019-03-19","1975-10-28","**~MASKED~**.**~MASKED~**@gmail.com","111-111-1111"
394,"Lillian","Shah","Krakow","Poland","31-5","Polish","Male","","Married","1","2021-02-12","1985-09-30","Lillian.Shah@hotmail.com","856-330-9264"
197420,"Winston","Stevens","  Seoul","South Korea","100-012","Korean","Male","","Single","2","2020-04-03","1950-09-21","Winston.Stevens@ymail.com","087-141-4295"
219528,"Kendrick","Montoya","Cairo","Egypt","00000","Arabic","Female","","Divorced/Seperated","2","2019-04-16","1960-08-02","**~MASKED~**.**~MASKED~**@excite.com","111-111-1111"
90600,"Vivian","Huang","  New York City","United States","11226","English","Undisclosed","","Undisclosed","Undisclosed","2020-07-26","1973-08-01","Vivian.Huang@hotmail.com","092-343-2706"
179765,"Aliya","Patel","Mumbai","India","400003","Hindi","Male","","Married","1","2021-01-13","1966-10-24","Aliya.Patel@aol.com","298-922-0737"
51200,"Jadon","Christian","  Toronto","Canada","M4C 3B7","English","Undisclosed","","Undisclosed","Undisclosed","2020-04-18","1996-07-05","Jadon.Christian@gmail.com","920-496-0756"
96399,"Lorena","Summers","Mumbai","India","400051","Hindi","Female","","Single","0","2019-12-17","1950-07-06","Lorena.Summers@ymail.com","549-224-0018"
65798,"Denisse","Montoya","Mumbai","India","400003","Hindi","Male","","Single","0","2022-06-24","1947-09-21","Denisse.Montoya@ymail.com","273-318-3788"
65335,"Magdalena","Hicks","Sao Paulo","Brazil","04849-000","Portuguese","Male","","Married","2","2021-07-19","1991-02-09","Magdalena.Hicks@gmail.com","673-046-8894"
30338,"Adolfo","Caldwell","Cairo","Egypt","00000","Arabic","Female","","Single","0","2019-03-22","1961-02-03","Adolfo.Caldwell@aol.com","559-953-8054"
199194,"Bruno","Hardy","Vancouver","Canada","V5K 0A3","English","Male","","Single","0","2019-11-07","2000-07-24","Bruno.Hardy@gmail.com","010-166-6095"
10135,"Cora","Cherry","London","United Kingdom","E1 7BH","English","Female","","Single","0","2020-12-15","1947-11-05","Cora.Cherry@ymail.com","677-954-1951"
215372,"Cedric","Sosa","Munich","Germany","80809","German","Male","","Single","0","2019-05-07","1961-10-24","**~MASKED~**.**~MASKED~**@excite.com","111-111-1111"
138690,"Presley","Raymond","Seoul","South Korea","100-060","Korean","Male","","Married","1","2020-10-09","1953-07-24","Presley.Raymond@ymail.com","399-772-3996"
22451,"Jett","Galloway","Krakow","Poland","31-5","Polish","Female","","Divorced/Seperated","3","2019-09-23","1991-06-22","Jett.Galloway@gmail.com","318-523-1848"
147649,"Kadin","Johnston","Delhi","India","110073","Hindi","Male","","Divorced/Seperated","4","2021-12-18","1949-02-05","Kadin.Johnston@ymail.com","315-696-7650"
84663,"Benjamin","Herring","sydney","Australia","2129","English","Female","","Divorced/Seperated","3","2019-01-04","1952-12-30","Benjamin.Herring@ymail.com","916-313-3362"
96109,"Oswaldo","Fitzgerald","Nice","France","6200","French","Undisclosed","","Divorced/Seperated","5+","2022-01-30","1972-03-28","Oswaldo.Fitzgerald@hotmail.com","674-803-7996"
95653,"Daisy","Stevens","Warsaw","Poland","00-038","Polish","Male","","Undisclosed","Undisclosed","2019-08-27","1996-12-30","Daisy.Stevens@gmail.com","368-072-7198"
176148,"Avah","Buchanan","Nice","France","6200","French","Female","","Married","1","2020-09-12","1947-07-14","Avah.Buchanan@ymail.com","476-498-8059"
144623,"Arabella","Mcintosh","nice","France","182-0000","French","Female","","Undisclosed","Undisclosed","2020-11-23","2004-03-24","Arabella.Mcintosh@gmail.com","728-567-8242"
25870,"Kamila","Garcia","Stockholm","Sweden","600","Swedish","Male","","Single","1","2021-01-21","1966-01-18","Kamila.Garcia@aol.com","746-155-8307"
105676,"Ariana","Hunt","Vancouver","Canada","V5K 0A2","English","Female","","Married","2","2020-10-01","1948-09-26","Ariana.Hunt@ymail.com","616-269-8021"
97682,"Quinton","Castro","NICE","France","600","French","Male","","Single","0","2021-11-04","1943-07-19","Quinton.Castro@ymail.com","289-337-6819"
90587,"Skye","French","Mumbai","India","400001","Hindi","Male","","Divorced/Seperated","5+","2021-07-13","1969-03-25","Skye.French@aol.com","732-718-1642"
42544,"Raina","Proctor","Krakow","Poland","31-5","Polish","Female","","Single","0","2020-10-18","1962-07-14","Raina.Proctor@aol.com","346-286-2822"
82722,"Karlie","Hanna","NICE","France","6300","French","Male","","Married","4","2021-02-23","1973-11-19","Karlie.Hanna@hotmail.com","296-838-6993"
114403,"Catherine","Banks","seoul","South Korea","100-051","Korean","Female","","Married","1","2021-10-01","1976-09-11","Catherine.Banks@hotmail.com","910-891-5649"
43323,"Maggie","Daniel","mumbai","India","400025","Hindi","Female","","Single","0","2020-03-11","1965-11-08","Maggie.Daniel@aol.com","706-338-5233"
97296,"Jamya","Olson","Boston","United States","2135","English","Male","","Single","1","2019-07-29","1989-05-07","Jamya.Olson@gmail.com","684-488-6795"
71924,"Roman","Davenport","Manchester","United Kingdom","M1 2AG","English","Female","","Married","5+","2020-02-14","1990-04-29","Roman.Davenport@gmail.com","437-036-8257"
180474,"Chaim","Trujillo","Mumbai","India","400097","Hindi","Female","","Married","5+","2020-08-22","1973-08-29","Chaim.Trujillo@hotmail.com","137-756-5066"
134854,"Hayley","Webb","Delhi","India","110084","Hindi","Male","","Married","2","2022-05-20","1990-04-16","Hayley.Webb@gmail.com","132-838-8149"
117408,"Anabella","Diaz","London","United Kingdom","E1 7DS","English","Male","","Divorced/Seperated","0","2022-03-10","1944-10-17","Anabella.Diaz@ymail.com","031-889-0356"
188742,"Thaddeus","Dorsey","PARIS","France","75004","French","Male","","Married","1","2021-07-19","1964-11-16","Thaddeus.Dorsey@aol.com","135-202-4413"
17057,"Ian","Oliver","Barcelona","Spain","08013","English","Female","","Single","0","2020-12-11","2001-08-19","Ian.Oliver@gmail.com","410-154-8685"
161509,"Brendon","Escobar","Seoul","South Korea","100-210","Korean","Female","","Married","1","2019-08-12","1947-03-21","Brendon.Escobar@ymail.com","224-704-1797"
159396,"Emilie","Frazier","New York City","United States","11211","English","Female","","Undisclosed","Undisclosed","2021-08-19","1970-07-09","Emilie.Frazier@hotmail.com","684-357-8627"
194514,"Judah","Oconnor","Melbourne","Australia","3205","English","Female","","Undisclosed","Undisclosed","2020-03-12","1977-09-11","Judah.Oconnor@hotmail.com","019-234-2173"
43741,"Bailey","Bond","Mumbai  ","India","400020","Hindi","Female","","Single","0","2019-05-08","1963-04-28","Bailey.Bond@aol.com","438-037-1879"
128477,"Pamela","Crawford","New York City","United States","10025","English","Male","","Single","0","2022-03-16","1963-05-01","Pamela.Crawford@aol.com","096-239-3943"
83070,"Miles","Hahn","New York City","United States","11220","English","Male","","Undisclosed","Undisclosed","2020-08-11","1944-02-26","Miles.Hahn@ymail.com","010-621-0718"
43175,"Gage","Stark","Munich","Germany","80809","German","Male","","Undisclosed","Undisclosed","2021-06-09","1948-12-27","Gage.Stark@ymail.com","099-355-2018"
209518,"Nathalia","Gross","Berlin","Germany","","German","Female","","Single","0","2019-04-23","1968-09-24","**~MASKED~**.**~MASKED~**@usa.net","111-111-1111"
74112,"Marely","Murphy","Delhi","India","110044","Hindi","Female","","Single","0","2020-07-17","1955-02-25","Marely.Murphy@ymail.com","137-165-5036"
179941,"Veronica","Obrien","Vancouver  ","Canada","V5K 0A4","English","Female","","Married","1","2019-08-23","1946-01-03","Veronica.Obrien@ymail.com","672-291-7915"
116351,"Kasen","Rosales","Mumbai","India","400026","Hindi","Female","","Married","2","2022-02-11","1981-02-11","Kasen.Rosales@hotmail.com","569-891-9922"
215455,"Sullivan","Rios","Munich","Germany","80809","German","Male","","Single","0","2019-01-08","1984-10-09","**~MASKED~**.**~MASKED~**@gmail.com","111-111-1111"
104921,"Myah","Rubio","Paris  ","France","75002","French","Female","","Divorced/Seperated","3","2019-10-23","1999-10-23","Myah.Rubio@gmail.com","531-068-1415"
191618,"Aleah","Frye","Toronto","Canada","M3C 0J1","English","Male","","Single","2","2021-03-23","1994-12-03","Aleah.Frye@gmail.com","865-815-4290"
205936,"Alejandro","Espinoza","Madrid","Spain","28021","Spanish","Male","","Single","0","2019-08-13","1992-11-10","**~MASKED~**.**~MASKED~**@netscape.net","111-111-1111"
110956,"Brady","Smith","London","United Kingdom","E1 8AH","English","Male","","Single","0","2019-05-11","1958-06-09","Brady.Smith@aol.com","981-411-9441"
176000,"Nikolas","Ashley","  Vancouver","Canada","V5K 0A1","English","Female","","Married","2","2020-07-29","1985-10-09","Nikolas.Ashley@hotmail.com","095-598-1314"
119555,"Adrianna","Guerrero","Melbourne","Australia","8002","English","Female","","Divorced/Seperated","3","2020-06-12","1958-09-26","Adrianna.Guerrero@aol.com","163-319-3676"
104673,"Jorden","Bradley","Boston","United States","2134","English","Undisclosed","","Married","4","2021-03-24","1949-11-28","Jorden.Bradley@ymail.com","409-103-4849"
2611,"Angeline","Wheeler","Hamburg","Germany","21129","German","Male","","Single","2","2020-05-08","1954-09-29","Angeline.Wheeler@ymail.com","027-727-7617"
59431,"Hugh","Nguyen","San Mateo","United States","94010","English","Male","","Single","0","2021-05-27","1947-12-24","Hugh.Nguyen@ymail.com","025-134-3725"
218631,"Averi","Hays","Madrid","Spain","28021","Spanish","Female","","Married","3","2019-06-25","1948-06-29","**~MASKED~**.**~MASKED~**@att.net","111-111-1111"
85801,"Talon","Thomas","Sydney  ","Australia","2060","English","Male","","Married","2","2019-12-04","1999-12-10","Talon.Thomas@gmail.com","648-925-6342"
44853,"Kade","Santana","Manchester","United Kingdom","M1 1DN","English","Female","","Single","0","2021-09-19","1957-09-14","Kade.Santana@aol.com","475-906-4543"
137941,"Carly","Spencer","Nice  ","France","6206","French","Female","","Undisclosed","Undisclosed","2020-12-31","1949-07-24","Carly.Spencer@ymail.com","510-573-6414"
24180,"Braelyn","Sosa","  Tokyo","Japan","144-0000","Japanese","Female","","Single","1","2020-12-14","1966-01-11","Braelyn.Sosa@aol.com","402-228-9360"
33547,"Zaiden","Grant","Barcelona","Spain","08013","English","Male","","Single","0","2020-01-27","1961-12-27","Zaiden.Grant@aol.com","645-907-1308"
63458,"Kaden","Zimmerman","Munich","Germany","80809","German","Female","","Married","1","2022-02-21","1975-05-28","Kaden.Zimmerman@hotmail.com","454-173-7520"
211567,"Jay","Briggs","Stockholm","Sweden","","Swedish","Male","","Married","2","2019-02-26","1953-01-27","**~MASKED~**.**~MASKED~**@att.net","111-111-1111"
51343,"Anastasia","Watson","montreal","Canada","H1X 2K6","English","Female","","Single","0","2019-08-18","1951-03-04","Anastasia.Watson@ymail.com","376-350-0883"
1094,"Alexis","Zavala","Cape Town","South Africa","8005","English","Female","","Divorced/Seperated","0","2022-02-22","2002-05-14","Alexis.Zavala@gmail.com","423-195-9682"
97116,"Aarav","Freeman","San Mateo","United States","94010","English","Female","","Married","2","2021-11-09","1942-08-10","Aarav.Freeman@ymail.com","224-723-3700"
190291,"Ignacio","Jackson","Nice","France","6200","French","Female","","Single","0","2019-10-11","1945-01-09","Ignacio.Jackson@ymail.com","751-073-6383"
119864,"Nyla","Macias","Manchester","United Kingdom","M1 2BE","English","Female","","Undisclosed","Undisclosed","2022-02-02","1976-11-04","Nyla.Macias@hotmail.com","004-023-8441"
136795,"Xzavier","Garcia","Mumbai","India","400001","Hindi","Undisclosed","","Single","0","2022-01-30","1953-10-03","Xzavier.Garcia@ymail.com","326-683-7551"
93009,"Emmett","Decker","Seattle","United States","98195","English","Male","","Divorced/Seperated","2","2019-09-11","1972-02-28","Emmett.Decker@hotmail.com","543-041-7492"
171532,"Kaia","Fry","Toronto","Canada","M3C 0C1","English","Male","","Single","0","2021-05-12","1994-10-22","Kaia.Fry@gmail.com","283-568-6410"
148095,"Eileen","Phelps","Toronto","Canada","M4C 1E7","English","Male","","Single","0","2020-03-15","1978-06-26","Eileen.Phelps@hotmail.com","180-412-2688"
139617,"Adonis","Sampson","Mumbai","India","400020","Hindi","Female","","Single","0","2019-11-24","1960-10-04","Adonis.Sampson@aol.com","072-590-5648"
44473,"Sonny","Roberts","Boston","United States","2125","English","Female","","Married","3","2022-02-28","2001-12-01","Sonny.Roberts@gmail.com","284-677-8059"
112257,"Gideon","Decker","Manchester","United Kingdom","M1 1PA","English","Male","","Single","0","2019-09-09","1989-09-16","Gideon.Decker@gmail.com","921-384-5214"
116284,"Manuel","Salas","Mumbai","India","400033","Hindi","Male","","Divorced/Seperated","2","2021-04-29","1975-05-08","Manuel.Salas@hotmail.com","659-874-8442"
184437,"Jamari","English","Seattle","United States","98170","English","Female","","Married","2","2019-06-28","2003-02-02","Jamari.English@gmail.com","334-868-9888"
81195,"Carsen","Espinoza","Manchester","United Kingdom","M1 1JE","English","Female","","Single","0","2020-07-10","1979-03-12","Carsen.Espinoza@hotmail.com","491-709-7510"
190693,"Jon","Eaton","Seoul","South Korea","100-195","Korean","Female","","Undisclosed","Undisclosed","2020-08-22","1941-07-11","Jon.Eaton@ymail.com","185-825-4065"
57903,"Landen","Branch","vancouver","Canada","V5K 0A1","English","Male","","Single","0","2019-02-02","1996-06-27","Landen.Branch@gmail.com","156-183-0539"
220397,"Porter","Callahan","Cape Town","South Africa","8005","English","Male","","Divorced/Seperated","0","2019-05-28","1974-07-16","**~MASKED~**.**~MASKED~**@gmail.com","111-111-1111"
158098,"Jefferson","Watts","Seoul","South Korea","100-011","Korean","Male","","Single","0","2020-04-20","1968-09-29","Jefferson.Watts@aol.com","108-535-9486"
29040,"Branson","Booth","  Sao Paulo","Brazil","04849-000","Portuguese","Male","","Single","0","2022-02-06","1958-07-25","Branson.Booth@aol.com","114-580-6500"
145292,"Isis","Wu","London","United Kingdom","E1 7DJ","English","Male","","Single","0","2021-08-27","1992-04-15","Isis.Wu@gmail.com","073-304-5191"
16927,"Tate","Zuniga","New York City","United States","10467","English","Female","","Single","0","2022-01-02","1986-08-28","Tate.Zuniga@hotmail.com","018-302-1139"
130625,"Kali","Madden","Seoul","South Korea","100-273","Korean","Male","","Married","4","2021-02-04","1958-08-05","Kali.Madden@aol.com","557-053-9476"
175694,"Terrence","Hancock","Tokyo","Japan","176-0000","Japanese","Male","","Undisclosed","Undisclosed","2022-06-23","2001-04-26","Terrence.Hancock@gmail.com","196-488-3251"
169982,"Jorden","Valdez","TOKYO","Japan","180-0000","Japanese","Male","","Married","1","2020-07-31","1986-01-01","Jorden.Valdez@hotmail.com","231-405-1704"
67129,"Ezra","Lozano","Warsaw","Poland","00-025","Polish","Female","","Single","0","2019-09-05","1941-03-23","Ezra.Lozano@ymail.com","418-157-8503"
10340,"Laci","Conway","  Toronto","Canada","M3C 0C1","English","Female","","Single","1","2020-08-02","1996-01-03","Laci.Conway@gmail.com","957-479-3741"
32357,"Kelsie","Kline","London","United Kingdom","E1 7HF","English","Male","","Single","0","2021-03-21","1969-05-28","Kelsie.Kline@aol.com","462-039-9456"
170085,"Aimee","Roberts","Toronto","Canada","M4C 1E7","English","Female","","Single","0","2020-05-13","1960-05-22","Aimee.Roberts@aol.com","943-969-4564"
213474,"Cedric","Henry","Cairo","Egypt","00000","Arabic","Female","","Married","1","2019-02-26","1968-12-31","**~MASKED~**.**~MASKED~**@aim.com","111-111-1111"
15068,"Janae","Randall","Tokyo","Japan","205-0000","Japanese","Female","","Single","0","2019-05-14","1997-03-31","Janae.Randall@gmail.com","397-572-5873"
188212,"Corbin","Franklin","Warsaw","Poland","00-051","Polish","Female","","Single","0","2021-02-10","1945-11-10","Corbin.Franklin@ymail.com","713-969-3297"
77863,"Hana","Cordova","boston","United States","2151","English","Female","","Single","0","2020-10-23","1946-07-27","Hana.Cordova@ymail.com","657-011-5014"
150236,"Jazmin","Boyd","Tokyo","Japan","114-0000","Japanese","Male","","Single","0","2019-05-27","1975-10-08","Jazmin.Boyd@hotmail.com","412-336-8564"
3852,"Destinee","Estes","Munich","Germany","80809","German","Male","","Single","0","2019-08-29","1949-12-18","Destinee.Estes@ymail.com","887-716-2271"
148921,"Annalise","Moreno","Delhi  ","India","110041","Hindi","Female","","Married","1","2020-05-30","1982-03-31","Annalise.Moreno@hotmail.com","536-210-0815"
174128,"Rose","Holden","Delhi","India","110039","Hindi","Female","","Married","2","2020-12-09","1941-02-22","Rose.Holden@ymail.com","732-398-2736"
92201,"Lindsey","Beck","Paris  ","France","75014","French","Female","","Single","0","2021-07-08","1979-01-14","Lindsey.Beck@hotmail.com","163-748-3737"
143498,"Jolie","Matthews","London","United Kingdom","E1 7ED","English","Male","","Single","0","2021-07-19","2003-09-03","Jolie.Matthews@gmail.com","870-574-9224"
97974,"Adalynn","Solis","Tokyo","Japan","205-0000","Japanese","Undisclosed","","Married","2","2020-08-28","1953-08-24","Adalynn.Solis@ymail.com","871-543-8557"
19771,"Maximus","Simpson","Madrid","Spain","28021","Spanish","Undisclosed","","Married","0","2019-06-04","1947-08-11","Maximus.Simpson@ymail.com","575-326-3504"
129537,"Brisa","Mercer","Tokyo","Japan","105-0000","Japanese","Female","","Single","0","2020-07-24","1987-05-17","Brisa.Mercer@hotmail.com","543-260-9157"
188812,"Yahir","Mays","Mumbai","India","400052","Hindi","Female","","Single","0","2022-01-16","1980-07-01","Yahir.Mays@hotmail.com","461-610-5448"
42071,"Kamron","Ramsey","Warsaw","Poland","00-064","Polish","Undisclosed","","Married","0","2019-07-15","2004-02-17","Kamron.Ramsey@gmail.com","642-719-7937"
41207,"Kelsey","Fowler","Toronto","Canada","M4C 3B7","English","Female","","Married","4","2020-03-30","2002-04-12","Kelsey.Fowler@gmail.com","467-575-6252"
145409,"Charlie","Douglas","London","United Kingdom","E1 7EB","English","Female","","Married","2","2019-03-11","1940-04-19","Charlie.Douglas@ymail.com","521-764-3644"
128218,"Mariam","Roman","San Mateo","United States","94010","English","Female","","Married","2","2021-11-05","1953-02-22","Mariam.Roman@ymail.com","406-958-1510"
58730,"Willie","Hunter","Tokyo","Japan","205-0000","Japanese","Undisclosed","","Married","1","2019-12-27","1946-09-11","Willie.Hunter@ymail.com","876-953-5378"
45649,"Heaven","Barber","London","United Kingdom","E1 7EE","English","Female","","Married","4","2019-03-17","1977-11-08","Heaven.Barber@hotmail.com","747-232-2861"
38551,"Mohammed","Simmons","Warsaw","Poland","00-050","Polish","Female","","Single","0","2020-06-29","1977-09-15","Mohammed.Simmons@hotmail.com","721-466-0466"
157162,"Xander","Mcmillan","WARSAW","Poland","00-046","Polish","Female","","Married","2","2020-02-05","1970-01-08","Xander.Mcmillan@hotmail.com","022-462-2046"
187932,"Raymond","Kirk","Mumbai","India","400058","Hindi","Undisclosed","","Divorced/Seperated","2","2021-06-20","1961-07-31","Raymond.Kirk@aol.com","949-549-7097"
22210,"Kinsley","Moses","Tokyo","Japan","105-0000","Japanese","Undisclosed","","Married","1","2019-04-21","1971-04-21","Kinsley.Moses@hotmail.com","153-324-3280"
18328,"Kaitlyn","Goodman","Hamburg","Germany","21129","German","Female","","Single","1","2020-10-28","2003-05-29","Kaitlyn.Goodman@gmail.com","370-657-0278"
171007,"Jocelynn","Castro","Tokyo","Japan","205-0000","Japanese","Male","","Undisclosed","Undisclosed","2021-02-18","1996-01-10","Jocelynn.Castro@gmail.com","372-222-7555"
214003,"Zain","Wilkins","cape town","South Africa","8005","English","Female","","Married","2","2019-06-18","1963-09-03","**~MASKED~**.**~MASKED~**@msn.com","111-111-1111"
105359,"Quinn","Henson","Denver","United States","80249","English","Undisclosed","","Married","3","2020-01-05","1967-05-30","Quinn.Henson@aol.com","265-912-1330"
77776,"Matteo","Osborne","Mumbai","India","400008","Hindi","Female","","Single","0","2021-12-17","1988-07-17","Matteo.Osborne@hotmail.com","304-317-9437"
32076,"Giuliana","Benton","Munich","Germany","80809","German","Female","","Single","0","2020-07-13","2002-03-19","Giuliana.Benton@gmail.com","469-154-4120"
220911,"","Bowen","Rio de Janeiro","Brazil","","Portuguese","Male","","Single","0","2019-04-23","1946-11-12","**~MASKED~**.**~MASKED~**@att.net","111-111-1111"
27512,"Daniella","Pearson","Montreal","Canada","H1X 2K6","English","Female","","Single","0","2020-06-11","1942-04-04","Daniella.Pearson@ymail.com","751-284-4282"
62146,"Valentina","Glenn","New York City","United States","11220","English","Female","","Single","2","2021-12-30","1949-03-14","Valentina.Glenn@ymail.com","271-986-0177"
166929,"Quentin","Love","San Mateo","United States","94404","English","Undisclosed","","Married","4","2020-08-17","1958-12-31","Quentin.Love@aol.com","367-728-2505"
142130,"Fatima","Eaton","Seoul","South Korea","100-195","Korean","Male","","Undisclosed","Undisclosed","2019-09-06","1968-02-25","Fatima.Eaton@aol.com","356-201-6210"
124752,"Elliana","Flores","Melbourne","Australia","3003","English","Male","","Married","1","2019-11-03","1994-08-10","Elliana.Flores@gmail.com","169-288-7113"
137547,"Gianna","Lynch","Denver","United States","80271","English","Female","","Single","0","2019-08-10","1985-05-29","Gianna.Lynch@hotmail.com","142-170-6993"
214378,"Antwan","Vega","Cape Town","South Africa","8005","English","Female","","Married","3","2019-05-21","1948-06-29","**~MASKED~**.**~MASKED~**@att.net","111-111-1111"
207805,"Fatima","Willis","Cape Town","South Africa","8005","English","Female","","Married","0","2019-04-09","1991-05-21","**~MASKED~**.**~MASKED~**@netscape.net","111-111-1111"
145901,"Lexi","Chavez","Vancouver  ","Canada","V5K 1K7","English","Undisclosed","","Married","2","2021-11-22","1950-01-12","Lexi.Chavez@ymail.com","274-349-5378"
209043,"April","Wilcox","munich","Germany","80809","German","Male","","Divorced/Seperated","0","2019-07-09","1961-08-15","**~MASKED~**.**~MASKED~**@excite.com","111-111-1111"
91945,"Zackary","Burgess","Montreal","Canada","H2P 1L1","English","Male","","Single","0","2019-07-06","1948-11-26","Zackary.Burgess@ymail.com","754-214-2052"
86025,"Jamarcus","Blevins","Montreal","Canada","H3A 2H6","English","Male","","Married","1","2020-03-02","1966-11-25","Jamarcus.Blevins@aol.com","657-757-3122"
147969,"Kevin","Mckinney","Montreal","Canada","H3M 1R6","English","Male","","Single","0","2021-07-02","1940-05-19","Kevin.Mckinney@ymail.com","801-316-5672"
51014,"Briana","Davies","Rio de Janeiro","Brazil","22753-000","Portuguese","Male","","Divorced/Seperated","3","2019-11-16","2004-06-11","Briana.Davies@gmail.com","665-721-6028"
109539,"Harper","Chaney","Seattle","United States","98101","English","Female","","Single","0","2020-06-18","1982-09-23","Harper.Chaney@hotmail.com","528-517-8953"
154458,"Alani","Fisher","New York City","United States","10456","English","Female","","Single","0","2019-09-04","2002-01-04","Alani.Fisher@gmail.com","306-428-8830"
160778,"Stanley","Sandoval","Seoul","South Korea","100-013","Korean","Female","","Single","0","2022-06-14","1989-08-11","Stanley.Sandoval@gmail.com","116-137-3758"
87474,"Carsen","Pitts","Montreal","Canada","H2P 1L1","English","Male","","Married","1","2022-03-18","1992-11-08","Carsen.Pitts@gmail.com","281-582-2148"
204818,"Javion","Parrish","Stockholm","Sweden","","Swedish","Male","","Married","0","2019-05-28","1988-10-11","**~MASKED~**.**~MASKED~**@hotmail.com","111-111-1111"
45359,"Curtis","Allen","Tokyo","Japan","144-0000","Japanese","Male","","Single","0","2021-03-26","1988-06-12","Curtis.Allen@hotmail.com","535-606-3198"
206285,"Lina","Jacobs","Barcelona","Spain","08013","Spanish","Female","","Married","1","2019-08-13","1972-08-01","**~MASKED~**.**~MASKED~**@gmail.com","111-111-1111"
201702,"Oliver","Mercado","RIO DE JANEIRO","Brazil","","Portuguese","Female","","Single","0","2019-03-26","1991-02-26","**~MASKED~**.**~MASKED~**@netscape.net","111-111-1111"
154261,"Kellen","Mckenzie","Boston  ","United States","2124","English","Female","","Single","0","2019-05-30","1982-03-14","Kellen.Mckenzie@hotmail.com","072-002-4725"
26419,"Zavier","Costa","New York City","United States","11211","English","Male","","Single","0","2019-02-07","1952-04-29","Zavier.Costa@ymail.com","154-216-1700"
166041,"Will","Parks","Denver  ","United States","80230","English","Male","","Single","2","2022-04-27","1985-11-23","Will.Parks@hotmail.com","131-702-2005"
38309,"Gael","Bolton","Madrid","Spain","28021","Spanish","Female","","Married","3","2022-06-08","1996-06-22","Gael.Bolton@gmail.com","202-353-8977"
97957,"Jaime","Sosa","Manchester","United Kingdom","M1 1HA","English","Female","","Married","1","2019-09-15","1984-05-02","Jaime.Sosa@hotmail.com","788-270-6151"
132538,"Muhammad","Huynh","Manchester","United Kingdom","M1 1AQ","English","Female","","Undisclosed","Undisclosed","2019-11-28","1983-09-25","Muhammad.Huynh@hotmail.com","568-406-6856"
177234,"Kenyon","Zuniga","Nice","France","600","French","Male","","Single","0","2020-10-02","1989-03-15","Kenyon.Zuniga@gmail.com","506-965-1306"
92719,"Ella","Leonard","Toronto","Canada","M4C 1E7","English","Male","","Divorced/Seperated","1","2020-02-08","1942-02-04","Ella.Leonard@ymail.com","643-540-4907"
109662,"Justice","Moon","DENVER","United States","80257","English","Female","","Married","1","2022-02-19","2001-03-23","Justice.Moon@gmail.com","081-015-6262"
45167,"Gustavo","Woodward","Warsaw","Poland","00-051","Polish","Undisclosed","","Married","4","2019-06-25","1956-07-01","Gustavo.Woodward@aol.com","798-036-5076"
78619,"Yandel","Huber","Warsaw","Poland","00-070","Polish","Male","","Married","4","2022-06-09","2001-08-20","Yandel.Huber@gmail.com","269-389-5519"
91451,"Immanuel","Jacobson","Tokyo","Japan","176-0000","Japanese","Male","","Single","0","2020-02-12","2005-02-10","Immanuel.Jacobson@gmail.com","275-488-9018"
161173,"London","Parsons","London","United Kingdom","E1 7BH","English","Female","","Divorced/Seperated","0","2021-08-17","1997-09-28","London.Parsons@gmail.com","120-114-1204"
189976,"Alina","Rollins","Tokyo","Japan","144-0000","Japanese","Male","","Married","3","2021-05-09","1994-12-08","Alina.Rollins@gmail.com","570-237-5849"
60536,"Gilberto","Ware","Cairo","Egypt","00000","Arabic","Male","","Single","0","2021-06-16","1990-06-14","Gilberto.Ware@gmail.com","543-536-1623"
197283,"Paulina","Shelton","seoul","South Korea","100-043","Korean","Undisclosed","","Divorced/Seperated","3","2021-02-04","2002-05-19","Paulina.Shelton@gmail.com","157-049-1040"
97020,"Kelsey","Hutchinson","  Paris","France","75015","French","Female","","Single","0","2021-02-28","1946-05-24","Kelsey.Hutchinson@ymail.com","942-636-4698"
198538,"Luz","Wall","Paris","France","75018","French","Female","","Married","1","2019-01-16","2002-07-31","Luz.Wall@gmail.com","233-525-6043"
56535,"Stacy","Gibson","Munich","Germany","80809","German","Undisclosed","","Single","0","2021-02-14","1989-05-10","Stacy.Gibson@gmail.com","603-599-7809"
197178,"Savion","Poole","Delhi","India","110039","Hindi","Female","","Married","2","2021-11-24","1960-06-20","Savion.Poole@aol.com","860-379-6441"
209484,"Giancarlo","Diaz","Berlin","Germany","","German","Female","","Single","0","2019-05-07","1983-06-28","**~MASKED~**.**~MASKED~**@donotdisturb.com","111-111-1111"
68097,"Darrell","Villegas","Paris","France","75012","French","Female","","Married","0","2022-06-17","1974-09-19","Darrell.Villegas@hotmail.com","073-887-9208"
22014,"Reese","Henderson","London","United Kingdom","E1 7DJ","English","Undisclosed","","Single","0","2021-07-27","1965-02-14","Reese.Henderson@aol.com","059-292-8924"
133789,"Emilio","Cortez","Tokyo","Japan","176-0000","Japanese","Undisclosed","","Single","0","2019-02-11","1969-08-30","Emilio.Cortez@aol.com","625-842-5735"
142741,"Ernest","Perkins","Delhi  ","India","110094","Hindi","Female","","Married","1","2019-01-29","2002-09-29","Ernest.Perkins@gmail.com","851-423-5916"
48345,"Camryn","Barnes","Madrid","Spain","28021","Spanish","Female","","Married","1","2021-10-09","1971-12-07","Camryn.Barnes@hotmail.com","853-207-0871"
129746,"Lorelai","Stark","New York City","United States","11368","English","Male","","Divorced/Seperated","2","2019-06-11","1946-08-26","Lorelai.Stark@ymail.com","550-112-9230"
158594,"Issac","Heath","Boston","United States","2125","English","Male","","Single","0","2020-08-11","1946-04-21","Issac.Heath@ymail.com","162-700-1029"
204700,"River","Bennett","  Hamburg","Germany","21129","German","Male","","Married","2","2019-03-26","1991-05-14","**~MASKED~**.**~MASKED~**@netscape.net","111-111-1111"
204359,"Raiden","Harrell","Hamburg","Germany","21129","German","Undisclosed","","Divorced/Seperated","4","2019-04-02","1971-06-29","**~MASKED~**.**~MASKED~**@gmail.com","111-111-1111"
4828,"Nyla","Bautista","Cairo","Egypt","00000","Arabic","Male","","Single","1","2020-09-25","1968-04-06","Nyla.Bautista@aol.com","819-307-9612"
204018,"Agustin","Beck","Berlin","Germany","","German","Male","","Undisclosed","Undisclosed","2019-01-29","1984-07-31","**~MASKED~**.**~MASKED~**@gmail.com","111-111-1111"
185077,"Carina","Best","New York City","United States","11207","English","Female","","Married","2","2020-05-30","1986-06-13","Carina.Best@hotmail.com","377-250-4242"
81982,"Peyton","Richardson","DENVER","United States","80204","English","Female","","Single","0","2019-08-06","1977-11-24","Peyton.Richardson@hotmail.com","059-638-2333"
131535,"Maxim","Warren","Paris","France","75008","French","Undisclosed","","Divorced/Seperated","2","2022-02-05","1949-08-08","Maxim.Warren@ymail.com","288-741-0734"
148374,"Katherine","Byrd","Nice","France","600","French","Male","","Single","0","2021-09-16","1978-04-17","Katherine.Byrd@hotmail.com","202-328-3435"
123722,"Ansley","Pugh","MUMBAI","India","400001","Hindi","Female","","Single","0","2019-07-02","1943-09-05","Ansley.Pugh@ymail.com","334-500-6170"
128307,"Anthony","Lynch","Manchester","United Kingdom","M1 1ER","English","Female","","Single","0","2020-10-11","1982-01-22","Anthony.Lynch@hotmail.com","259-858-6981"
23379,"Iyana","Rodriguez","Denver","United States","80218","English","Undisclosed","","Married","3","2020-07-13","1941-12-02","Iyana.Rodriguez@ymail.com","110-727-8778"
176467,"Lailah","Costa","San Mateo","United States","94497","English","Female","","Married","1","2021-07-10","1994-07-18","Lailah.Costa@gmail.com","563-990-7179"
200097,"Layla","Wright","Sao Paulo","Brazil","","Portuguese","Female","","Married","1","2019-02-26","1989-12-26","**~MASKED~**.**~MASKED~**@netscape.net","111-111-1111"
152378,"Mila","Whitehead","Mumbai","India","400028","Hindi","Male","","Divorced/Seperated","1","2022-02-04","1966-02-14","Mila.Whitehead@aol.com","399-342-3367"
180678,"Kelsey","Murillo","Melbourne","Australia","3002","English","Female","","Single","0","2022-01-06","1976-07-06","Kelsey.Murillo@hotmail.com","407-040-2393"
85683,"Greta","Barnett","new york city","United States","11368","English","Undisclosed","","Single","0","2020-07-07","1958-11-10","Greta.Barnett@aol.com","144-553-3213"
45580,"Bridger","Fuentes","  Warsaw","Poland","00-075","Polish","Female","","Single","1","2019-04-07","1986-05-30","Bridger.Fuentes@hotmail.com","661-146-9531"
194695,"Alisha","Osborne","Nice","France","6200","French","Male","","Married","4","2020-02-04","1960-12-16","Alisha.Osborne@aol.com","382-358-5849"
163094,"Charity","Mejia","Nice","France","6300","French","Male","","Single","0","2021-12-31","1977-01-26","Charity.Mejia@hotmail.com","021-920-3964"
184883,"Sidney","Leonard","delhi","India","110062","Hindi","Female","","Single","0","2021-04-29","1969-03-02","Sidney.Leonard@aol.com","534-744-0264"
200612,"Pedro","Golden","Sao Paulo","Brazil","","Portuguese","Male","","Married","1","2019-02-12","1970-11-03","**~MASKED~**.**~MASKED~**@aim.com","111-111-1111"
28194,"Kendrick","Ponce","New York City","United States","11207","English","Female","","Single","0","2021-02-17","1962-09-30","Kendrick.Ponce@aol.com","981-066-8763"
153664,"Lauren","Cruz","Nice","France","6206","French","Undisclosed","","Divorced/Seperated","4","2020-03-16","2000-10-21","Lauren.Cruz@gmail.com","237-677-7033"
121939,"Aracely","Woodward","Toronto","Canada","M3C 0C1","English","Male","","Single","0","2021-10-17","1990-12-31","Aracely.Woodward@gmail.com","686-449-4080"
165652,"Samuel","Santiago","Delhi","India","110043","Hindi","Female","","Married","1","2020-10-15","2001-10-27","Samuel.Santiago@gmail.com","272-936-8158"
47525,"Ricardo","Riddle","Sao Paulo","Brazil","04849-000","Portuguese","Female","","Married","0","2022-05-17","1958-07-03","Ricardo.Riddle@aol.com","061-572-8363"
171349,"Angelica","Bean","Vancouver","Canada","V5K 2H9","English","Female","","Divorced/Seperated","2","2021-08-05","1987-06-15","Angelica.Bean@hotmail.com","089-912-7558"
104088,"Romeo","Patrick","Boston","United States","2125","English","Male","","Married","2","2021-06-22","1971-11-17","Romeo.Patrick@hotmail.com","116-375-7143"
22846,"Hope","Rodgers","San Mateo","United States","94497","English","Female","","Married","4","2020-11-20","1962-03-14","Hope.Rodgers@aol.com","240-746-0908"
143424,"Alexa","Day","Tokyo","Japan","182-0000","Japanese","Female","","Single","0","2019-05-31","2001-12-16","Alexa.Day@gmail.com","045-556-5677"
36852,"Aniyah","Morales","Tokyo","Japan","180-0000","Japanese","Male","","Single","0","2022-04-05","1968-06-03","Aniyah.Morales@aol.com","410-017-5168"
167587,"Camron","Frank","Melbourne","Australia","3207","English","Male","","Single","0","2020-05-15","1958-12-18","Camron.Frank@aol.com","878-175-4214"
86007,"Sean","Larson","Montreal","Canada","H2J 3E3","English","Female","","Married","2","2022-03-25","1980-05-08","Sean.Larson@hotmail.com","313-658-8492"
113413,"Jagger","James","Montreal","Canada","H1L 1L4","English","Female","","Married","4","2020-04-12","2000-04-16","Jagger.James@gmail.com","552-191-8407"
1427,"Dale","Joyce","Hamburg","Germany","21129","German","Female","","Divorced/Seperated","0","2021-05-07","2000-04-09","Dale.Joyce@gmail.com","386-583-2531"
13723,"Baron","Friedman","cairo","Egypt","00000","Arabic","Female","","Married","3","2021-05-08","1992-10-15","Baron.Friedman@gmail.com","509-668-6919"
80732,"Braylen","Kirby","Boston","United States","2108","English","Female","","Single","2","2019-01-23","1956-04-27","Braylen.Kirby@aol.com","197-351-3104"
206902,"Miah","Stuart","CAIRO","Egypt","00000","Arabic","Male","","Married","0","2019-01-08","1975-12-23","**~MASKED~**.**~MASKED~**@gmail.com","111-111-1111"
68358,"Frederick","Osborne","Nice","France","600","French","Male","","Single","0","2021-03-24","1945-02-01","Frederick.Osborne@ymail.com","550-421-8756"
47286,"Raul","Wilkins","Sao Paulo","Brazil","04849-000","Portuguese","Male","","Single","0","2020-09-26","1957-10-01","Raul.Wilkins@aol.com","562-507-7172"
160504,"Laurel","West","Nice","France","6300","French","Female","","Married","2","2019-02-21","2000-05-25","Laurel.West@gmail.com","897-951-0829"
189334,"Cason","Hays","San Mateo","United States","94403","English","Male","","Married","3","2019-02-04","1988-03-12","Cason.Hays@hotmail.com","684-437-5486"
134761,"Monserrat","Benson","Paris  ","France","75019","French","Undisclosed","","Single","0","2022-06-10","1990-11-29","Monserrat.Benson@gmail.com","274-824-5413"
189267,"Richard","Schwartz","Vancouver","Canada","V5K 2J8","English","Female","","Married","2","2021-09-07","1949-11-13","Richard.Schwartz@ymail.com","110-917-6028"
164159,"Deegan","Sherman","Toronto","Canada","M4C 1V8","English","Undisclosed","","Divorced/Seperated","1","2021-02-06","1953-01-23","Deegan.Sherman@ymail.com","255-862-4015"
108713,"Miriam","Montgomery","Tokyo","Japan","180-0000","Japanese","Male","","Single","0","2020-10-03","1959-08-04","Miriam.Montgomery@aol.com","452-746-8251"
137138,"Philip","Freeman","Paris","France","75005","French","Female","","Married","1","2022-05-18","1999-07-22","Philip.Freeman@gmail.com","409-087-8712"
140382,"Giselle","Castaneda","LONDON","United Kingdom","E1 7DJ","English","Female","","Married","4","2022-04-14","2003-08-21","Giselle.Castaneda@gmail.com","583-583-5655"
55009,"Jadiel","Mathis","San Mateo","United States","94497","English","Male","","Undisclosed","Undisclosed","2020-08-11","1953-08-06","Jadiel.Mathis@ymail.com","886-946-8099"
171466,"Heath","Orr","New York City","United States","10025","English","Male","","Married","0","2020-06-02","1969-10-22","Heath.Orr@aol.com","674-307-8333"
21207,"Darnell","Tran","Hamburg","Germany","21129","German","Male","","Married","1","2019-07-12","1981-04-04","Darnell.Tran@hotmail.com","316-283-0530"
192591,"Chris","Walsh","Montreal","Canada","H4N 3E8","English","Undisclosed","","Single","0","2021-12-26","1952-09-28","Chris.Walsh@ymail.com","247-503-7192"
219726,"Aubrey","Berg","Cairo","Egypt","00000","Arabic","Female","","Single","0","2019-01-01","1988-09-06","**~MASKED~**.**~MASKED~**@hotmail.com","111-111-1111"
150978,"Dylan","Rios","London","United Kingdom","E1 7DR","English","Male","","Married","2","2019-06-28","1954-05-09","Dylan.Rios@ymail.com","120-974-0816"
178339,"Derick","Graves","Mumbai","India","400067","Hindi","Male","","Married","1","2020-10-18","1948-12-27","Derick.Graves@ymail.com","454-874-9881"
110285,"Karissa","Crosby","Toronto","Canada","M4C 3J6","English","Male","","Single","0","2021-05-03","2004-08-18","Karissa.Crosby@gmail.com","889-374-6428"
165991,"Ayden","Newman","Delhi","India","110039","Hindi","Male","","Married","2","2020-02-09","1962-04-03","Ayden.Newman@aol.com","633-098-4433"
135297,"Diamond","Boyer","Tokyo","Japan","176-0000","Japanese","Male","","Married","4","2020-04-26","1948-11-09","Diamond.Boyer@ymail.com","164-816-5129"
22573,"Hudson","Hammond","Toronto","Canada","M3C 0C1","English","Undisclosed","","Married","0","2021-10-14","1957-07-24","Hudson.Hammond@aol.com","166-362-7449"
114156,"Brooks","Boone","Paris","France","75012","French","Male","","Undisclosed","Undisclosed","2022-04-27","1945-12-19","Brooks.Boone@ymail.com","357-651-7839"
75503,"Greta","Suarez","paris","France","75018","French","Female","","Married","0","2020-08-02","1946-04-21","Greta.Suarez@ymail.com","125-681-2102"
31096,"Pranav","Guerrero","Stockholm","Sweden","600","Swedish","Female","","Single","0","2021-10-07","1950-06-09","Pranav.Guerrero@ymail.com","742-715-5012"
206701,"Carlo","Bernard","Cairo  ","Egypt","00000","Arabic","Male","","Single","0","2019-07-30","1965-04-13","**~MASKED~**.**~MASKED~**@yahoo.com","111-111-1111"
82532,"Janiyah","Hutchinson","San Mateo","United States","94401","English","Female","","Married","2","2021-08-16","2002-07-10","Janiyah.Hutchinson@gmail.com","695-456-6990"
138343,"Isai","Kline","delhi","India","110093","Hindi","Female","","Single","0","2021-05-26","1953-11-27","Isai.Kline@ymail.com","859-602-0458"
11814,"Chad","Gregory","Barcelona","Spain","08013","English","Undisclosed","","Undisclosed","Undisclosed","2021-08-12","1999-01-03","Chad.Gregory@gmail.com","679-056-4704"
116468,"Kellen","Flores","Paris","France","75002","French","Male","","Single","0","2021-12-11","1981-03-07","Kellen.Flores@hotmail.com","739-394-6779"
2190,"Gisselle","Freeman","Barcelona","Spain","08013","English","Female","","Married","2","2020-08-28","1977-08-11","Gisselle.Freeman@hotmail.com","772-758-8125"
148016,"Violet","Lester","New York City","United States","11385","English","Female","","Single","1","2021-03-05","1987-10-12","Violet.Lester@hotmail.com","726-686-1624"
30221,"Axel","Villanueva","Krakow  ","Poland","31-5","Polish","Female","","Divorced/Seperated","3","2019-07-20","1994-01-24","Axel.Villanueva@gmail.com","449-551-1286"
197108,"Shyanne","Vasquez","New York City","United States","11236","English","Male","","Married","0","2021-11-27","1988-12-25","Shyanne.Vasquez@hotmail.com","233-910-1603"
129299,"Kaylin","Foley","Seoul","South Korea","100-011","Korean","Female","","Single","0","2020-03-28","1947-06-15","Kaylin.Foley@ymail.com","180-089-0997"
144940,"Camilla","Lawson","  Sydney","Australia","2001","English","Female","","Undisclosed","Undisclosed","2022-06-16","1986-11-14","Camilla.Lawson@hotmail.com","510-466-2676"
168241,"Landyn","Hicks","Warsaw  ","Poland","00-040","Polish","Female","","Divorced/Seperated","4","2019-05-16","1944-06-10","Landyn.Hicks@ymail.com","150-722-0294"
176389,"Quinten","Townsend","Denver","United States","80205","English","Male","","Married","2","2022-01-16","2000-10-07","Quinten.Townsend@gmail.com","258-016-0218"
154483,"Jolie","Herring","montreal","Canada","H2P 1L1","English","Female","","Married","4","2020-10-07","1982-11-06","Jolie.Herring@hotmail.com","159-131-1061"
166958,"Allisson","Banks","Toronto","Canada","M4C 3J6","English","Female","","Married","4","2021-11-22","1957-05-06","Allisson.Banks@aol.com","133-197-0311"
218950,"Emerson","Mosley","Barcelona","Spain","08013","Spanish","Female","","Undisclosed","Undisclosed","2019-02-19","1954-06-22","**~MASKED~**.**~MASKED~**@att.net","111-111-1111"
30594,"Keaton","Douglas","Madrid","Spain","28021","Spanish","Male","","Undisclosed","Undisclosed","2021-11-05","2002-12-19","Keaton.Douglas@gmail.com","597-546-8646"
69897,"Shayna","Haynes","Melbourne","Australia","3052","English","Male","","Married","1","2021-02-07","1965-08-09","Shayna.Haynes@aol.com","756-366-6639"
171676,"Sherlyn","Le","Montreal","Canada","H2P 1L1","English","Undisclosed","","Married","2","2020-02-08","1986-12-29","Sherlyn.Le@hotmail.com","115-194-3974"
99042,"Eduardo","Abbott","BOSTON","United States","2151","English","Female","","Married","2","2019-09-05","2002-04-15","Eduardo.Abbott@gmail.com","334-897-3365"
55070,"Jaydan","Cross","Madrid","Spain","28021","Spanish","Female","","Married","2","2020-08-28","1948-08-12","Jaydan.Cross@ymail.com","095-790-7913"
161806,"Randall","Brooks","Sydney","Australia","2127","English","Female","","Married","1","2022-01-31","1957-09-15","Randall.Brooks@aol.com","771-340-4074"
36751,"Raymond","Colon","London","United Kingdom","E1 7BH","English","Male","","Married","1","2021-03-28","1966-12-31","Raymond.Colon@aol.com","354-840-3025"
157458,"Annie","Galvan","New York City","United States","11207","English","Male","","Divorced/Seperated","3","2019-04-11","1992-01-18","Annie.Galvan@gmail.com","492-706-2719"
75839,"Yuliana","Snow","Denver","United States","80205","English","Female","","Married","1","2020-02-14","1997-09-05","Yuliana.Snow@gmail.com","040-811-1113"
108952,"Gianna","Werner","Montreal","Canada","H3M 1R6","English","Male","","Single","0","2021-01-03","1988-03-07","Gianna.Werner@hotmail.com","496-802-3313"
183810,"Antoine","Church","Delhi","India","110091","Hindi","Male","","Single","0","2019-09-02","1990-09-21","Antoine.Church@gmail.com","055-844-0708"
46224,"Madilyn","Macdonald","Cairo","Egypt","00000","Arabic","Female","","Married","2","2022-02-02","1954-04-14","Madilyn.Macdonald@ymail.com","273-343-9046"
197599,"Walker","Chang","Toronto","Canada","M4C 0A2","English","Female","","Married","3","2019-07-11","1984-03-06","Walker.Chang@hotmail.com","664-683-8732"
62777,"Malcolm","Harper","Montreal","Canada","H4N 3E8","English","Female","","Married","1","2021-04-11","1983-02-13","Malcolm.Harper@hotmail.com","476-139-0308"
86494,"Hana","Romero","New York City","United States","11373","English","Female","","Undisclosed","Undisclosed","2021-02-20","2005-04-09","Hana.Romero@gmail.com","858-180-1760"
96567,"Elian","Barr","Denver","United States","80228","English","Female","","Single","0","2019-03-03","1968-02-17","Elian.Barr@aol.com","185-946-5609"
107031,"Nikolai","Stevenson","Boston","United States","2125","English","Female","","Single","0","2022-01-27","1947-01-23","Nikolai.Stevenson@ymail.com","284-808-7862"
153721,"Ignacio","Weiss","London  ","United Kingdom","E1 7ER","English","Undisclosed","","Married","2","2020-04-10","1978-11-15","Ignacio.Weiss@hotmail.com","846-831-0186"
150108,"Holly","Nixon","Denver","United States","80211","English","Female","","Single","0","2019-12-11","1998-01-04","Holly.Nixon@gmail.com","838-447-2467"
157657,"Ayana","Pollard","Paris","France","75015","French","Male","","Single","0","2020-01-13","1986-12-29","Ayana.Pollard@hotmail.com","883-676-9866"
33487,"Johnny","Mills","Stockholm","Sweden","600","Swedish","Undisclosed","","Married","3","2020-04-10","2001-04-16","Johnny.Mills@gmail.com","689-844-1241"
192884,"Kaiya","Flores","Delhi","India","110043","Hindi","Male","","Married","2","2020-09-07","1990-04-08","Kaiya.Flores@gmail.com","184-231-6804"
94761,"Tessa","Perkins","Boston  ","United States","2151","English","Male","","Married","0","2021-07-13","1993-05-02","Tessa.Perkins@gmail.com","319-191-1397"
107123,"Jadyn","Perkins","nice","France","6300","French","Male","","Single","0","2020-06-30","1974-05-31","Jadyn.Perkins@hotmail.com","483-451-1882"
179737,"Kiera","Turner","Manchester","United Kingdom","M1 1AL","English","Male","","Single","0","2022-06-27","1972-03-10","Kiera.Turner@hotmail.com","465-385-9162"
72552,"Micah","Gates","Warsaw","Poland","00-079","Polish","Female","","Undisclosed","Undisclosed","2020-01-14","1964-07-09","Micah.Gates@aol.com","470-166-5916"
183613,"Marcos","Herrera","New York City","United States","11385","English","Male","","Married","2","2022-04-20","1977-04-20","Marcos.Herrera@hotmail.com","517-543-5290"
131222,"Jadiel","Long","SYDNEY","Australia","2055","English","Undisclosed","","Married","2","2019-07-09","1989-01-12","Jadiel.Long@gmail.com","198-536-1614"
71311,"Jazlyn","Osborn","Boston","United States","2128","English","Male","","Single","0","2021-04-02","1978-01-03","Jazlyn.Osborn@hotmail.com","596-983-4591"
181772,"Taliyah","Soto","Seattle","United States","98141","English","Female","","Single","0","2020-04-17","1959-09-17","Taliyah.Soto@aol.com","014-094-2803"
60079,"Louis","Rivers","Denver","United States","80014","English","Male","","Married","0","2021-07-13","1975-10-04","Louis.Rivers@hotmail.com","135-062-3814"
213104,"Yahir","Vincent","Cairo","Egypt","00000","Arabic","Undisclosed","","Single","0","2019-08-06","1945-12-18","**~MASKED~**.**~MASKED~**@att.net","111-111-1111"
130836,"Monserrat","Soto","Tokyo","Japan","180-0000","Japanese","Female","","Undisclosed","Undisclosed","2021-08-31","1959-02-26","Monserrat.Soto@aol.com","755-842-2216"
213970,"Kelsey","Peters","Cape Town","South Africa","8005","English","Female","","Divorced/Seperated","2","2019-03-12","1955-06-14","**~MASKED~**.**~MASKED~**@att.net","111-111-1111"
100743,"Kaitlin","Montoya","tokyo","Japan","100-0400","Japanese","Male","","Single","0","2022-03-24","1967-10-05","Kaitlin.Montoya@aol.com","623-558-9124"
39320,"Payten","Ochoa","  Sao Paulo","Brazil","04849-000","Portuguese","Female","","Married","4","2022-03-26","1988-11-11","Payten.Ochoa@hotmail.com","805-323-8645"
4613,"Kenzie","Riggs","Krakow","Poland","31-5","Polish","Female","","Married","3","2022-04-08","1983-10-29","Kenzie.Riggs@hotmail.com","290-322-8389"
161705,"Madelynn","Esparza","London","United Kingdom","E1 6AN","English","Male","","Married","0","2019-05-27","1977-02-21","Madelynn.Esparza@hotmail.com","836-257-5898"
60504,"Sydnee","Shelton","Toronto","Canada","M4C 3C7","English","Male","","Single","0","2021-12-19","1966-08-04","Sydnee.Shelton@aol.com","212-907-8134"
7158,"Semaj","Dillon","Stockholm","Sweden","6200","Swedish","Female","","Married","0","2019-04-10","1966-01-18","Semaj.Dillon@aol.com","674-557-1131"
192473,"Beatrice","Tyler","Denver","United States","80266","English","Male","","Married","1","2019-07-14","1999-11-10","Beatrice.Tyler@gmail.com","667-169-9586"
57681,"Alaina","Cobb","San Mateo  ","United States","94010","English","Female","","Single","0","2020-03-24","1950-08-23","Alaina.Cobb@ymail.com","690-923-1039"
68186,"Muhammad","Barry","London","United Kingdom","E1 8AQ","English","Male","","Married","3","2020-11-19","1976-09-14","Muhammad.Barry@hotmail.com","375-617-4453"
157929,"Jayden","Floyd","New York City","United States","11220","English","Male","","Single","1","2021-11-26","1996-10-07","Jayden.Floyd@gmail.com","263-583-9839"
187754,"Charlotte","Koch","Seattle","United States","98195","English","Female","","Single","0","2021-03-05","1990-09-16","Charlotte.Koch@gmail.com","748-534-4863"
54614,"Joseph","Callahan","Montreal","Canada","H3A 2H6","English","Female","","Single","0","2022-01-07","1971-09-17","Joseph.Callahan@hotmail.com","744-683-6226"
164351,"Daniel","Bean","Melbourne","Australia","3000","English","Female","","Single","0","2019-10-19","1953-01-16","Daniel.Bean@ymail.com","441-911-3839"
42086,"Dario","Chung","Cape Town","South Africa","8005","English","Male","","Undisclosed","Undisclosed","2019-02-19","1976-08-25","Dario.Chung@hotmail.com","502-873-8786"
111483,"Wade","Mendez","melbourne","Australia","8002","English","Male","","Married","4","2021-09-14","1962-10-14","Wade.Mendez@aol.com","445-686-1302"
210060,"Sarai","Joyce","  Berlin","Germany","","German","Female","","Undisclosed","Undisclosed","2019-04-02","1975-09-23","**~MASKED~**.**~MASKED~**@gmail.com","111-111-1111"
187546,"Teagan","Simon","Warsaw","Poland","00-068","Polish","Female","","Divorced/Seperated","1","2019-02-23","1999-09-08","Teagan.Simon@gmail.com","018-510-7852"
196966,"Tristen","Benjamin","Seattle","United States","98115","English","Male","","Married","2","2022-06-05","1973-05-20","Tristen.Benjamin@hotmail.com","614-432-4907"
104429,"Sammy","Mcclain","Denver","United States","80227","English","Female","","Married","3","2020-05-23","1993-10-26","Sammy.Mcclain@gmail.com","265-921-5235"
30831,"Keith","Lester","New York City","United States","11373","English","Male","","Single","0","2021-11-25","1994-03-16","Keith.Lester@gmail.com","296-700-6593"
106793,"Keith","Fox","London","United Kingdom","E1 7JJ","English","Undisclosed","","Married","4","2019-11-09","1974-10-31","Keith.Fox@hotmail.com","532-873-3588"
66597,"Alden","Fisher","London","United Kingdom","E1 7TJ","English","Male","","Married","4","2020-03-18","1998-01-01","Alden.Fisher@gmail.com","277-206-6493"
95991,"Danielle","Carpenter","Warsaw","Poland","00-039","Polish","Undisclosed","","Single","0","2021-10-20","1952-12-25","Danielle.Carpenter@ymail.com","069-012-1346"
216161,"Nathalia","Cruz","Berlin  ","Germany","","German","Female","","Married","3","2019-02-05","1982-03-23","**~MASKED~**.**~MASKED~**@donotdisturb.com","111-111-1111"
136465,"Regan","Norris","Paris","France","75012","French","Female","","Single","0","2019-12-11","1940-04-04","Regan.Norris@ymail.com","003-743-2027"
82800,"Tania","Benton","  London","United Kingdom","E1 7EG","English","Female","","Single","0","2021-01-15","1985-02-12","Tania.Benton@hotmail.com","918-129-5355"
127560,"Shamar","Stout","  Manchester","United Kingdom","M1 1AT","English","Female","","Single","0","2020-07-24","1953-08-24","Shamar.Stout@ymail.com","228-524-5720"
54990,"Leonidas","Calderon","Boston","United States","2108","English","Male","","Undisclosed","Undisclosed","2021-08-10","1971-10-18","Leonidas.Calderon@hotmail.com","189-211-5711"
95605,"Felicity","Christensen","Manchester","United Kingdom","M1 2AQ","English","Female","","Married","2","2019-07-13","1980-05-10","Felicity.Christensen@hotmail.com","161-262-0513"
53833,"Julio","Alexander","Manchester","United Kingdom","M1 1EA","English","Male","","Single","1","2019-11-17","2003-01-21","Julio.Alexander@gmail.com","639-448-8617"
158280,"Gisselle","Morse","  Nice","France","600","French","Female","","Married","4","2021-06-07","1965-06-21","Gisselle.Morse@aol.com","267-235-3328"
96070,"Elsa","Peterson","Boston","United States","2151","English","Female","","Divorced/Seperated","4","2022-03-02","1954-08-31","Elsa.Peterson@ymail.com","358-491-5066"
218677,"Alondra","Stokes","Madrid","Spain","28021","Spanish","Male","","Single","0","2019-02-12","1961-06-06","**~MASKED~**.**~MASKED~**@excite.com","111-111-1111"
61118,"Jonas","Blankenship","Sydney","Australia","2001","English","Female","","Married","1","2020-08-19","1978-05-17","Jonas.Blankenship@hotmail.com","622-321-7266"
14235,"Julien","Morrison","Madrid","Spain","28021","Spanish","Female","","Single","0","2020-08-30","1966-11-24","Julien.Morrison@aol.com","449-864-5973"
73648,"Carmen","Hayden","Sydney","Australia","2059","English","Male","","Married","3","2022-01-05","1979-04-21","Carmen.Hayden@hotmail.com","433-336-3417"
222491,"Sierra","Proctor","Berlin","Germany","","German","Female","","Married","0","2019-07-02","1974-08-27","**~MASKED~**.**~MASKED~**@gmail.com","111-111-1111"
79114,"Caiden","Moran","Denver","United States","80208","English","Female","","Single","0","2020-03-08","1973-11-10","Caiden.Moran@hotmail.com","737-116-3291"
169593,"Athena","Barry","Mumbai","India","400006","Hindi","Male","","Married","2","2022-05-15","1958-06-25","Athena.Barry@aol.com","315-032-7413"
114556,"Saige","Turner","Melbourne","Australia","3045","English","Male","","Divorced/Seperated","3","2020-12-11","1979-05-27","Saige.Turner@hotmail.com","127-711-2803"
137006,"Franco","Taylor","Vancouver","Canada","V5K 2J8","English","Male","","Undisclosed","Undisclosed","2020-04-27","1989-06-13","Franco.Taylor@gmail.com","571-026-4104"
162275,"Aryan","Meadows","Montreal","Canada","H4E 1B5","English","Female","","Single","0","2019-04-28","1980-08-14","Aryan.Meadows@hotmail.com","008-663-7587"
138300,"Damien","Mcpherson","  Melbourne","Australia","3207","English","Male","","Single","0","2022-05-18","1987-05-15","Damien.Mcpherson@hotmail.com","136-556-6822"
156942,"Kailey","Nunez","SYDNEY","Australia","2055","English","Female","","Single","0","2020-08-29","1986-07-16","Kailey.Nunez@hotmail.com","711-832-3189"
19291,"Jaylan","Huff","Montreal","Canada","H1X 2K6","English","Female","","Undisclosed","Undisclosed","2022-01-17","1957-07-21","Jaylan.Huff@aol.com","724-632-3115"
41847,"Lizbeth","Tate","Toronto","Canada","M4C 1L8","English","Male","","Single","2","2019-01-13","1998-07-26","Lizbeth.Tate@gmail.com","625-379-3674"
105877,"Erin","Cline","Warsaw","Poland","00-070","Polish","Female","","Single","0","2019-01-25","1992-10-09","Erin.Cline@gmail.com","916-810-8006"
129670,"Rose","Landry","Melbourne","Australia","3000","English","Male","","Single","1","2022-01-31","1988-01-20","Rose.Landry@hotmail.com","576-031-9999"
111100,"Israel","Neal","  Melbourne","Australia","8002","English","Male","","Single","0","2022-02-24","1984-03-08","Israel.Neal@hotmail.com","950-352-0500"
2362,"Tyree","Mullen","KRAKOW","Poland","31-5","Polish","Female","","Married","3","2021-12-08","1944-09-05","Tyree.Mullen@ymail.com","372-390-2337"
27358,"Kamari","Braun","Barcelona","Spain","08013","English","Female","","Single","1","2020-10-13","1960-02-20","Kamari.Braun@aol.com","548-642-3061"
126363,"Tomas","Burns","melbourne","Australia","3207","English","Female","","Married","3","2021-06-15","1949-02-01","Tomas.Burns@ymail.com","175-935-1577"
124844,"Tripp","Joyce","Melbourne","Australia","3207","English","Female","","Married","3","2020-12-05","1979-07-26","Tripp.Joyce@hotmail.com","569-096-8461"
40001,"Cheyenne","Holt","Madrid  ","Spain","28021","Spanish","Male","","Divorced/Seperated","0","2021-05-25","1969-05-19","Cheyenne.Holt@aol.com","915-048-2621"
123539,"Laila","Harrell","Montreal","Canada","H1L 1L4","English","Male","","Single","0","2020-04-15","1980-12-26","Laila.Harrell@hotmail.com","234-341-4488"
44181,"Joyce","Bender","Tokyo  ","Japan","100-0400","Japanese","Male","","Undisclosed","Undisclosed","2019-01-27","1988-05-14","Joyce.Bender@hotmail.com","885-212-9112"
151008,"Presley","Forbes","Paris","France","75007","French","Male","","Married","2","2020-09-09","1957-04-20","Presley.Forbes@aol.com","726-093-1495"
79252,"Johnathon","Benson","Delhi","India","110032","Hindi","Undisclosed","","Undisclosed","Undisclosed","2022-05-20","1998-10-30","Johnathon.Benson@gmail.com","118-801-2448"
61839,"Kayla","Farmer","Manchester","United Kingdom","M1 2BP","English","Male","","Single","0","2022-06-21","1981-06-08","Kayla.Farmer@hotmail.com","602-047-5511"
57109,"Rylie","Garcia","Sao Paulo","Brazil","04849-000","Portuguese","Undisclosed","","Married","2","2019-11-16","1999-08-25","Rylie.Garcia@gmail.com","611-760-5951"
171095,"Jaylin","Mccann","Warsaw","Poland","00-060","Polish","Male","","Married","4","2020-11-20","1962-06-16","Jaylin.Mccann@aol.com","909-040-0689"
174797,"Ruben","Graves","Warsaw","Poland","00-005","Polish","Female","","Single","0","2019-01-04","1955-05-05","Ruben.Graves@ymail.com","701-913-1236"
199632,"Cindy","Wang","Manchester","United Kingdom","M1 1DB","English","Female","","Undisclosed","Undisclosed","2020-07-14","1998-12-20","Cindy.Wang@gmail.com","747-713-3268"
20782,"Kara","Weiss","BOSTON","United States","2135","English","Female","","Single","0","2022-03-17","1957-01-13","Kara.Weiss@aol.com","698-988-2083"
218553,"Lizbeth","Vazquez","Madrid","Spain","28021","Spanish","Male","","Married","2","2019-09-03","1980-08-12","**~MASKED~**.**~MASKED~**@ymail.com","111-111-1111"
81734,"Mario","Fuller","Manchester","United Kingdom","M1 1EN","English","Female","","Married","3","2021-05-24","2003-07-18","Mario.Fuller@gmail.com","436-945-5285"
61903,"Kai","Hays","denver","United States","80211","English","Female","","Single","0","2021-07-25","1955-09-07","Kai.Hays@ymail.com","423-589-8387"
7342,"Alan","Moore","CAPE TOWN","South Africa","8005","English","Male","","Married","2","2022-03-03","1960-03-04","Alan.Moore@aol.com","315-434-7266"
106733,"Sariah","Riddle","Montreal","Canada","H1X 2K6","English","Male","","Married","2","2020-05-02","1949-02-16","Sariah.Riddle@ymail.com","054-334-0466"
36652,"Shamar","Osborn","Tokyo","Japan","176-0000","Japanese","Female","","Married","4","2022-05-16","2002-12-18","Shamar.Osborn@gmail.com","699-717-5668"
137523,"Chaz","Hardin","new york city","United States","11368","English","Female","","Married","2","2021-06-21","2001-08-24","Chaz.Hardin@gmail.com","193-437-1088"
21433,"Gillian","Conley","Tokyo","Japan","114-0000","Japanese","Male","","Single","0","2019-09-08","1945-10-26","Gillian.Conley@ymail.com","404-712-1314"
66275,"Kamden","Anthony","Sao Paulo","Brazil","04849-000","Portuguese","Female","","Single","2","2021-09-13","1997-12-09","Kamden.Anthony@gmail.com","834-171-2486"
140278,"Kailey","Kerr","Melbourne","Australia","3004","English","Male","","Single","0","2022-01-07","1954-06-20","Kailey.Kerr@ymail.com","023-394-0593"
143841,"Kailee","Ayala","Seoul  ","South Korea","100-060","Korean","Male","","Married","0","2022-03-20","2003-04-16","Kailee.Ayala@gmail.com","524-793-4779"
220890,"","Beltran","Rio de Janeiro","Brazil","","Portuguese","Female","","Undisclosed","Undisclosed","2019-06-25","1990-05-29","**~MASKED~**.**~MASKED~**@netscape.net","111-111-1111"
191591,"Eddie","Carroll","Seattle","United States","98195","English","Male","","Single","0","2020-10-18","1942-10-19","Eddie.Carroll@ymail.com","427-388-5826"
90993,"Matilda","Duarte","New York City","United States","11207","English","Male","","Married","2","2022-03-14","1980-01-24","Matilda.Duarte@hotmail.com","956-642-0410"
140483,"Deanna","Ramirez","manchester","United Kingdom","M1 1AJ","English","Male","","Undisclosed","Undisclosed","2021-10-04","1954-05-21","Deanna.Ramirez@ymail.com","153-846-4102"
198657,"Anika","Cooley","Seattle","United States","98195","English","Female","","Single","0","2019-04-19","1954-09-08","Anika.Cooley@ymail.com","175-155-8617"
149588,"Devyn","Navarro","New York City","United States","11226","English","Female","","Single","0","2019-06-26","1996-06-17","Devyn.Navarro@gmail.com","349-863-3919"
75947,"Greta","Hubbard","Nice","France","6100","French","Male","","Divorced/Seperated","3","2019-04-28","1996-08-15","Greta.Hubbard@gmail.com","682-487-5910"
51735,"Jamie","Johnson","Denver","United States","80205","English","Male","","Married","1","2021-11-08","1980-11-26","Jamie.Johnson@hotmail.com","720-557-4997"
2375,"Harley","Roberson","Rio de Janeiro","Brazil","22753-000","Portuguese","Undisclosed","","Single","0","2021-05-05","1958-01-25","Harley.Roberson@aol.com","063-954-2788"
66044,"Shea","Schmitt","Munich","Germany","80809","German","Male","","Married","1","2020-10-05","1949-01-26","Shea.Schmitt@ymail.com","165-686-3313"
104352,"Weston","Mendoza","Toronto","Canada","M4C 1V6","English","Female","","Single","0","2020-06-25","1961-07-14","Weston.Mendoza@aol.com","790-011-3140"
47900,"London","Franco","  Cape Town","South Africa","8005","English","Female","","Married","2","2020-08-19","1957-01-03","London.Franco@aol.com","294-953-1529"
168199,"Tristian","Gamble","Toronto","Canada","M4C 3B7","English","Female","","Divorced/Seperated","3","2021-05-14","1964-08-13","Tristian.Gamble@aol.com","506-496-1233"
15509,"August","Cross","Krakow","Poland","31-5","Polish","Male","","Married","1","2022-01-12","1941-03-19","August.Cross@ymail.com","094-626-1235"
36101,"Lillian","Hogan","Munich  ","Germany","80809","German","Undisclosed","","Married","0","2021-07-11","1959-09-13","Lillian.Hogan@aol.com","977-915-7208"
78301,"Marina","Schaefer","Denver  ","United States","80205","English","Female","","Married","4","2022-05-15","1963-05-01","Marina.Schaefer@aol.com","353-148-5565"
171372,"Marley","Duffy","Mumbai","India","400032","Hindi","Female","","Single","0","2022-04-24","1999-03-28","Marley.Duffy@gmail.com","456-915-9583"
138966,"Rishi","Myers","Mumbai","India","400002","Hindi","Female","","Married","1","2019-11-15","2000-01-27","Rishi.Myers@gmail.com","344-018-8293"
183981,"Audrey","Pollard","Tokyo  ","Japan","176-0000","Japanese","Male","","Single","0","2021-09-12","2003-04-13","Audrey.Pollard@gmail.com","340-090-4978"
13595,"Boston","Howard","Montreal","Canada","H3M 1R6","English","Female","","Single","0","2020-10-10","1950-09-29","Boston.Howard@ymail.com","477-261-7821"
201704,"Frances","Casey","Rio de Janeiro","Brazil","","Portuguese","Female","","Single","0","2019-07-30","1991-03-05","**~MASKED~**.**~MASKED~**@netscape.net","111-111-1111"
133207,"Maximo","Maddox","London","United Kingdom","E1 7JH","English","Male","","Single","0","2020-09-12","1964-03-22","Maximo.Maddox@aol.com","358-940-6695"
205571,"Annalise","Jones","Stockholm","Sweden","","Swedish","Female","","Married","1","2019-04-30","1975-11-04","**~MASKED~**.**~MASKED~**@gmail.com","111-111-1111"
50212,"Amira","Hartman","Seoul","South Korea","100-210","Korean","Male","","Single","1","2021-07-19","1973-06-28","Amira.Hartman@hotmail.com","530-898-1477"
104948,"Taniya","Cisneros","Warsaw","Poland","00-008","Polish","Female","","Single","0","2020-08-15","1993-02-15","Taniya.Cisneros@gmail.com","196-587-1648"
159594,"Camren","Burgess","Manchester","United Kingdom","M1 1QB","English","Female","","Married","1","2021-11-02","1972-07-18","Camren.Burgess@hotmail.com","212-190-9178"
94826,"Brody","Weaver","Vancouver","Canada","V5K 0A6","English","Female","","Divorced/Seperated","1","2019-08-19","1994-04-04","Brody.Weaver@gmail.com","628-000-6937"
109905,"Laylah","Navarro","Vancouver","Canada","V5K 0A4","English","Female","","Undisclosed","Undisclosed","2019-08-09","1990-02-21","Laylah.Navarro@gmail.com","571-127-4193"
142290,"Jefferson","Berry","Vancouver","Canada","V5K 0A6","English","Female","","Married","2","2020-05-15","1954-07-02","Jefferson.Berry@ymail.com","402-272-3130"
171225,"Bronson","Solomon","Boston","United States","2215","English","Male","","Married","3","2020-10-06","1963-05-28","Bronson.Solomon@aol.com","526-204-1474"
174070,"Ellen","Fischer","Toronto","Canada","M4C 1V6","English","Male","","Married","1","2019-05-23","1999-08-09","Ellen.Fischer@gmail.com","644-009-6614"
209431,"Brayan","Deleon","Berlin","Germany","","German","Male","","Single","0","2019-06-25","1983-09-27","**~MASKED~**.**~MASKED~**@donotdisturb.com","111-111-1111"
212817,"Kendal","Foster","Barcelona","Spain","08013","Spanish","Male","","Married","0","2019-05-21","1986-05-20","**~MASKED~**.**~MASKED~**@gmail.com","111-111-1111"
14225,"Marc","Hurley","Rio de Janeiro","Brazil","22753-000","Portuguese","Male","","Divorced/Seperated","0","2020-02-04","1958-08-12","Marc.Hurley@aol.com","522-701-1463"
32854,"Melvin","Lynch","San Mateo","United States","94497","English","Male","","Married","2","2021-06-17","1975-09-18","Melvin.Lynch@hotmail.com","759-296-5269"
215497,"Bronson","Cordova","Munich","Germany","80809","German","Female","","Married","1","2019-03-05","1990-07-03","**~MASKED~**.**~MASKED~**@netscape.net","111-111-1111"
69276,"Peyton","Keller","London","United Kingdom","E1 7AF","English","Female","","Undisclosed","Undisclosed","2021-11-05","1945-08-29","Peyton.Keller@ymail.com","144-264-1600"
30199,"Case","Woodward","Barcelona","Spain","08013","English","Female","","Married","4","2022-01-25","1974-03-27","Case.Woodward@hotmail.com","100-444-4008"
53665,"Tate","Morrison","Vancouver","Canada","V5K 2H9","English","Male","","Married","2","2021-02-21","1998-02-28","Tate.Morrison@gmail.com","643-380-2178"
13579,"Milo","Tapia","Munich","Germany","80809","German","Male","","Single","0","2021-03-11","1945-10-23","Milo.Tapia@ymail.com","189-516-4267"
26699,"Deon","Gibson","Stockholm","Sweden","600","Swedish","Female","","Single","0","2020-12-05","1941-01-13","Deon.Gibson@ymail.com","021-801-9768"
208770,"Payton","Kim","Rio de Janeiro","Brazil","","Portuguese","Female","","Single","0","2019-01-29","1965-02-09","**~MASKED~**.**~MASKED~**@yahoo.com","111-111-1111"
90756,"Javion","Best","Paris","France","75012","French","Female","","Married","2","2022-05-17","1993-08-28","Javion.Best@gmail.com","348-761-3514"
158943,"Liana","Mayer","boston","United States","2125","English","Male","","Divorced/Seperated","4","2019-04-25","1991-09-11","Liana.Mayer@gmail.com","796-947-0279"
188445,"Spencer","Stevens","Boston","United States","2151","English","Female","","Divorced/Seperated","0","2019-07-14","1993-07-20","Spencer.Stevens@gmail.com","884-667-3239"
171984,"Tiana","Daniel","Warsaw","Poland","00-032","Polish","Female","","Single","0","2021-09-05","2000-01-18","Tiana.Daniel@gmail.com","703-660-2430"
38806,"Damion","Garner","New York City","United States","11236","English","Male","","Married","1","2021-02-02","1967-11-03","Damion.Garner@aol.com","130-370-2064"
59947,"Brylee","Vaughan","Cairo","Egypt","00000","Arabic","Female","","Undisclosed","Undisclosed","2020-02-19","1968-09-17","Brylee.Vaughan@aol.com","756-376-6587"
200973,"Jaqueline","Cooper","Sao Paulo","Brazil","","Portuguese","Undisclosed","","Single","0","2019-06-18","1961-01-24","**~MASKED~**.**~MASKED~**@excite.com","111-111-1111"
39702,"Spencer","Henry","STOCKHOLM","Sweden","6200","Swedish","Male","","Divorced/Seperated","2","2019-04-29","1951-09-12","Spencer.Henry@ymail.com","454-892-6929"
140191,"Carly","Zamora","Toronto","Canada","M4C 3B7","English","Male","","Divorced/Seperated","1","2019-03-11","1953-11-14","Carly.Zamora@ymail.com","112-312-9245"
156604,"June","Jenkins","Toronto","Canada","M4C 1L8","English","Female","","Married","3","2019-06-12","1967-04-30","June.Jenkins@aol.com","796-367-5960"
88168,"Cade","Kent","London","United Kingdom","E1 7AW","English","Female","","Married","2","2019-02-12","1956-07-27","Cade.Kent@aol.com","140-850-0150"
35991,"Madeleine","Giles","Sao Paulo","Brazil","04849-000","Portuguese","Male","","Married","2","2019-12-18","1980-12-01","Madeleine.Giles@hotmail.com","100-901-4530"
116586,"Damian","Herrera","Warsaw","Poland","00-047","Polish","Female","","Married","4","2020-11-11","1945-12-12","Damian.Herrera@ymail.com","794-377-2121"
66769,"Shannon","Cortez","Seattle","United States","98117","English","Female","","Married","1","2019-09-07","1941-04-10","Shannon.Cortez@ymail.com","190-023-0144"
40689,"Collin","Cardenas","Krakow","Poland","31-5","Polish","Female","","Divorced/Seperated","2","2019-07-10","1946-01-29","Collin.Cardenas@ymail.com","426-070-5649"
136353,"Claire","Hill","Nice","France","600","French","Female","","Undisclosed","Undisclosed","2019-09-18","1961-10-31","Claire.Hill@aol.com","877-026-6819"
83083,"George","Erickson","nice","France","6206","French","Female","","Single","0","2022-03-13","1981-02-27","George.Erickson@hotmail.com","746-430-0305"
96234,"Daniella","Fuentes","New York City","United States","10025","English","Female","","Single","0","2020-06-27","1986-07-05","Daniella.Fuentes@hotmail.com","247-770-6560"
178711,"Elian","Stanley","Sydney","Australia","2001","English","Female","","Divorced/Seperated","2","2019-05-08","1974-03-15","Elian.Stanley@hotmail.com","618-054-3541"
110005,"Ansley","Stephens","Seattle","United States","98117","English","Male","","Married","2","2022-05-05","1991-11-02","Ansley.Stephens@gmail.com","227-676-2376"
95132,"Kamora","Osborn","Vancouver","Canada","V5K 0A1","English","Female","","Divorced/Seperated","1","2021-09-22","1966-08-22","Kamora.Osborn@aol.com","697-790-4304"
200431,"Rigoberto","Beltran","Sao Paulo","Brazil","","Portuguese","Male","","Married","1","2019-02-26","1962-11-13","**~MASKED~**.**~MASKED~**@msn.com","111-111-1111"
151955,"Gerardo","Harmon","Toronto","Canada","M4C 3C7","English","Male","","Married","4","2021-01-08","2004-03-27","Gerardo.Harmon@gmail.com","951-393-4328"
205764,"Keshawn","Ortega","Madrid","Spain","28021","Spanish","Male","","Single","2","2019-06-25","1950-08-15","**~MASKED~**.**~MASKED~**@att.net","111-111-1111"
10708,"Madilyn","Calderon","London","United Kingdom","E1 7HA","English","Female","","Undisclosed","Undisclosed","2022-02-12","1976-07-23","Madilyn.Calderon@hotmail.com","034-169-8268"
139838,"Karley","Crawford","New York City","United States","10467","English","Female","","Undisclosed","Undisclosed","2019-08-30","1982-08-29","Karley.Crawford@hotmail.com","472-914-1144"
209185,"Brodie","Gardner","Munich","Germany","80809","German","Female","","Single","0","2019-03-12","1987-05-12","**~MASKED~**.**~MASKED~**@gmail.com","111-111-1111"
158056,"Ingrid","Maynard","Vancouver","Canada","V5K 0A3","English","Undisclosed","","Single","0","2021-02-25","1950-01-14","Ingrid.Maynard@ymail.com","674-683-0828"
169267,"Ibrahim","Dunn","Toronto","Canada","M4C 1E7","English","Male","","Married","3","2019-11-28","2004-09-21","Ibrahim.Dunn@gmail.com","238-474-9725"
19217,"William","Harmon","Toronto","Canada","M4C 3J6","English","Female","","Single","0","2019-08-13","1974-09-17","William.Harmon@hotmail.com","007-334-5430"
184380,"Aspen","Caldwell","  Montreal","Canada","H1X 2K6","English","Female","","Single","0","2019-09-10","1993-07-03","Aspen.Caldwell@gmail.com","075-484-7651"
222275,"Bo","Ryan","Berlin","Germany","","German","Undisclosed","","Single","0","2019-08-13","1948-07-27","**~MASKED~**.**~MASKED~**@att.net","111-111-1111"
68395,"Hana","Cuevas","Mumbai","India","400061","Hindi","Male","","Single","0","2019-07-09","1965-05-05","Hana.Cuevas@aol.com","251-574-0482"
87899,"Lorenzo","Mcclure","Paris","France","75003","French","Female","","Married","2","2020-01-17","1977-11-22","Lorenzo.Mcclure@hotmail.com","260-304-0875"
135555,"Kenyon","Cook","London","United Kingdom","E1 7BH","English","Female","","Single","0","2019-06-24","1986-11-23","Kenyon.Cook@hotmail.com","392-375-0321"
60006,"Yadira","Solomon","London","United Kingdom","E1 7EB","English","Female","","Married","4","2020-08-16","1947-08-28","Yadira.Solomon@ymail.com","165-112-8436"
207687,"Haylee","Peterson","Cape Town","South Africa","8005","English","Male","","Single","1","2019-01-29","1951-09-04","**~MASKED~**.**~MASKED~**@att.net","111-111-1111"
106520,"Jayson","Haas","  Sydney","Australia","2000","English","Female","","Single","0","2019-12-05","1993-06-07","Jayson.Haas@gmail.com","288-434-9608"
102019,"Cruz","Best","Vancouver","Canada","V5K 2E6","English","Male","","Married","5+","2021-06-06","1952-02-24","Cruz.Best@ymail.com","849-890-3525"
33944,"Ryan","Lindsey","Stockholm","Sweden","600","Swedish","Male","","Single","0","2022-05-13","1992-03-25","Ryan.Lindsey@gmail.com","155-915-3016"
108070,"Heidy","Villa","Melbourne","Australia","3052","English","Female","","Married","2","2020-12-10","1959-03-17","Heidy.Villa@aol.com","013-757-9054"
63269,"Kiley","Nicholson","Paris","France","75011","French","Female","","Single","0","2019-07-12","1969-01-02","Kiley.Nicholson@aol.com","074-349-2587"
9498,"Marina","Blackburn","Tokyo","Japan","176-0000","Japanese","Male","","Married","0","2021-05-11","1942-11-24","Marina.Blackburn@ymail.com","723-954-1279"
69075,"Kathryn","Crawford","Stockholm","Sweden","6206","Swedish","Female","","Single","0","2020-04-13","1993-07-04","Kathryn.Crawford@gmail.com","800-706-0740"
16993,"Grace","Kane","Stockholm","Sweden","6300","Swedish","Male","","Single","0","2020-01-14","1983-05-27","Grace.Kane@hotmail.com","476-625-0665"
148024,"Camren","Sweeney","Seattle","United States","98117","English","Female","","Single","0","2019-05-17","1942-02-07","Camren.Sweeney@ymail.com","712-761-4407"
84496,"Moises","Walter","Delhi","India","110091","Hindi","Male","","Married","2","2021-08-31","1964-01-12","Moises.Walter@aol.com","069-603-2063"
92260,"Sophie","Jones","  Tokyo","Japan","114-0000","Japanese","Male","","Married","1","2020-08-10","1945-01-10","Sophie.Jones@ymail.com","033-145-4659"
97022,"Annabel","Berg","LONDON","United Kingdom","E1 8AB","English","Male","","Divorced/Seperated","2","2019-01-25","1961-12-21","Annabel.Berg@aol.com","029-771-8616"
92753,"Lucas","Fox","Mumbai","India","400059","Hindi","Male","","Single","0","2019-01-18","1940-01-27","Lucas.Fox@ymail.com","559-732-4278"
158296,"Lennon","Neal","Sydney","Australia","2020","English","Male","","Single","0","2022-01-13","2000-05-24","Lennon.Neal@gmail.com","749-819-9261"
61229,"Haylie","Andrews","London","United Kingdom","E1 7HP","English","Male","","Married","5+","2019-09-20","1990-12-30","Haylie.Andrews@gmail.com","549-886-8556"
2732,"Margaret","Trevino","Krakow","Poland","31-5","Polish","Male","","Married","1","2019-10-09","1984-09-30","Margaret.Trevino@hotmail.com","648-508-9175"
148577,"Imani","Montgomery","Melbourne","Australia","3002","English","Female","","Single","0","2021-12-05","1947-09-19","Imani.Montgomery@ymail.com","799-436-4237"
222364,"Clay","Fletcher","Berlin","Germany","","German","Female","","Married","1","2019-02-26","1947-06-24","**~MASKED~**.**~MASKED~**@att.net","111-111-1111"
24586,"Talia","Hendrix","Montreal","Canada","H4E 1B5","English","Female","","Single","0","2021-08-18","1975-04-10","Talia.Hendrix@hotmail.com","032-568-3770"
199584,"Patrick","Valencia","Montreal","Canada","H4E 1B5","English","Female","","Single","0","2020-12-11","1999-04-16","Patrick.Valencia@gmail.com","033-842-3262"
80950,"Vincent","Horn","Warsaw","Poland","00-015","Polish","Female","","Married","3","2019-11-17","1979-03-29","Vincent.Horn@hotmail.com","093-913-5935"
221281,"Nathaly","Benitez","Rio de Janeiro  ","Brazil","","Portuguese","Female","","Divorced/Seperated","0","2019-07-09","1973-04-10","**~MASKED~**.**~MASKED~**@gmail.com","111-111-1111"
196312,"Nathanial","Ford","Manchester","United Kingdom","M1 1JJ","English","Female","","Single","0","2022-02-24","1969-01-28","Nathanial.Ford@aol.com","572-543-0511"
131974,"Ezekiel","Mcdaniel","Tokyo","Japan","100-0400","Japanese","Undisclosed","","Single","0","2019-04-13","2005-03-25","Ezekiel.Mcdaniel@gmail.com","262-044-5337"
17659,"Aiden","Hale","Munich","Germany","80809","German","Undisclosed","","Married","4","2019-12-31","2002-04-20","Aiden.Hale@gmail.com","255-631-8755"
76630,"Adalyn","Andersen","Paris","France","75008","French","Undisclosed","","Married","4","2021-01-14","1971-11-16","Adalyn.Andersen@hotmail.com","472-519-3245"
218015,"Emmett","Mathews","Stockholm","Sweden","","Swedish","Male","","Divorced/Seperated","0","2019-01-22","1951-11-13","**~MASKED~**.**~MASKED~**@att.net","111-111-1111"
30526,"Mohammed","Rangel","Munich","Germany","80809","German","Undisclosed","","Married","0","2021-09-21","1985-01-03","Mohammed.Rangel@hotmail.com","291-745-4283"
56657,"Raiden","Oneill","Seoul","South Korea","100-053","Korean","Undisclosed","","Married","2","2019-05-11","1999-07-26","Raiden.Oneill@gmail.com","871-382-6536"
108146,"Luka","Higgins","Tokyo","Japan","176-0000","Japanese","Male","","Single","0","2019-05-28","1985-02-18","Luka.Higgins@hotmail.com","644-425-0557"
220759,"Hezekiah","Mccormick","Rio de Janeiro","Brazil","","Portuguese","Female","","Single","0","2019-04-16","1983-10-04","**~MASKED~**.**~MASKED~**@donotdisturb.com","111-111-1111"
173702,"Jamison","Butler","NEW YORK CITY","United States","11385","English","Female","","Undisclosed","Undisclosed","2019-12-21","1997-06-19","Jamison.Butler@gmail.com","021-740-4064"
15189,"Emilie","Hardin","Rio de Janeiro","Brazil","22753-000","Portuguese","Male","","Single","0","2019-05-24","2006-05-24","Emilie.Hardin@gmail.com","339-566-2035"
79478,"Azul","Hardin","Melbourne","Australia","3207","English","Female","","Undisclosed","Undisclosed","2021-06-23","1955-07-28","Azul.Hardin@ymail.com","216-132-5440"
219641,"Shyla","Mckenzie","Cairo  ","Egypt","00000","Arabic","Male","","Single","0","2019-04-30","1958-04-29","**~MASKED~**.**~MASKED~**@netscape.net","111-111-1111"
62594,"Tamia","Combs","Munich","Germany","80809","German","Female","","Married","3","2019-10-29","1954-11-09","Tamia.Combs@ymail.com","755-162-1174"
63653,"Amira","Forbes","Toronto","Canada","M3C 0C1","English","Male","","Single","0","2022-02-08","1981-09-01","Amira.Forbes@hotmail.com","321-839-4517"
138694,"Julie","Case","Toronto","Canada","M3C 0C1","English","Female","","Divorced/Seperated","2","2021-01-28","1963-09-26","Julie.Case@aol.com","993-536-3591"
175833,"Milo","Wagner","Toronto","Canada","M4C 1X6","English","Male","","Married","5+","2020-07-30","1944-11-05","Milo.Wagner@ymail.com","304-641-8969"
53390,"Stephen","Larsen","Montreal","Canada","H3M 1R6","English","Male","","Single","0","2022-06-21","1973-07-20","Stephen.Larsen@hotmail.com","181-144-8120"
9571,"Sage","Bates","Madrid","Spain","28021","Spanish","Female","","Single","0","2019-12-14","1965-08-02","Sage.Bates@aol.com","280-599-8415"
150026,"Taryn","Malone","Denver","United States","80205","English","Undisclosed","","Undisclosed","Undisclosed","2019-01-27","1970-03-28","Taryn.Malone@hotmail.com","278-591-9705"
71230,"Beckett","Shepherd","Sydney","Australia","2060","English","Female","","Married","2","2021-10-10","1998-06-27","Beckett.Shepherd@gmail.com","754-125-4397"
192699,"Rey","Wiley","Seattle","United States","98185","English","Male","","Divorced/Seperated","1","2021-09-01","2002-07-09","Rey.Wiley@gmail.com","087-910-4695"
167683,"Alani","Daniel","nice","France","6206","French","Female","","Single","0","2020-12-07","1984-05-24","Alani.Daniel@hotmail.com","844-491-8453"
192408,"Soren","Larsen","Mumbai","India","400034","Hindi","Male","","Single","0","2020-09-18","1954-02-14","Soren.Larsen@ymail.com","755-061-0564"
178110,"Brody","Blackwell","Warsaw","Poland","00-068","Polish","Female","","Married","1","2019-03-24","1987-11-07","Brody.Blackwell@hotmail.com","543-136-2957"
49238,"Evie","Frederick","Sao Paulo","Brazil","04849-000","Portuguese","Female","","Married","2","2022-03-23","2000-10-04","Evie.Frederick@gmail.com","036-834-8128"
203126,"Wall","Valdez","Berlin","Germany","","German","Male","","Single","0","2019-04-23","1988-08-02","**~MASKED~**.**~MASKED~**@hotmail.com","111-111-1111"
86286,"Scarlet","Rhodes","Boston","United States","2108","English","Female","","Single","0","2022-04-19","1988-01-01","Scarlet.Rhodes@hotmail.com","683-309-2915"
102319,"Pablo","Walls","New York City","United States","11220","English","Female","","Divorced/Seperated","4","2019-03-01","1981-12-01","Pablo.Walls@hotmail.com","116-677-4418"
109739,"Nelson","Cook","Tokyo","Japan","182-0000","Japanese","Male","","Single","0","2019-09-09","1969-07-23","Nelson.Cook@aol.com","745-969-7498"
72719,"Taniya","Rose","London","United Kingdom","E1 7DB","English","Male","","Divorced/Seperated","3","2020-08-11","1968-06-13","Taniya.Rose@aol.com","401-326-1880"
150322,"Cali","Vega","SEOUL","South Korea","100-053","Korean","Male","","Married","3","2019-11-28","1993-02-16","Cali.Vega@gmail.com","014-373-6830"
100801,"Ansley","Owen","Denver  ","United States","80202","English","Male","","Married","4","2020-07-29","1952-10-09","Ansley.Owen@ymail.com","458-160-5314"
105213,"Oliver","Duke","Mumbai","India","400016","Hindi","Male","","Divorced/Seperated","2","2022-05-26","1951-09-17","Oliver.Duke@ymail.com","268-997-2005"
102235,"Janiya","Simpson","Delhi","India","110086","Hindi","Male","","Undisclosed","Undisclosed","2019-10-14","1976-07-14","Janiya.Simpson@hotmail.com","661-703-0680"
193867,"Ty","Humphrey","Seoul","South Korea","100-011","Korean","Female","","Married","3","2022-03-31","1988-11-16","Ty.Humphrey@hotmail.com","584-410-1149"
45692,"Maggie","Harper","Toronto","Canada","M4C 1E7","English","Female","","Married","2","2020-01-06","1975-10-12","Maggie.Harper@hotmail.com","067-175-3674"
170531,"Emelia","Richardson","Seattle","United States","98109","English","Male","","Undisclosed","Undisclosed","2021-07-31","1949-09-13","Emelia.Richardson@ymail.com","792-145-1577"
126852,"Jaslyn","Mcdaniel","New York City","United States","11208","English","Undisclosed","","Married","2","2021-08-31","1975-10-07","Jaslyn.Mcdaniel@hotmail.com","141-707-4432"
220063,"Alec","Patton","cape town","South Africa","8005","English","Female","","Single","0","2019-05-14","1957-02-19","**~MASKED~**.**~MASKED~**@netscape.net","111-111-1111"
16623,"Londyn","Rush","toronto","Canada","M4C 3M7","English","Male","","Married","2","2019-05-23","1961-04-21","Londyn.Rush@aol.com","965-901-8464"
7588,"Ivy","Chen","Hamburg","Germany","21129","German","Male","","Married","2","2021-04-22","1971-03-10","Ivy.Chen@hotmail.com","004-085-8720"
58967,"Efrain","Shaw","Tokyo","Japan","144-0000","Japanese","Female","","Divorced/Seperated","0","2019-11-26","1945-12-28","Efrain.Shaw@ymail.com","426-482-8624"
120563,"Darian","Lawrence","denver","United States","80205","English","Undisclosed","","Married","4","2019-07-16","1989-02-18","Darian.Lawrence@gmail.com","783-183-4277"
148271,"William","Hunter","Melbourne","Australia","3052","English","Female","","Single","0","2019-08-18","1969-10-30","William.Hunter@aol.com","115-796-5203"
132893,"Alden","Morse","Tokyo","Japan","176-0000","Japanese","Male","","Married","2","2020-02-26","1998-12-29","Alden.Morse@gmail.com","900-621-5885"
116453,"Yadira","Buck","Delhi","India","110010","Hindi","Male","","Undisclosed","Undisclosed","2019-07-05","1982-09-23","Yadira.Buck@hotmail.com","556-114-2042"
42672,"Joy","Martinez","Stockholm","Sweden","6206","Swedish","Female","","Married","2","2021-06-25","1963-01-16","Joy.Martinez@aol.com","623-390-0004"
36759,"Arianna","Levine","Toronto","Canada","M4C 1E7","English","Male","","Married","4","2021-11-06","1979-11-15","Arianna.Levine@hotmail.com","155-354-0938"
38957,"Tyler","Calhoun","Madrid","Spain","28021","Spanish","Undisclosed","","Divorced/Seperated","3","2021-05-30","1961-11-05","Tyler.Calhoun@aol.com","591-471-1553"
112666,"Arely","Pollard","Toronto","Canada","M3C 0C1","English","Female","","Undisclosed","Undisclosed","2021-07-22","1964-11-19","Arely.Pollard@aol.com","589-727-8396"
20627,"Jacob","Hernandez","Hamburg","Germany","21129","German","Male","","Married","2","2021-12-09","1954-09-30","Jacob.Hernandez@ymail.com","869-020-1834"
160714,"Patience","Nolan","Sydney","Australia","2020","English","Male","","Single","0","2020-12-27","1998-12-24","Patience.Nolan@gmail.com","913-460-4450"
77897,"Rex","Gardner","New York City","United States","11373","English","Male","","Married","2","2020-06-29","1946-12-08","Rex.Gardner@ymail.com","197-164-7970"
189659,"Mia","Rosario","London","United Kingdom","E1 7DD","English","Male","","Married","2","2021-10-03","1981-10-21","Mia.Rosario@hotmail.com","611-856-1449"
175773,"Waylon","Davis","Warsaw","Poland","00-030","Polish","Female","","Single","0","2019-08-30","1980-01-19","Waylon.Davis@hotmail.com","715-956-5328"
49164,"Heath","Juarez","Tokyo","Japan","176-0000","Japanese","Male","","Single","0","2019-02-14","1941-09-15","Heath.Juarez@ymail.com","328-250-0577"
108733,"Dennis","Fry","Paris","France","75013","French","Undisclosed","","Undisclosed","Undisclosed","2020-01-05","1943-02-07","Dennis.Fry@ymail.com","403-574-5329"
46084,"Kayla","Dawson","Tokyo","Japan","182-0000","Japanese","Male","","Married","3","2020-08-07","1964-06-22","Kayla.Dawson@aol.com","247-427-6230"
1310,"Jillian","Abbott","Krakow","Poland","31-5","Polish","Male","","Married","3","2020-07-21","1966-09-27","Jillian.Abbott@aol.com","275-346-0239"
135440,"Fisher","Dickerson","  Seattle","United States","98185","English","Male","","Married","2","2019-01-22","1942-10-25","Fisher.Dickerson@ymail.com","211-661-3462"
53170,"Gloria","Meadows","London","United Kingdom","E1 7QG","English","Female","","Married","2","2021-12-12","1969-12-16","Gloria.Meadows@aol.com","746-351-0590"
69891,"Cara","Sellers","Toronto","Canada","M4C 0A2","English","Male","","Married","0","2019-05-09","1996-10-05","Cara.Sellers@gmail.com","630-507-2125"
148815,"Mariana","Singh","London","United Kingdom","E1 7AA","English","Female","","Divorced/Seperated","2","2020-10-15","1950-01-04","Mariana.Singh@ymail.com","896-687-9216"
12850,"Mina","Guerra","Tokyo","Japan","144-0000","Japanese","Male","","Single","0","2019-04-15","2000-08-27","Mina.Guerra@gmail.com","620-710-9751"
155019,"Holden","Cruz","Sydney","Australia","2020","English","Male","","Married","3","2019-06-03","1964-11-20","Holden.Cruz@aol.com","226-996-8059"
164622,"Cedric","Berg","NICE","France","6206","French","Female","","Single","0","2021-03-06","1998-12-23","Cedric.Berg@gmail.com","545-993-1335"
187901,"Claire","Guerra","Montreal  ","Canada","H4E 1B5","English","Female","","Divorced/Seperated","0","2019-12-29","1999-08-08","Claire.Guerra@gmail.com","415-320-3709"
59890,"Joe","Baldwin","Denver","United States","80249","English","Undisclosed","","Married","2","2020-11-23","1966-09-12","Joe.Baldwin@aol.com","703-825-9819"
126796,"Johnathon","Howell","Sydney","Australia","1235","English","Undisclosed","","Single","0","2020-12-05","1996-09-08","Johnathon.Howell@gmail.com","612-802-3937"
218739,"Natasha","Crane","Madrid","Spain","28021","Spanish","Male","","Single","2","2019-04-09","1984-04-24","**~MASKED~**.**~MASKED~**@gmail.com","111-111-1111"
140784,"Cristal","Carney","Melbourne","Australia","3207","English","Female","","Married","0","2021-03-27","1962-12-18","Cristal.Carney@aol.com","794-041-4559"
193491,"Ivy","Vance","Warsaw","Poland","00-003","Polish","Male","","Single","0","2020-09-30","1952-12-25","Ivy.Vance@ymail.com","885-804-6346"
56893,"Kiara","Taylor","Montreal","Canada","H1L 1L4","English","Male","","Single","0","2020-10-27","1969-04-07","Kiara.Taylor@aol.com","062-296-8782"
5074,"Caleb","Graves","Sao Paulo","Brazil","04849-000","Portuguese","Male","","Single","0","2019-08-04","1974-09-09","Caleb.Graves@hotmail.com","793-804-3802"
66775,"Nevaeh","Guerrero","Sao Paulo","Brazil","04849-000","Portuguese","Undisclosed","","Single","0","2020-04-14","1971-05-18","Nevaeh.Guerrero@hotmail.com","614-926-5926"
147319,"Alissa","Wiggins","Nice","France","6206","French","Male","","Single","0","2019-09-20","1944-02-26","Alissa.Wiggins@ymail.com","623-030-6350"
176059,"Kolby","Winters","Mumbai","India","400067","Hindi","Male","","Single","0","2021-09-13","1994-06-05","Kolby.Winters@gmail.com","865-032-6026"
164263,"Lorelai","Schaefer","vancouver","Canada","V5K 0A3","English","Male","","Single","0","2022-02-23","1966-01-10","Lorelai.Schaefer@aol.com","956-418-0365"
212754,"Trenton","Hensley","Barcelona","Spain","08013","Spanish","Male","","Single","0","2019-01-29","1985-03-12","**~MASKED~**.**~MASKED~**@gmail.com","111-111-1111"
167630,"Shayla","Ewing","Vancouver","Canada","V5K 2S3","English","Female","","Single","0","2020-11-29","2004-08-30","Shayla.Ewing@gmail.com","402-680-2161"
74498,"Anaya","Peck","Tokyo","Japan","100-0400","Japanese","Male","","Single","0","2021-10-15","2003-05-28","Anaya.Peck@gmail.com","561-680-6276"
215941,"Cecelia","Liu","Berlin  ","Germany","","German","Male","","Single","0","2019-01-22","1989-07-11","**~MASKED~**.**~MASKED~**@hotmail.com","111-111-1111"
91518,"Bruno","Mendez","Sydney","Australia","2129","English","Male","","Divorced/Seperated","4","2020-08-20","1943-06-23","Bruno.Mendez@ymail.com","083-712-1098"
69548,"Curtis","Spears","Manchester","United Kingdom","M1 1HJ","English","Male","","Undisclosed","Undisclosed","2019-10-10","1980-08-28","Curtis.Spears@hotmail.com","195-073-4784"
136847,"Mariam","Gibbs","Denver","United States","80249","English","Male","","Undisclosed","Undisclosed","2021-03-09","1983-07-02","Mariam.Gibbs@hotmail.com","109-238-9818"
125280,"Lorelei","Acosta","  Boston","United States","2125","English","Male","","Married","2","2021-09-23","2000-08-11","Lorelei.Acosta@gmail.com","128-460-5964"
26308,"Edgar","Hodges","Tokyo","Japan","114-0000","Japanese","Female","","Single","0","2020-11-04","1966-01-29","Edgar.Hodges@aol.com","793-574-3201"
127911,"Parker","Glass","Denver","United States","80227","English","Male","","Married","2","2019-11-02","1974-02-10","Parker.Glass@hotmail.com","103-214-6713"
152299,"Kristin","Franklin","Seoul","South Korea","100-195","Korean","Undisclosed","","Married","2","2020-11-23","1982-10-06","Kristin.Franklin@hotmail.com","145-530-4367"
50557,"Mikayla","Chan","Stockholm","Sweden","600","Swedish","Female","","Married","0","2022-02-17","1946-10-18","Mikayla.Chan@ymail.com","344-464-9560"
106892,"Mackenzie","Oneal","Paris","France","75005","French","Female","","Undisclosed","Undisclosed","2019-02-20","1946-01-09","Mackenzie.Oneal@ymail.com","096-076-5421"
32849,"Jackson","Morrison","Sao Paulo","Brazil","04849-000","Portuguese","Female","","Married","4","2019-08-07","1981-11-05","Jackson.Morrison@hotmail.com","731-053-7991"
164940,"Drake","Webb","  New York City","United States","11208","English","Male","","Divorced/Seperated","2","2022-02-11","1949-11-14","Drake.Webb@ymail.com","775-621-8407"
104379,"Sheldon","Booth","Seattle","United States","98199","English","Female","","Undisclosed","Undisclosed","2022-06-22","1966-12-03","Sheldon.Booth@aol.com","091-632-4889"
112673,"Amir","Guerrero","Toronto","Canada","M3C 0J1","English","Undisclosed","","Undisclosed","Undisclosed","2021-10-16","1986-05-05","Amir.Guerrero@hotmail.com","947-080-8327"
87070,"Niko","Davenport","Melbourne","Australia","3207","English","Female","","Married","1","2020-10-02","1967-05-16","Niko.Davenport@aol.com","732-271-1451"
110479,"Edith","Figueroa","Vancouver","Canada","V5K 0A1","English","Female","","Divorced/Seperated","2","2019-01-07","1945-08-19","Edith.Figueroa@ymail.com","707-842-1871"
122579,"Arjun","Parrish","Toronto","Canada","M4C 3C7","English","Male","","Married","0","2019-03-24","1963-04-14","Arjun.Parrish@aol.com","844-052-9637"
103929,"Ruby","Buck","Sydney","Australia","2006","English","Male","","Married","1","2021-01-16","1996-08-27","Ruby.Buck@gmail.com","779-883-5093"
91484,"Miracle","Schultz","Warsaw","Poland","00-044","Polish","Male","","Undisclosed","Undisclosed","2021-03-07","1951-12-17","Miracle.Schultz@ymail.com","898-941-2588"
19509,"Alice","Peterson","Hamburg","Germany","21129","German","Female","","Single","0","2019-04-08","2003-02-23","Alice.Peterson@gmail.com","878-445-2615"
204420,"Daniella","Mckinney","  Hamburg","Germany","21129","German","Male","","Married","1","2019-03-05","1957-03-19","**~MASKED~**.**~MASKED~**@netscape.net","111-111-1111"
6959,"Kara","Munoz","Cape Town","South Africa","8005","English","Undisclosed","","Single","0","2020-04-04","1984-06-18","Kara.Munoz@hotmail.com","162-577-9550"
200666,"Briana","Acosta","Sao Paulo","Brazil","","Portuguese","Male","","Single","1","2019-03-26","1955-12-27","**~MASKED~**.**~MASKED~**@att.net","111-111-1111"
159141,"Trevin","Harvey","Warsaw  ","Poland","00-070","Polish","Male","","Single","0","2021-11-16","1947-11-28","Trevin.Harvey@ymail.com","349-110-5798"
14340,"Kaleigh","Phelps","  London","United Kingdom","E1 7ER","English","Male","","Married","4","2020-08-07","1961-09-30","Kaleigh.Phelps@aol.com","815-269-0835"
218730,"Fiona","Morse","Madrid","Spain","28021","Spanish","Male","","Single","0","2019-04-30","1978-10-31","**~MASKED~**.**~MASKED~**@gmail.com","111-111-1111"
220224,"Krista","Sandoval","Cape Town","South Africa","8005","English","Male","","Single","0","2019-06-25","1988-11-15","**~MASKED~**.**~MASKED~**@hotmail.com","111-111-1111"
115239,"Cash","Greene","Paris","France","75009","French","Male","","Divorced/Seperated","2","2021-05-05","2000-02-03","Cash.Greene@gmail.com","048-645-5958"
10053,"Lillie","Buchanan","London","United Kingdom","E1 8AB","English","Male","","Married","2","2021-07-07","2004-08-06","Lillie.Buchanan@gmail.com","573-029-1071"
74508,"Alisson","Jimenez","Paris","France","75002","French","Female","","Single","0","2021-12-05","1974-05-05","Alisson.Jimenez@hotmail.com","346-262-4691"
113331,"Danielle","Gonzales","Toronto","Canada","M4C 1V8","English","Male","","Married","4","2019-11-25","1964-09-14","Danielle.Gonzales@aol.com","499-421-7560"
144081,"Mauricio","Freeman","Delhi  ","India","110010","Hindi","Male","","Undisclosed","Undisclosed","2022-01-31","1962-01-12","Mauricio.Freeman@aol.com","495-417-3832"
117855,"Myles","Pham","Melbourne","Australia","3010","English","Male","","Divorced/Seperated","5+","2021-04-18","2003-02-23","Myles.Pham@gmail.com","597-825-4502"
188206,"Jayden","Cowan","Montreal","Canada","H4N 3E8","English","Undisclosed","","Single","0","2021-06-18","1942-12-08","Jayden.Cowan@ymail.com","284-483-7931"
210613,"Sidney","Willis","Hamburg","Germany","21129","German","Female","","Single","2","2019-04-09","1992-01-21","**~MASKED~**.**~MASKED~**@netscape.net","111-111-1111"
204157,"Hector","Roach","Hamburg","Germany","21129","German","Female","","Divorced/Seperated","2","2019-08-27","1983-12-27","**~MASKED~**.**~MASKED~**@gmail.com","111-111-1111"
28887,"Isabela","Ashley","London","United Kingdom","E1 7DP","English","Female","","Single","0","2021-08-22","2004-07-03","Isabela.Ashley@gmail.com","766-966-5537"
134301,"Jamiya","Mcpherson","Sydney  ","Australia","2000","English","Female","","Divorced/Seperated","2","2021-10-31","1999-11-02","Jamiya.Mcpherson@gmail.com","669-720-2079"
212892,"Nora","Mcdonald","Barcelona","Spain","08013","Spanish","Undisclosed","","Divorced/Seperated","4","2019-01-01","1973-08-07","**~MASKED~**.**~MASKED~**@gmail.com","111-111-1111"
1307,"Azul","Singleton","Hamburg","Germany","21129","German","Undisclosed","","Undisclosed","Undisclosed","2020-11-09","2002-09-08","Azul.Singleton@gmail.com","186-010-7930"
215994,"Elliot","Garcia","Berlin","Germany","","German","Female","","Single","0","2019-01-15","1980-05-06","**~MASKED~**.**~MASKED~**@ymail.com","111-111-1111"
178605,"Rebecca","Church","Warsaw","Poland","00-047","Polish","Male","","Married","0","2019-11-29","1997-03-17","Rebecca.Church@gmail.com","837-022-0069"
67367,"Aliya","Chaney","Paris","France","75006","French","Female","","Married","2","2019-02-04","2002-04-02","Aliya.Chaney@gmail.com","066-444-6811"
100078,"Hamza","Haney","Delhi","India","110073","Hindi","Male","","Married","1","2022-01-05","1946-09-10","Hamza.Haney@ymail.com","188-654-5302"
207663,"Braylen","Salazar","cape town","South Africa","8005","English","Male","","Married","3","2019-06-04","1966-06-28","**~MASKED~**.**~MASKED~**@yahoo.com","111-111-1111"
55150,"Barbara","Trevino","Munich","Germany","80809","German","Female","","Single","0","2021-05-29","1994-07-27","Barbara.Trevino@gmail.com","780-400-3117"
206523,"Aiden","Clayton","barcelona","Spain","08013","Spanish","Female","","Married","1","2019-06-18","1991-04-09","**~MASKED~**.**~MASKED~**@netscape.net","111-111-1111"
31992,"Kaya","Patton","Rio de Janeiro","Brazil","22753-000","Portuguese","Male","","Married","3","2022-01-01","1972-01-12","Kaya.Patton@hotmail.com","061-292-7126"
146944,"Draven","Alvarez","Boston","United States","2134","English","Male","","Married","2","2020-04-24","1963-08-24","Draven.Alvarez@aol.com","215-055-9966"
180310,"Jaliyah","Hooper","Manchester","United Kingdom","M1 1PB","English","Male","","Divorced/Seperated","1","2019-09-21","1942-05-14","Jaliyah.Hooper@ymail.com","428-564-7730"
103993,"Elisa","Bennett","Manchester","United Kingdom","M1 1PU","English","Female","","Single","0","2021-11-02","1981-02-23","Elisa.Bennett@hotmail.com","797-804-1709"
89968,"Dustin","Stanton","San Mateo","United States","94401","English","Male","","Divorced/Seperated","0","2019-11-29","2003-11-13","Dustin.Stanton@gmail.com","967-017-4004"
184270,"Dayami","Hahn","Vancouver","Canada","V5K 2S3","English","Female","","Divorced/Seperated","2","2019-06-09","1947-01-11","Dayami.Hahn@ymail.com","080-165-1062"
25123,"Carolyn","Williams","warsaw","Poland","00-030","Polish","Male","","Undisclosed","Undisclosed","2022-01-02","2001-01-02","Carolyn.Williams@gmail.com","661-329-2530"
135568,"Kayla","Brady","Nice","France","6300","French","Female","","Married","1","2019-09-21","1948-11-26","Kayla.Brady@ymail.com","128-792-6186"
219347,"Rafael","Gaines","Cairo","Egypt","00000","Arabic","Male","","Single","0","2019-08-13","1974-06-11","**~MASKED~**.**~MASKED~**@gmail.com","111-111-1111"
86674,"Jeremiah","Mayer","Nice","France","6100","French","Male","","Married","2","2021-02-21","1972-06-01","Jeremiah.Mayer@hotmail.com","661-607-2612"
187007,"Abraham","Baird","Seoul","South Korea","100-051","Korean","Undisclosed","","Undisclosed","Undisclosed","2020-11-21","1980-02-21","Abraham.Baird@hotmail.com","045-411-5270"
149225,"Lance","Mason","Tokyo","Japan","100-0400","Japanese","Female","","Single","0","2021-05-04","1999-03-01","Lance.Mason@gmail.com","269-737-6950"
55671,"Makhi","Harrison","Tokyo","Japan","205-0000","Japanese","Undisclosed","","Single","0","2019-12-02","1998-10-24","Makhi.Harrison@gmail.com","472-098-2251"
161700,"Kendall","Sandoval","  Sydney","Australia","2129","English","Female","","Single","0","2021-02-14","1974-07-27","Kendall.Sandoval@hotmail.com","306-138-8825"
188966,"Marisol","Lawson","Toronto","Canada","M4C 3J6","English","Female","","Single","0","2019-01-27","1985-05-05","Marisol.Lawson@hotmail.com","717-831-7328"
119311,"Davion","Benjamin","Paris","France","75011","French","Male","","Single","0","2021-09-06","1996-05-19","Davion.Benjamin@gmail.com","760-276-7010"
68501,"Alfonso","Juarez","Paris  ","France","75014","French","Male","","Married","2","2020-11-01","1959-11-10","Alfonso.Juarez@aol.com","242-129-8411"
213853,"Roderick","Ruiz","Cape Town","South Africa","8005","English","Male","","Married","2","2019-01-29","1981-06-30","**~MASKED~**.**~MASKED~**@ymail.com","111-111-1111"
16522,"Beckett","Mueller","TORONTO","Canada","M4C 1V6","English","Female","","Single","0","2022-05-18","1946-05-20","Beckett.Mueller@ymail.com","657-925-7865"
123039,"Leyla","Wells","Toronto","Canada","M4C 3C7","English","Undisclosed","","Single","0","2019-10-30","1951-11-20","Leyla.Wells@ymail.com","615-897-2228"
87559,"Sabrina","Estrada","Vancouver","Canada","V5K 0A4","English","Female","","Single","0","2021-03-18","1993-12-23","Sabrina.Estrada@gmail.com","206-497-1400"
65531,"Ezequiel","Page","Seattle","United States","98115","English","Undisclosed","","Married","2","2020-06-15","1940-05-29","Ezequiel.Page@ymail.com","594-940-5205"
207706,"Terrence","Brock","Cape Town","South Africa","8005","English","Male","","Divorced/Seperated","1","2019-06-04","1984-02-28","**~MASKED~**.**~MASKED~**@gmail.com","111-111-1111"
22117,"Jade","Brock","Boston","United States","2125","English","Female","","Divorced/Seperated","3","2020-04-28","1944-12-24","Jade.Brock@ymail.com","493-942-6567"
1631,"Krish","Chandler","Krakow","Poland","31-5","Polish","Female","","Single","0","2021-08-03","1972-09-26","Krish.Chandler@hotmail.com","542-876-6891"
6154,"Cristian","Hansen","Krakow","Poland","31-5","Polish","Female","","Divorced/Seperated","0","2021-04-11","1997-07-08","Cristian.Hansen@gmail.com","870-342-8823"
80213,"Angel","Brennan","Tokyo","Japan","205-0000","Japanese","Female","","Single","0","2021-07-11","1946-02-14","Angel.Brennan@ymail.com","707-073-2817"
201446,"Adan","Savage","Rio de Janeiro","Brazil","","Portuguese","Female","","Married","3","2019-04-02","1953-07-21","**~MASKED~**.**~MASKED~**@att.net","111-111-1111"
47188,"Teresa","Stuart","Denver","United States","80202","English","Female","","Married","1","2022-05-04","1964-05-30","Teresa.Stuart@aol.com","125-275-1589"
147544,"Maribel","Brock","London","United Kingdom","E1 7DR","English","Male","","Married","4","2020-11-12","1968-10-02","Maribel.Brock@aol.com","018-226-8609"
142098,"Jamal","Duffy","Paris","France","75016","French","Female","","Married","0","2021-01-17","1946-12-14","Jamal.Duffy@ymail.com","279-633-4186"
168669,"Georgia","Liu","Paris","France","75019","French","Undisclosed","","Married","4","2021-08-27","1961-04-18","Georgia.Liu@aol.com","247-964-5546"
126504,"Ralph","West","Toronto","Canada","M4C 1L8","English","Female","","Single","0","2022-01-02","1946-02-12","Ralph.West@ymail.com","846-144-1184"
209458,"Lilyana","Frey","Berlin","Germany","","German","Female","","Single","2","2019-02-26","1951-08-07","**~MASKED~**.**~MASKED~**@att.net","111-111-1111"
111509,"Claudia","Burch","Warsaw","Poland","00-061","Polish","Male","","Married","1","2019-12-24","1945-01-02","Claudia.Burch@ymail.com","551-306-5738"
17857,"Roselyn","Burton","Tokyo","Japan","176-0000","Japanese","Male","","Married","3","2020-11-02","1978-01-25","Roselyn.Burton@hotmail.com","615-020-0457"
205895,"Lyric","Harvey","Madrid","Spain","28021","Spanish","Female","","Single","0","2019-08-27","1981-02-24","**~MASKED~**.**~MASKED~**@ymail.com","111-111-1111"
10547,"Omar","Powell","Krakow","Poland","31-5","Polish","Female","","Undisclosed","Undisclosed","2019-01-27","1960-01-14","Omar.Powell@aol.com","051-645-8404"
101980,"Frances","Ball","  Tokyo","Japan","100-0400","Japanese","Male","","Single","0","2019-06-08","1969-03-27","Frances.Ball@aol.com","838-452-8823"
43442,"Ronnie","Hunt","LONDON","United Kingdom","E1 7DD","English","Male","","Single","0","2022-06-03","1994-12-03","Ronnie.Hunt@gmail.com","767-939-3688"
181239,"Felix","Weiss","Mumbai","India","400012","Hindi","Female","","Married","5+","2021-05-14","1947-02-25","Felix.Weiss@ymail.com","568-056-5393"
141093,"Kirsten","Lyons","London","United Kingdom","E1 7LX","English","Female","","Single","0","2020-05-29","1948-06-08","Kirsten.Lyons@ymail.com","837-797-2980"
912,"Ronald","Reyes","Hamburg","Germany","21129","German","Female","","Married","4","2022-05-13","1944-08-09","Ronald.Reyes@ymail.com","080-297-5973"
199427,"Damari","Harding","Sydney","Australia","2060","English","Female","","Married","4","2020-04-23","1944-10-30","Damari.Harding@ymail.com","320-638-8197"
50933,"Addison","Cameron","Sydney","Australia","1466","English","Female","","Married","2","2020-12-14","1985-01-14","Addison.Cameron@hotmail.com","400-005-2186"
28549,"Harley","Downs","New York City","United States","11385","English","Female","","Divorced/Seperated","0","2021-08-29","1969-03-29","Harley.Downs@aol.com","070-681-7690"
31437,"Logan","Grant","Rio de Janeiro","Brazil","22753-000","Portuguese","Male","","Single","2","2021-12-01","1967-03-25","Logan.Grant@aol.com","063-407-8087"
204610,"Jaylah","Huber","Hamburg","Germany","21129","German","Female","","Married","4","2019-04-09","1991-09-17","**~MASKED~**.**~MASKED~**@netscape.net","111-111-1111"
62294,"Aden","Chavez","Sao Paulo","Brazil","04849-000","Portuguese","Female","","Married","1","2019-05-20","1940-04-23","Aden.Chavez@ymail.com","871-543-9561"
2468,"Amari","Carr","Hamburg","Germany","21129","German","Female","","Married","2","2019-03-19","1951-11-29","Amari.Carr@ymail.com","564-445-9287"
141640,"Triston","Yates","  Denver","United States","80271","English","Female","","Married","2","2021-07-08","2001-05-16","Triston.Yates@gmail.com","422-423-2738"
189938,"Sheldon","Aguirre","Mumbai","India","400063","Hindi","Female","","Married","1","2019-12-14","1944-05-30","Sheldon.Aguirre@ymail.com","577-829-5844"
80544,"Crystal","Davidson","Seoul","South Korea","100-250","Korean","Female","","Married","2","2019-04-08","1994-06-27","Crystal.Davidson@gmail.com","030-664-3918"
152641,"Zoe","Mills","New York City  ","United States","10456","English","Undisclosed","","Divorced/Seperated","0","2020-01-07","1953-02-25","Zoe.Mills@ymail.com","139-786-5984"
127654,"Joaquin","Buckley","Manchester","United Kingdom","M1 2AS","English","Undisclosed","","Married","2","2019-11-01","1950-12-30","Joaquin.Buckley@ymail.com","596-258-8823"
136013,"Antoine","Combs","Toronto","Canada","M4C 1V8","English","Male","","Married","4","2021-09-24","1965-02-08","Antoine.Combs@aol.com","497-884-1207"
215910,"Rene","Johnson","Berlin","Germany","","German","Male","","Divorced/Seperated","0","2019-03-19","1978-07-18","**~MASKED~**.**~MASKED~**@gmail.com","111-111-1111"
107662,"Tiffany","Moss","MANCHESTER","United Kingdom","M1 1JH","English","Female","","Undisclosed","Undisclosed","2019-09-29","1966-06-16","Tiffany.Moss@aol.com","317-820-1804"
39562,"Lewis","Valenzuela","CAIRO","Egypt","00000","Arabic","Female","","Single","0","2019-11-11","1959-11-09","Lewis.Valenzuela@aol.com","919-288-4258"
187635,"Keyon","Harrington","Mumbai","India","400097","Hindi","Female","","Married","1","2019-12-23","1969-11-24","Keyon.Harrington@aol.com","662-943-2648"
221514,"Eva","Jensen","Munich","Germany","80809","German","Male","","Married","3","2019-01-29","1962-03-27","**~MASKED~**.**~MASKED~**@excite.com","111-111-1111"
158690,"Griffin","Strickland","Montreal","Canada","H1L 1L4","English","Male","","Single","0","2019-07-30","1965-08-08","Griffin.Strickland@aol.com","737-915-0548"
66622,"Camilla","Moses","PARIS","France","75013","French","Female","","Single","0","2019-08-02","1955-07-31","Camilla.Moses@ymail.com","032-692-9660"
73359,"Aedan","Kelley","Boston","United States","2125","English","Male","","Single","0","2022-06-12","1999-09-09","Aedan.Kelley@gmail.com","982-565-6298"
203158,"Marks","Mckenzie","Berlin","Germany","","German","Male","","Single","0","2019-03-19","1958-12-23","**~MASKED~**.**~MASKED~**@netscape.net","111-111-1111"
23997,"Jacey","Sosa","Tokyo","Japan","176-0000","Japanese","Female","","Married","2","2021-03-19","1941-07-07","Jacey.Sosa@ymail.com","655-915-8394"
149668,"Gemma","Dorsey","Denver","United States","80227","English","Male","","Single","0","2019-05-05","1955-07-17","Gemma.Dorsey@ymail.com","386-861-7705"
27726,"Julien","Ortega","Rio de Janeiro","Brazil","22753-000","Portuguese","Male","","Single","0","2019-06-11","1999-06-10","Julien.Ortega@gmail.com","078-375-5926"
210637,"Aubrie","Luna","Hamburg","Germany","21129","German","Female","","Single","0","2019-03-26","1952-11-04","**~MASKED~**.**~MASKED~**@att.net","111-111-1111"
201714,"Porter","Kemp","Rio de Janeiro","Brazil","","Portuguese","Undisclosed","","Single","2","2019-03-19","1954-09-28","**~MASKED~**.**~MASKED~**@att.net","111-111-1111"
209514,"Ashlee","Park","Berlin","Germany","","German","Male","","Single","0","2019-06-18","1956-04-24","**~MASKED~**.**~MASKED~**@netscape.net","111-111-1111"
88126,"Taniya","Collier","Tokyo","Japan","176-0000","Japanese","Male","","Married","2","2020-03-26","1971-11-10","Taniya.Collier@hotmail.com","357-313-0256"
79771,"Ariel","Sellers","London","United Kingdom","E1 7QB","English","Female","","Single","0","2020-04-07","1941-10-25","Ariel.Sellers@ymail.com","738-011-2543"
130163,"Yaretzi","Pennington","vancouver","Canada","V5K 2E6","English","Female","","Single","0","2019-08-23","2001-01-13","Yaretzi.Pennington@gmail.com","552-861-4658"
183211,"Cruz","Horne","London","United Kingdom","E1 7JJ","English","Female","","Divorced/Seperated","3","2021-11-10","1977-02-20","Cruz.Horne@hotmail.com","682-117-4584"
22488,"Van","Nash","Munich","Germany","80809","German","Female","","Single","0","2020-01-03","1971-03-06","Van.Nash@hotmail.com","905-718-4948"
85600,"Kaitlyn","Silva","  London","United Kingdom","E1 7JF","English","Female","","Single","0","2022-01-29","1941-12-12","Kaitlyn.Silva@ymail.com","608-686-6451"
156992,"Cynthia","Garner","Warsaw","Poland","00-005","Polish","Female","","Married","1","2019-04-15","2004-04-24","Cynthia.Garner@gmail.com","355-740-4428"
130842,"Laci","Lee","DELHI","India","110001","Hindi","Male","","Married","2","2020-04-05","1961-04-06","Laci.Lee@aol.com","447-752-5985"
20003,"Kiersten","Warren","cape town","South Africa","8005","English","Undisclosed","","Single","0","2021-12-30","1952-03-08","Kiersten.Warren@ymail.com","952-687-2160"
202240,"Genesis","Quinn","  Rio de Janeiro","Brazil","","Portuguese","Male","","Undisclosed","Undisclosed","2019-04-16","1951-10-30","**~MASKED~**.**~MASKED~**@att.net","111-111-1111"
1130,"Cesar","Mayer","San Mateo","United States","94403","English","Female","","Married","0","2020-01-19","1952-02-05","Cesar.Mayer@ymail.com","186-200-2438"
181869,"Abraham","Carr","Montreal","Canada","H2P 1L1","English","Male","","Married","5+","2021-01-21","1957-03-01","Abraham.Carr@aol.com","146-829-0243"
37047,"Pierre","Diaz","Warsaw","Poland","00-004","Polish","Female","","Undisclosed","Undisclosed","2020-09-14","1962-09-28","Pierre.Diaz@aol.com","105-059-7297"
8415,"Sarahi","Golden","Stockholm","Sweden","6200","Swedish","Female","","Undisclosed","Undisclosed","2019-07-16","1957-05-08","Sarahi.Golden@aol.com","457-169-1716"
140814,"Braedon","Lane","Denver","United States","80228","English","Female","","Single","0","2020-04-04","1986-09-12","Braedon.Lane@hotmail.com","627-479-8609"
178008,"Lily","Shelton","Delhi","India","110043","Hindi","Female","","Undisclosed","Undisclosed","2020-07-06","2004-02-23","Lily.Shelton@gmail.com","690-044-1103"
144767,"Kane","Dunn","Warsaw","Poland","75009","Polish","Female","","Married","0","2020-12-28","2001-03-13","Kane.Dunn@gmail.com","260-835-3108"
156896,"Marvin","Valentine","Delhi","India","110010","Hindi","Male","","Undisclosed","Undisclosed","2019-05-18","1955-09-08","Marvin.Valentine@ymail.com","933-159-3074"
202368,"Rishi","Osborne","Rio de Janeiro","Brazil","","Portuguese","Female","","Married","1","2019-07-23","1993-04-20","**~MASKED~**.**~MASKED~**@netscape.net","111-111-1111"
72100,"Matthias","Perry","  London","United Kingdom","E1 7JD","English","Male","","Single","0","2021-06-13","1946-01-07","Matthias.Perry@ymail.com","284-900-5767"
165551,"Maya","Leonard","Sydney","Australia","2001","English","Female","","Undisclosed","Undisclosed","2020-03-03","1998-07-06","Maya.Leonard@gmail.com","238-783-9614"
169374,"Josue","Stewart","London","United Kingdom","E1 7LY","English","Male","","Married","4","2021-11-24","1957-02-12","Josue.Stewart@aol.com","359-954-5268"
174034,"Maverick","Ellison","London","United Kingdom","E1 7JJ","English","Male","","Single","0","2020-12-06","1988-11-18","Maverick.Ellison@hotmail.com","009-690-7308"
215736,"Porter","Walters","Berlin","Germany","","German","Male","","Undisclosed","Undisclosed","2019-01-08","1992-08-25","**~MASKED~**.**~MASKED~**@netscape.net","111-111-1111"
56720,"Hillary","Glenn","  Tokyo","Japan","180-0000","Japanese","Undisclosed","","Single","0","2019-05-15","1973-09-17","Hillary.Glenn@hotmail.com","467-637-4671"
156170,"Keyon","Soto","London","United Kingdom","E1 7DB","English","Female","","Married","2","2019-02-23","1973-01-13","Keyon.Soto@hotmail.com","014-848-3308"
51380,"Hadley","Prince","  Seoul","South Korea","100-195","Korean","Undisclosed","","Married","1","2019-10-31","1969-04-19","Hadley.Prince@aol.com","182-416-0137"
49408,"Kymani","Salazar","Mumbai","India","400068","Hindi","Female","","Single","0","2020-09-12","1968-09-27","Kymani.Salazar@aol.com","649-764-7365"
38857,"Cheyenne","Holden","Mumbai","India","400059","Hindi","Female","","Married","0","2020-11-13","1994-08-03","Cheyenne.Holden@gmail.com","121-029-9996"
151290,"Davin","Dickerson","Paris","France","75008","French","Female","","Married","3","2019-05-12","1959-06-07","Davin.Dickerson@aol.com","733-732-0916"
70801,"Cullen","Middleton","Denver  ","United States","80014","English","Female","","Single","0","2019-11-01","1952-08-07","Cullen.Middleton@ymail.com","511-035-7970"
130301,"Cruz","Wiggins","Denver  ","United States","80218","English","Undisclosed","","Married","3","2021-02-14","1984-05-07","Cruz.Wiggins@hotmail.com","359-647-3680"
96364,"Remington","Richard","Mumbai","India","400068","Hindi","Female","","Married","0","2022-02-13","1945-02-13","Remington.Richard@ymail.com","258-602-1747"
117167,"Zachariah","Zuniga","Boston","United States","2215","English","Female","","Divorced/Seperated","4","2021-02-11","1987-12-28","Zachariah.Zuniga@hotmail.com","709-625-3636"
152955,"Saul","Stephenson","Vancouver","Canada","V5K 2H9","English","Male","","Undisclosed","Undisclosed","2020-10-20","2005-11-20","Saul.Stephenson@gmail.com","530-685-5015"
206454,"Kian","Wu","Barcelona","Spain","08013","Spanish","Male","","Single","0","2019-07-02","1987-07-07","**~MASKED~**.**~MASKED~**@gmail.com","111-111-1111"
195072,"Nathalia","Ross","Melbourne","Australia","3002","English","Female","","Married","1","2019-10-11","1942-10-31","Nathalia.Ross@ymail.com","381-703-8831"
2331,"Reuben","Stokes","Cairo","Egypt","00000","Arabic","Male","","Married","4","2019-12-28","2004-07-16","Reuben.Stokes@gmail.com","657-827-6546"
16574,"Jaylen","Villa","Montreal","Canada","H1X 2K6","English","Female","","Undisclosed","Undisclosed","2021-12-29","1969-02-04","Jaylen.Villa@aol.com","593-769-9359"
113575,"Dustin","Evans","Montreal","Canada","H2J 3E3","English","Undisclosed","","Married","1","2019-08-25","1988-06-10","Dustin.Evans@hotmail.com","092-661-3236"
164628,"Averie","Willis","Melbourne","Australia","3205","English","Female","","Single","0","2022-06-10","1946-10-07","Averie.Willis@ymail.com","143-750-0984"
42974,"Aiden","Smith","Madrid","Spain","28021","Spanish","Undisclosed","","Single","0","2022-05-23","1985-01-01","Aiden.Smith@hotmail.com","407-267-1637"
203032,"Lowe","Mendez","Munich","Germany","80809","German","Female","","Single","2","2019-07-30","1959-07-28","**~MASKED~**.**~MASKED~**@netscape.net","111-111-1111"
10961,"Kelsie","Eaton","Toronto  ","Canada","M3C 0C1","English","Male","","Single","0","2020-05-19","1961-04-11","Kelsie.Eaton@aol.com","925-893-0845"
75525,"Lydia","Hamilton","Montreal","Canada","H2P 1L1","English","Male","","Married","4","2022-04-11","1960-08-19","Lydia.Hamilton@aol.com","513-643-1444"
154563,"Sarahi","Chen","melbourne","Australia","5006","English","Female","","Married","1","2021-03-30","2000-12-21","Sarahi.Chen@gmail.com","323-974-9913"
93814,"Marlee","Meza","Melbourne","Australia","3003","English","Male","","Married","2","2021-08-13","1991-01-26","Marlee.Meza@gmail.com","623-934-1619"
83229,"Elvis","Boyle","Tokyo","Japan","182-0000","Japanese","Male","","Married","1","2022-06-05","2005-03-19","Elvis.Boyle@gmail.com","474-401-1250"
131986,"Sanaa","Jones","Sydney","Australia","2000","English","Female","","Married","4","2019-11-27","1967-01-19","Sanaa.Jones@aol.com","147-909-6151"
105324,"Jordon","Parker","Manchester","United Kingdom","M1 2AW","English","Male","","Married","2","2021-07-04","1966-06-03","Jordon.Parker@aol.com","138-840-1710"
190636,"Triston","Gutierrez","Nice","France","6206","French","Male","","Married","3","2020-12-01","1993-02-25","Triston.Gutierrez@gmail.com","039-821-4815"
119103,"Maddox","Stout","warsaw","Poland","00-074","Polish","Female","","Married","1","2020-11-06","1948-03-19","Maddox.Stout@ymail.com","587-115-8897"
145354,"Nikolas","Adams","Sydney","Australia","2060","English","Male","","Single","0","2021-01-30","1949-11-01","Nikolas.Adams@ymail.com","751-634-0261"
13233,"Alfredo","Wheeler","Stockholm","Sweden","6206","Swedish","Female","","Single","0","2019-07-16","2002-06-08","Alfredo.Wheeler@gmail.com","917-629-4896"
62518,"Todd","Allison","Seoul","South Korea","100-014","Korean","Male","","Single","0","2021-03-30","1998-04-17","Todd.Allison@gmail.com","583-850-6549"
161312,"Derick","Gamble","Boston","United States","2124","English","Undisclosed","","Married","1","2020-11-06","1975-06-23","Derick.Gamble@hotmail.com","610-539-7688"
6066,"Mercedes","Michael","Krakow","Poland","31-5","Polish","Female","","Married","2","2019-01-23","1969-02-28","Mercedes.Michael@aol.com","929-079-4225"
186677,"Morgan","Meadows","Boston","United States","2124","English","Female","","Married","3","2022-03-13","1968-04-20","Morgan.Meadows@aol.com","192-629-0889"
113505,"Lance","Rasmussen","Warsaw","Poland","00-030","Polish","Female","","Married","1","2021-01-01","2000-04-09","Lance.Rasmussen@gmail.com","945-349-1818"
147966,"Kaitlin","Huynh","London","United Kingdom","E1 7JG","English","Male","","Divorced/Seperated","2","2020-09-03","1962-06-27","Kaitlin.Huynh@aol.com","450-876-4229"
103628,"Hayden","Howard","Nice","France","6300","French","Female","","Married","0","2020-11-30","1993-05-30","Hayden.Howard@gmail.com","553-411-9851"
137059,"Tyler","Valenzuela","Manchester","United Kingdom","M1 2BG","English","Male","","Undisclosed","Undisclosed","2019-09-12","2000-08-24","Tyler.Valenzuela@gmail.com","818-206-7212"
169138,"Karson","Mccormick","Warsaw","Poland","00-065","Polish","Undisclosed","","Married","1","2021-11-30","1971-03-02","Karson.Mccormick@hotmail.com","327-774-4378"
205726,"Charlize","Kidd","Madrid","Spain","28021","Spanish","Female","","Married","3","2019-01-22","1990-03-13","**~MASKED~**.**~MASKED~**@netscape.net","111-111-1111"
18139,"Damari","Bolton","London","United Kingdom","E1 8AB","English","Male","","Married","2","2019-10-05","1958-05-06","Damari.Bolton@aol.com","431-877-3721"
164993,"Jayleen","Rosario","New York City","United States","11236","English","Female","","Divorced/Seperated","1","2020-06-05","1975-09-19","Jayleen.Rosario@hotmail.com","427-596-4406"
118702,"Thaddeus","Petersen","SYDNEY","Australia","2006","English","Female","","Married","3","2021-08-05","1994-08-06","Thaddeus.Petersen@gmail.com","133-199-1137"
199151,"Donna","Lara","Toronto","Canada","M3C 0J1","English","Male","","Married","1","2020-03-27","1946-08-28","Donna.Lara@ymail.com","451-613-1886"
135162,"Ricardo","Reese","TOKYO","Japan","180-0000","Japanese","Female","","Single","0","2020-02-07","1947-12-01","Ricardo.Reese@ymail.com","398-129-9685"
49930,"Renee","Terry","Sydney","Australia","1466","English","Female","","Single","0","2019-03-15","1953-02-21","Renee.Terry@ymail.com","500-690-1622"
28006,"Vicente","Everett","Tokyo","Japan","144-0000","Japanese","Undisclosed","","Single","0","2019-05-28","1957-04-15","Vicente.Everett@aol.com","653-717-0147"
92813,"Amelie","Jackson","Warsaw","Poland","00-073","Polish","Male","","Married","3","2020-04-19","2004-03-28","Amelie.Jackson@gmail.com","155-843-3485"
220074,"Gerald","Montes","Cape Town","South Africa","8005","English","Male","","Married","2","2019-06-11","1955-05-24","**~MASKED~**.**~MASKED~**@att.net","111-111-1111"
9560,"Ana","Woodward","  Munich","Germany","80809","German","Undisclosed","","Single","0","2020-10-30","2000-12-09","Ana.Woodward@gmail.com","479-781-4568"
144788,"Sabrina","Grant","Boston","United States","2134","English","Female","","Divorced/Seperated","2","2021-09-25","1952-12-13","Sabrina.Grant@ymail.com","076-143-5267"
1422,"Harmony","Hudson","HAMBURG","Germany","21129","German","Female","","Married","2","2022-06-26","1982-08-03","Harmony.Hudson@hotmail.com","217-219-5239"
98632,"Delaney","Riggs","Vancouver","Canada","V5K 2E6","English","Undisclosed","","Single","0","2021-04-04","1983-08-15","Delaney.Riggs@hotmail.com","696-365-8115"
82690,"Aylin","Davila","Seattle","United States","98194","English","Female","","Divorced/Seperated","1","2021-11-01","1941-01-22","Aylin.Davila@ymail.com","708-299-5527"
131430,"Aydin","Adkins","Mumbai","India","400063","Hindi","Male","","Single","0","2019-07-07","1995-03-05","Aydin.Adkins@gmail.com","039-986-4846"
113710,"Serenity","Moreno","London","United Kingdom","E1 7BS","English","Male","","Married","2","2019-08-08","1969-08-05","Serenity.Moreno@aol.com","724-230-6224"
42548,"Cloe","Bradley","Toronto","Canada","M4C 1X6","English","Male","","Married","3","2022-04-10","1950-06-28","Cloe.Bradley@ymail.com","357-339-9106"
149784,"Presley","Floyd","Vancouver","Canada","V5K 2S3","English","Male","","Single","0","2019-12-10","1946-07-07","Presley.Floyd@ymail.com","224-182-7469"
180679,"Halle","Norris","Delhi","India","110042","Hindi","Male","","Married","2","2020-08-08","1955-06-08","Halle.Norris@ymail.com","076-210-7888"
62111,"Jenna","Farley","Denver","United States","80218","English","Female","","Married","2","2019-11-05","1957-07-29","Jenna.Farley@aol.com","552-940-0846"
19069,"Kaiden","Summers","Krakow","Poland","31-5","Polish","Female","","Divorced/Seperated","2","2022-03-31","1994-03-12","Kaiden.Summers@gmail.com","599-101-3848"
18144,"Alexia","Mccann","Toronto","Canada","M4C 1X6","English","Female","","Single","0","2021-12-17","2003-06-13","Alexia.Mccann@gmail.com","380-647-7496"
39148,"Jaylin","Arroyo","London","United Kingdom","E1 7JF","English","Undisclosed","","Undisclosed","Undisclosed","2020-04-20","1967-01-31","Jaylin.Arroyo@aol.com","428-381-2754"
132247,"Kaylin","Weiss","Sydney","Australia","2060","English","Female","","Single","0","2021-12-15","1998-09-12","Kaylin.Weiss@gmail.com","541-346-3880"
74516,"Mayra","Kirby","Montreal","Canada","H3M 1R6","English","Undisclosed","","Divorced/Seperated","4","2020-02-17","1944-07-07","Mayra.Kirby@ymail.com","081-367-0620"
209519,"Maximo","Trujillo","Berlin","Germany","","German","Male","","Divorced/Seperated","0","2019-03-19","1968-11-26","**~MASKED~**.**~MASKED~**@aim.com","111-111-1111"
78169,"Warren","Petersen","Toronto","Canada","M4C 3J6","English","Male","","Single","0","2019-09-23","2004-08-15","Warren.Petersen@gmail.com","492-596-2063"
205157,"Dalton","Gregory","Stockholm","Sweden","","Swedish","Female","","Married","1","2019-01-29","1991-01-08","**~MASKED~**.**~MASKED~**@netscape.net","111-111-1111"
120447,"Janiah","Ray","Sydney","Australia","2001","English","Female","","Single","0","2022-04-30","1972-08-08","Janiah.Ray@hotmail.com","714-396-8528"
145654,"Asia","Hall","Delhi","India","110090","Hindi","Female","","Married","3","2020-06-30","1989-12-13","Asia.Hall@gmail.com","501-058-3778"
60259,"Ireland","Davila","Sydney","Australia","2060","English","Male","","Married","0","2020-07-20","1951-07-27","Ireland.Davila@ymail.com","807-501-9044"
181226,"Kristin","Butler","Seoul","South Korea","100-195","Korean","Male","","Married","3","2020-07-11","1962-10-21","Kristin.Butler@aol.com","327-889-6920"
54646,"Daphne","Austin","Stockholm","Sweden","6300","Swedish","Female","","Single","0","2019-11-11","1990-08-02","Daphne.Austin@gmail.com","265-430-6045"
84074,"Kendal","Anthony","Denver","United States","80204","English","Female","","Single","0","2021-02-04","2002-08-21","Kendal.Anthony@gmail.com","258-771-4215"
200876,"Camryn","Rios","Sao Paulo","Brazil","","Portuguese","Male","","Married","1","2019-08-06","1964-09-29","**~MASKED~**.**~MASKED~**@yahoo.com","111-111-1111"
138635,"Mattie","Cooley","Vancouver","Canada","V5K 2S3","English","Male","","Married","4","2020-11-30","2000-11-01","Mattie.Cooley@gmail.com","179-718-9707"
163095,"April","Ortiz","Seoul","South Korea","100-051","Korean","Female","","Married","0","2020-06-25","1980-10-24","April.Ortiz@hotmail.com","382-017-8420"
218522,"Philip","Combs","MADRID","Spain","28021","Spanish","Male","","Single","0","2019-07-30","1989-08-22","**~MASKED~**.**~MASKED~**@hotmail.com","111-111-1111"
155304,"Rocco","Lara","San Mateo","United States","94404","English","Female","","Single","0","2021-09-10","2003-05-07","Rocco.Lara@gmail.com","929-861-9681"
69223,"Kaylee","Beard","manchester","United Kingdom","M1 1JW","English","Female","","Married","3","2019-06-24","2003-11-25","Kaylee.Beard@gmail.com","164-345-5011"
14817,"Harrison","Gray","Krakow","Poland","31-5","Polish","Female","","Single","0","2021-10-23","1961-10-28","Harrison.Gray@aol.com","849-382-0676"
43895,"Lorenzo","Rivers","Cape Town","South Africa","8005","English","Male","","Divorced/Seperated","2","2021-06-08","2006-02-26","Lorenzo.Rivers@gmail.com","492-169-0220"
147687,"Melina","Luna","San Mateo","United States","94403","English","Female","","Married","1","2020-12-23","1948-11-13","Melina.Luna@ymail.com","203-613-3314"
66810,"Hailie","Best","Warsaw","Poland","00-044","Polish","Male","","Single","0","2019-08-17","1997-08-23","Hailie.Best@gmail.com","233-183-6987"
18738,"Ayana","Chase","Cairo","Egypt","00000","Arabic","Male","","Undisclosed","Undisclosed","2019-10-04","2001-03-27","Ayana.Chase@gmail.com","752-151-2717"
114201,"Victor","Woodward","Boston  ","United States","2135","English","Female","","Married","1","2020-11-02","1964-12-20","Victor.Woodward@aol.com","633-778-0404"
159607,"Eddie","Meyers","Vancouver","Canada","V5K 0A4","English","Male","","Single","0","2021-11-13","2003-04-16","Eddie.Meyers@gmail.com","423-414-0256"
15536,"Jaida","Fuller","Sao Paulo","Brazil","04849-000","Portuguese","Undisclosed","","Single","0","2019-12-24","1980-06-12","Jaida.Fuller@hotmail.com","472-329-1955"
33753,"Konnor","Stark","Sao Paulo","Brazil","04849-000","Portuguese","Female","","Divorced/Seperated","3","2020-04-20","1941-09-26","Konnor.Stark@ymail.com","076-079-8896"
148900,"Madalynn","Potts","  Manchester","United Kingdom","M1 1PT","English","Female","","Married","1","2019-03-10","1945-05-24","Madalynn.Potts@ymail.com","579-757-3059"
136200,"Marshall","Hancock","  Melbourne","Australia","3205","English","Male","","Married","2","2019-12-02","1947-02-09","Marshall.Hancock@ymail.com","180-316-0590"
95773,"Zackary","Wiley","Denver","United States","80211","English","Female","","Married","2","2019-04-24","1964-07-11","Zackary.Wiley@aol.com","632-860-0607"
111405,"Cohen","Mayo","Melbourne","Australia","3010","English","Male","","Single","0","2020-05-28","1992-07-20","Cohen.Mayo@gmail.com","283-864-2573"
48556,"Alfredo","Davenport","Mumbai","India","400034","Hindi","Female","","Married","2","2021-12-12","1953-09-14","Alfredo.Davenport@ymail.com","728-981-4281"
176910,"Cael","Sims","Seattle","United States","98185","English","Female","","Married","1","2020-11-27","1951-09-26","Cael.Sims@ymail.com","830-220-8953"
141481,"Quentin","Bentley","Melbourne  ","Australia","3004","English","Male","","Married","4","2019-02-08","1960-05-31","Quentin.Bentley@aol.com","259-308-2195"
163087,"Adrianna","Bright","Tokyo","Japan","180-0000","Japanese","Male","","Divorced/Seperated","0","2020-10-23","1961-02-06","Adrianna.Bright@aol.com","078-205-3734"
180230,"Leandro","Floyd","Toronto","Canada","M4C 1V8","English","Male","","Married","4","2020-01-24","1944-04-15","Leandro.Floyd@ymail.com","363-323-7243"
154538,"Jadon","Burch","Vancouver","Canada","V5K 0A1","English","Female","","Married","1","2022-03-14","1975-04-25","Jadon.Burch@hotmail.com","040-269-3160"
83856,"Armando","Maynard","Montreal","Canada","H2J 3E3","English","Female","","Married","5+","2020-02-28","1988-08-07","Armando.Maynard@hotmail.com","236-397-0758"
121661,"Veronica","Miranda","Delhi  ","India","110074","Hindi","Female","","Married","2","2020-02-15","2003-10-14","Veronica.Miranda@gmail.com","608-063-9001"
1727,"Alivia","Hodge","Krakow","Poland","31-5","Polish","Male","","Married","0","2021-10-01","1961-02-19","Alivia.Hodge@aol.com","493-942-9267"
44,"Anabel","French","Munich","Germany","80809","German","Male","","Married","2","2021-09-22","1973-03-28","Anabel.French@hotmail.com","291-329-5452"
5218,"Rory","Carey","Hamburg","Germany","21129","German","Female","","Married","3","2021-09-06","1962-11-21","Rory.Carey@aol.com","554-143-2854"
54444,"Ariana","Hamilton","Warsaw","Poland","00-002","Polish","Male","","Single","0","2021-10-22","1980-09-18","Ariana.Hamilton@hotmail.com","695-490-5944"
124292,"Camron","Cooper","Toronto","Canada","M4C 1X6","English","Male","","Married","2","2019-02-23","1947-05-18","Camron.Cooper@ymail.com","223-613-5460"
110115,"Kash","Ellis","Warsaw","Poland","00-044","Polish","Female","","Married","2","2021-11-07","1983-10-16","Kash.Ellis@hotmail.com","023-554-5053"
80396,"Rocco","Brady","Mumbai","India","400020","Hindi","Male","","Single","0","2020-01-27","1986-08-24","Rocco.Brady@hotmail.com","313-033-0119"
13762,"Jayce","Mckenzie","CAPE TOWN","South Africa","8005","English","Undisclosed","","Single","0","2021-07-27","1989-08-18","Jayce.Mckenzie@gmail.com","468-245-1084"
208469,"Karter","Merritt","Rio de Janeiro","Brazil","","Portuguese","Male","","Single","0","2019-01-08","1976-03-02","**~MASKED~**.**~MASKED~**@gmail.com","111-111-1111"
71431,"Roy","Aguilar","Melbourne","Australia","3002","English","Female","","Single","0","2020-02-10","1953-05-04","Roy.Aguilar@ymail.com","170-570-5736"
11341,"Ally","Guerra","Montreal  ","Canada","H2E 1T9","English","Male","","Married","4","2020-08-31","1995-12-28","Ally.Guerra@gmail.com","973-196-1111"
147280,"Leonidas","Cole","  Denver","United States","80014","English","Undisclosed","","Single","0","2021-05-13","1961-04-17","Leonidas.Cole@aol.com","263-614-5059"
133919,"Weston","Harrington","Mumbai","India","400062","Hindi","Male","","Divorced/Seperated","1","2019-05-28","1945-07-12","Weston.Harrington@ymail.com","636-828-7750"
162805,"Ruth","Chambers","Warsaw","Poland","00-037","Polish","Male","","Married","4","2019-10-14","1967-10-26","Ruth.Chambers@aol.com","548-514-2641"
96520,"Jamison","Holmes","  Paris","France","75013","French","Male","","Married","1","2021-08-09","1971-11-08","Jamison.Holmes@hotmail.com","602-743-9898"
71084,"Omari","Vega","Denver","United States","80227","English","Female","","Single","0","2020-09-20","1956-04-12","Omari.Vega@aol.com","447-655-4048"
8778,"Desirae","Hobbs","Tokyo","Japan","205-0000","Japanese","Female","","Single","0","2019-03-31","1957-11-02","Desirae.Hobbs@aol.com","691-973-2802"
10813,"Paris","Page","Montreal","Canada","H4N 3E8","English","Female","","Single","0","2020-12-28","1975-08-05","Paris.Page@hotmail.com","581-175-3879"
86368,"Gisselle","Malone","New York City","United States","10456","English","Male","","Married","1","2020-08-16","1943-01-18","Gisselle.Malone@ymail.com","628-983-0830"
72843,"Salma","Mcdonald","tokyo","Japan","180-0000","Japanese","Male","","Divorced/Seperated","0","2020-01-03","1991-07-06","Salma.Mcdonald@gmail.com","069-638-1432"
8737,"Patience","Young","Hamburg","Germany","21129","German","Undisclosed","","Married","3","2022-03-22","1944-04-18","Patience.Young@ymail.com","112-764-9900"
42621,"Carla","Mcclain","Toronto  ","Canada","M4C 1X6","English","Female","","Married","3","2019-03-09","2000-12-25","Carla.Mcclain@gmail.com","681-199-2967"
102647,"Kenya","Montgomery","Warsaw","Poland","00-035","Polish","Male","","Single","0","2021-06-12","1943-06-12","Kenya.Montgomery@ymail.com","988-750-6535"
25571,"Luke","Orozco","Cape Town","South Africa","8005","English","Undisclosed","","Single","0","2021-04-28","1967-04-01","Luke.Orozco@aol.com","164-430-6340"
127502,"Sheldon","Gould","SEATTLE","United States","98102","English","Female","","Married","2","2021-05-02","1950-04-05","Sheldon.Gould@ymail.com","683-471-7507"
31372,"Josh","Skinner","Denver","United States","80230","English","Female","","Single","0","2020-10-24","1956-03-05","Josh.Skinner@aol.com","767-908-2985"
38815,"Diamond","Gallagher","New York City","United States","11236","English","Female","","Single","0","2020-05-22","1959-01-25","Diamond.Gallagher@aol.com","288-454-0245"
209468,"Heather","Blake","Berlin","Germany","","German","Female","","Single","0","2019-04-02","1992-06-09","**~MASKED~**.**~MASKED~**@netscape.net","111-111-1111"
149035,"Jovanni","Chase","San Mateo","United States","94402","English","Undisclosed","","Single","0","2019-09-18","1983-02-05","Jovanni.Chase@hotmail.com","336-919-0677"
85639,"Branden","Vega","Seattle","United States","98115","English","Female","","Married","1","2022-04-24","1983-05-14","Branden.Vega@hotmail.com","534-161-0687"
138654,"George","Waller","New York City","United States","11385","English","Male","","Married","0","2022-05-25","2006-06-07","George.Waller@gmail.com","344-214-2699"
210726,"Korbin","Walls","Hamburg","Germany","21129","German","Female","","Single","0","2019-03-12","1950-05-09","**~MASKED~**.**~MASKED~**@att.net","111-111-1111"
105353,"Lainey","Burch","Tokyo","Japan","105-0000","Japanese","Male","","Married","0","2019-03-19","2001-07-15","Lainey.Burch@gmail.com","643-894-3103"
96144,"Felicity","Beck","Delhi","India","110090","Hindi","Female","","Single","0","2020-12-19","1993-08-23","Felicity.Beck@gmail.com","005-147-2034"
195069,"Aliya","Higgins","Delhi","India","110084","Hindi","Female","","Married","1","2019-05-18","1999-01-16","Aliya.Higgins@gmail.com","543-161-5599"
74394,"Eliza","Stephens","New York City","United States","11207","English","Male","","Single","0","2022-03-04","1994-02-11","Eliza.Stephens@gmail.com","247-721-8514"
165401,"Jeffery","Jimenez","Denver  ","United States","80208","English","Male","","Married","3","2020-09-27","1975-08-04","Jeffery.Jimenez@hotmail.com","554-561-9355"
142723,"Darren","Hopkins","sydney","Australia","2127","English","Male","","Undisclosed","Undisclosed","2022-05-14","1989-06-27","Darren.Hopkins@gmail.com","364-256-1068"
70258,"Ayla","Riley","San Mateo","United States","94497","English","Female","","Married","2","2021-07-24","1992-08-20","Ayla.Riley@gmail.com","719-170-9857"
34095,"Lexi","Orozco","Toronto","Canada","M4C 1V8","English","Female","","Divorced/Seperated","3","2019-06-18","1967-11-04","Lexi.Orozco@aol.com","720-752-1279"
167047,"Asa","Valencia","Vancouver","Canada","V5K 0A4","English","Undisclosed","","Single","0","2019-08-11","1963-04-09","Asa.Valencia@aol.com","385-665-3778"
60527,"Noel","Reed","Denver","United States","80014","English","Male","","Married","4","2020-04-05","1984-03-30","Noel.Reed@hotmail.com","117-870-9714"
50681,"Rudy","Barber","Boston  ","United States","2151","English","Female","","Divorced/Seperated","0","2021-07-23","1976-05-22","Rudy.Barber@hotmail.com","483-944-4647"
99835,"Layne","Novak","Vancouver","Canada","V5K 0A6","English","Male","","Undisclosed","Undisclosed","2022-04-27","1989-09-05","Layne.Novak@gmail.com","577-612-6561"
21232,"Niko","Guzman","Hamburg","Germany","21129","German","Male","","Married","1","2019-06-15","1971-06-18","Niko.Guzman@hotmail.com","382-858-2460"
75658,"Jamarion","Carr","Manchester","United Kingdom","M1 2AY","English","Male","","Married","2","2020-03-07","1979-10-13","Jamarion.Carr@hotmail.com","480-870-0152"
100515,"Charlee","Navarro","San Mateo","United States","94497","English","Undisclosed","","Single","0","2021-07-19","1948-12-15","Charlee.Navarro@ymail.com","159-207-8628"
152991,"Anna","Crawford","Delhi","India","110041","Hindi","Female","","Divorced/Seperated","2","2020-09-12","1965-08-25","Anna.Crawford@aol.com","062-991-9456"
160518,"Sheldon","Green","San Mateo","United States","94403","English","Male","","Undisclosed","Undisclosed","2021-03-11","1996-02-01","Sheldon.Green@gmail.com","491-786-5624"
958,"Hillary","Yang","Krakow","Poland","31-5","Polish","Male","","Married","2","2021-12-19","1999-08-17","Hillary.Yang@gmail.com","542-596-5947"
71742,"Christina","Fritz","BOSTON","United States","2134","English","Male","","Married","3","2020-03-30","1985-02-28","Christina.Fritz@hotmail.com","876-733-6106"
175971,"Amir","Valentine","Boston","United States","2125","English","Female","","Single","2","2019-04-05","1971-10-24","Amir.Valentine@hotmail.com","108-580-9051"
207302,"Alexzander","Randall","CAIRO","Egypt","00000","Arabic","Male","","Married","1","2019-05-28","1953-02-03","**~MASKED~**.**~MASKED~**@att.net","111-111-1111"
201060,"Billy","Macias","  Sao Paulo","Brazil","","Portuguese","Female","","Single","0","2019-01-01","1947-01-14","**~MASKED~**.**~MASKED~**@att.net","111-111-1111"
175285,"Lana","Bennett","Delhi","India","110043","Hindi","Male","","Married","4","2019-05-30","1983-08-04","Lana.Bennett@hotmail.com","209-458-0919"
203108,"Dickson","Bryan","Berlin","Germany","","German","Female","","Married","3","2019-01-08","1984-02-21","**~MASKED~**.**~MASKED~**@gmail.com","111-111-1111"
93095,"Ashton","Gibson","Melbourne","Australia","5006","English","Male","","Divorced/Seperated","2","2019-09-14","1991-04-22","Ashton.Gibson@gmail.com","613-183-4266"
34593,"Rhianna","Harvey","Barcelona","Spain","08013","English","Female","","Married","4","2020-12-20","1997-07-09","Rhianna.Harvey@gmail.com","308-966-6968"
116667,"Cullen","Huffman","Toronto","Canada","M4C 3M7","English","Female","","Married","1","2021-06-28","1976-02-27","Cullen.Huffman@hotmail.com","446-958-3481"
155664,"Amare","Richardson","Melbourne","Australia","8002","English","Female","","Divorced/Seperated","0","2021-12-01","1981-09-05","Amare.Richardson@hotmail.com","151-973-5693"
218263,"Lilly","Aguilar","madrid","Spain","28021","Spanish","Male","","Single","2","2019-07-09","1974-06-25","**~MASKED~**.**~MASKED~**@gmail.com","111-111-1111"
75179,"Jaime","Wyatt","San Mateo","United States","94402","English","Female","","Single","0","2019-07-06","1975-04-12","Jaime.Wyatt@hotmail.com","620-252-7954"
616,"Ada","Ferguson","Hamburg","Germany","21129","German","Female","","Single","2","2020-10-11","1951-04-05","Ada.Ferguson@ymail.com","374-100-7925"
85216,"Kiana","Fuller","Tokyo","Japan","205-0000","Japanese","Male","","Divorced/Seperated","2","2019-03-05","1956-03-26","Kiana.Fuller@aol.com","251-035-2428"
214567,"Emiliano","Fletcher","Rio de Janeiro","Brazil","","Portuguese","Male","","Married","2","2019-01-01","1953-09-15","**~MASKED~**.**~MASKED~**@att.net","111-111-1111"
69253,"Cailyn","Noble","San Mateo","United States","94402","English","Male","","Married","4","2021-01-26","1966-07-25","Cailyn.Noble@aol.com","690-879-2027"
189550,"Emmy","Arias","Tokyo","Japan","144-0000","Japanese","Female","","Single","0","2022-02-26","1951-01-31","Emmy.Arias@ymail.com","307-881-2511"
188296,"Alejandro","Malone","Sydney","Australia","2020","English","Female","","Single","0","2022-02-14","1953-08-15","Alejandro.Malone@ymail.com","655-298-9017"
78698,"Irvin","Roth","Melbourne","Australia","3003","English","Male","","Married","3","2020-12-15","1984-12-27","Irvin.Roth@hotmail.com","310-671-3207"
161710,"Cindy","Spears","Delhi","India","110084","Hindi","Male","","Married","2","2020-05-19","1961-10-21","Cindy.Spears@aol.com","330-884-9199"
185777,"Abdullah","Chan","Boston","United States","2125","English","Female","","Undisclosed","Undisclosed","2020-12-16","1963-04-11","Abdullah.Chan@aol.com","580-725-7694"
87907,"Eleanor","Rivers","Mumbai","India","400003","Hindi","Male","","Married","2","2021-10-13","1948-10-19","Eleanor.Rivers@ymail.com","425-826-6774"
12202,"Joshua","Hampton","KRAKOW","Poland","31-5","Polish","Female","","Married","2","2019-08-27","1974-12-13","Joshua.Hampton@hotmail.com","436-816-5910"
113825,"Malik","Reynolds","Vancouver","Canada","V5K 0A4","English","Male","","Married","2","2021-11-18","1960-09-01","Malik.Reynolds@aol.com","202-409-4399"
12513,"Caiden","English","Rio de Janeiro","Brazil","22753-000","Portuguese","Female","","Single","0","2022-05-11","1988-04-17","Caiden.English@hotmail.com","285-431-5184"
201970,"Carolina","Mccarty","Rio de Janeiro","Brazil","","Portuguese","Female","","Divorced/Seperated","0","2019-05-07","1976-08-03","**~MASKED~**.**~MASKED~**@gmail.com","111-111-1111"
64724,"Adalynn","Donaldson","Tokyo","Japan","180-0000","Japanese","Female","","Married","1","2020-11-23","1979-04-29","Adalynn.Donaldson@hotmail.com","622-781-1127"
103316,"Reuben","Gillespie","New York City","United States","11207","English","Female","","Single","0","2021-06-16","1973-04-08","Reuben.Gillespie@hotmail.com","532-478-8671"
182738,"Lilly","Terry","Sydney","Australia","2006","English","Male","","Married","0","2019-03-26","1980-03-16","Lilly.Terry@hotmail.com","620-322-2779"
104105,"Lia","Jennings","Melbourne","Australia","3000","English","Female","","Married","1","2022-02-04","1983-07-25","Lia.Jennings@hotmail.com","713-827-5256"
115273,"Dayanara","Costa","Boston","United States","2215","English","Male","","Married","2","2020-02-08","1954-12-13","Dayanara.Costa@ymail.com","106-179-6597"
95753,"Weston","Benton","Vancouver","Canada","V5K 0A5","English","Male","","Divorced/Seperated","4","2019-12-21","1969-04-05","Weston.Benton@aol.com","881-476-0457"
79667,"Simeon","Norton","Vancouver","Canada","V5K 0A1","English","Male","","Single","1","2019-01-14","1970-09-01","Simeon.Norton@hotmail.com","099-113-1705"
90425,"Cayden","Dorsey","Melbourne","Australia","3000","English","Female","","Married","1","2019-10-15","1942-02-21","Cayden.Dorsey@ymail.com","222-093-2008"
14211,"Aubrey","Nolan","Krakow","Poland","31-5","Polish","Undisclosed","","Undisclosed","Undisclosed","2021-02-05","1991-12-10","Aubrey.Nolan@gmail.com","509-171-2633"
194230,"Nicholas","Savage","Denver","United States","80209","English","Male","","Married","3","2019-02-09","1988-01-23","Nicholas.Savage@hotmail.com","807-003-1444"
68415,"Amelie","Crawford","Manchester","United Kingdom","M1 1EU","English","Female","","Single","1","2021-11-18","1985-04-05","Amelie.Crawford@hotmail.com","339-233-3363"
45996,"Brian","Ashley","Warsaw","Poland","00-011","Polish","Male","","Married","1","2022-03-21","1973-02-21","Brian.Ashley@hotmail.com","432-170-5997"
130219,"Aleena","Sloan","Warsaw","Poland","00-026","Polish","Male","","Single","0","2021-08-19","1986-01-14","Aleena.Sloan@hotmail.com","637-504-6165"
2129,"Mariam","Fitzpatrick","Madrid","Spain","28021","Spanish","Female","","Single","0","2020-10-13","2005-08-22","Mariam.Fitzpatrick@gmail.com","967-661-3574"
7565,"Casey","Howell","Hamburg","Germany","21129","German","Female","","Divorced/Seperated","4","2019-05-16","1974-12-12","Casey.Howell@hotmail.com","440-681-9842"
122371,"Roselyn","Pena","Sydney","Australia","2000","English","Male","","Married","2","2020-08-04","1959-01-10","Roselyn.Pena@aol.com","585-768-7577"
45548,"Ashlyn","Rosales","London","United Kingdom","E1 7BH","English","Male","","Undisclosed","Undisclosed","2022-05-18","2001-08-14","Ashlyn.Rosales@gmail.com","045-446-3103"
16547,"Kaylin","Spears","Barcelona","Spain","08013","English","Female","","Single","0","2021-12-01","1948-10-02","Kaylin.Spears@ymail.com","944-654-3817"
117716,"Natalya","Church","Montreal","Canada","H1X 2K6","English","Undisclosed","","Married","3","2021-05-19","1986-01-20","Natalya.Church@hotmail.com","462-333-7691"
48846,"Athena","Hall","Sydney","Australia","2020","English","Female","","Single","0","2020-03-09","1963-01-19","Athena.Hall@aol.com","649-352-7620"
164685,"Leah","Steele","Sydney","Australia","2055","English","Male","","Divorced/Seperated","0","2022-03-29","2006-02-25","Leah.Steele@gmail.com","226-372-8833"
65544,"Bailee","Fields","Munich","Germany","80809","German","Female","","Divorced/Seperated","1","2022-04-27","1972-07-25","Bailee.Fields@hotmail.com","060-884-8278"
171269,"Jamison","Mejia","Toronto","Canada","M4C 3B7","English","Female","","Single","0","2019-08-24","1989-02-17","Jamison.Mejia@gmail.com","729-791-7224"
6747,"Michaela","Shah","Cape Town","South Africa","8005","English","Female","","Married","3","2020-05-20","1993-09-23","Michaela.Shah@gmail.com","629-022-6370"
89303,"Anaya","Dixon","london","United Kingdom","E1 7AE","English","Female","","Married","2","2021-11-19","1954-06-09","Anaya.Dixon@ymail.com","446-402-3631"
41528,"Kaylen","Thornton","Toronto","Canada","M4C 1V8","English","Female","","Single","0","2019-08-22","1978-01-19","Kaylen.Thornton@hotmail.com","302-578-9884"
153546,"Adan","Douglas","Boston","United States","2215","English","Male","","Single","0","2020-06-16","1965-06-21","Adan.Douglas@aol.com","401-101-4387"
111715,"Jaydin","Cardenas","Manchester","United Kingdom","M1 1WS","English","Female","","Married","0","2019-11-13","1945-08-14","Jaydin.Cardenas@ymail.com","276-628-1439"
111882,"Harry","Beck","MANCHESTER","United Kingdom","M1 2AX","English","Female","","Single","0","2020-11-28","1964-07-17","Harry.Beck@aol.com","819-256-4725"
215876,"Bennett","Black","Berlin","Germany","","German","Male","","Married","2","2019-06-18","1956-01-10","**~MASKED~**.**~MASKED~**@netscape.net","111-111-1111"
164237,"Rory","Carson","Warsaw","Poland","00-048","Polish","Undisclosed","","Married","5+","2019-01-10","1957-07-15","Rory.Carson@aol.com","680-259-7253"
77937,"Kelsey","Guzman","Manchester","United Kingdom","M1 2BE","English","Female","","Single","0","2021-05-30","1952-09-15","Kelsey.Guzman@ymail.com","427-097-7357"
19332,"Keyla","Day","Barcelona","Spain","08013","English","Undisclosed","","Married","1","2019-01-03","2002-08-29","Keyla.Day@gmail.com","203-880-7767"
211376,"Micah","Armstrong","Stockholm","Sweden","","Swedish","Male","","Divorced/Seperated","2","2019-01-01","1985-02-05","**~MASKED~**.**~MASKED~**@gmail.com","111-111-1111"
151762,"Cadence","Murillo","VANCOUVER","Canada","V5K 1K7","English","Female","","Married","2","2021-10-09","1982-11-04","Cadence.Murillo@hotmail.com","391-540-9387"
20928,"Mariam","Mccarthy","Krakow","Poland","31-5","Polish","Female","","Married","1","2022-01-27","2002-02-27","Mariam.Mccarthy@gmail.com","224-420-9553"
100805,"Sydney","Mcbride","Nice","France","6300","French","Female","","Single","0","2019-01-18","1957-11-14","Sydney.Mcbride@aol.com","389-188-8014"
64778,"Hassan","Petty","Seoul","South Korea","100-012","Korean","Female","","Divorced/Seperated","2","2022-02-01","1998-11-19","Hassan.Petty@gmail.com","052-657-4513"
196692,"Zoey","Taylor","London","United Kingdom","E1 7AA","English","Male","","Married","0","2020-02-24","2000-01-05","Zoey.Taylor@gmail.com","521-254-3676"
188352,"Marissa","Tran","Vancouver","Canada","V5K 1N6","English","Female","","Undisclosed","Undisclosed","2021-01-16","1987-04-25","Marissa.Tran@hotmail.com","080-031-1359"
87044,"Lorelei","Houston","Manchester","United Kingdom","M1 1JD","English","Male","","Single","0","2020-07-02","1950-05-26","Lorelei.Houston@ymail.com","218-367-7933"
158238,"Meghan","Stout","Nice","France","6200","French","Male","","Married","4","2019-12-30","1956-06-24","Meghan.Stout@aol.com","310-395-4174"
99820,"Luciano","Mccarthy","  Mumbai","India","400098","Hindi","Female","","Married","2","2019-11-23","1981-07-02","Luciano.Mccarthy@hotmail.com","175-200-1394"
192988,"Cesar","Casey","Seoul","South Korea","100-014","Korean","Undisclosed","","Married","2","2022-05-22","1942-03-30","Cesar.Casey@ymail.com","085-705-2460"
64568,"America","Short","Sydney","Australia","2000","English","Male","","Married","2","2021-05-02","1953-01-11","America.Short@ymail.com","392-649-2302"
13987,"Chanel","Quinn","Hamburg","Germany","21129","German","Undisclosed","","Married","4","2021-11-23","1951-12-18","Chanel.Quinn@ymail.com","187-846-3018"
187015,"Sincere","Reyes","Delhi","India","110084","Hindi","Male","","Married","4","2022-03-14","2002-10-07","Sincere.Reyes@gmail.com","350-655-3069"
35265,"Rebekah","Carr","Madrid","Spain","28021","Spanish","Male","","Married","2","2022-05-23","1953-11-15","Rebekah.Carr@ymail.com","684-609-6804"
83762,"Jaylen","Chen","NEW YORK CITY","United States","11211","English","Male","","Married","2","2020-05-28","1984-09-24","Jaylen.Chen@hotmail.com","538-276-4747"
37934,"Meredith","Estrada","Munich","Germany","80809","German","Female","","Single","1","2022-01-15","1965-02-09","Meredith.Estrada@aol.com","376-891-8051"
130791,"Kathryn","Blanchard","Warsaw","Poland","00-066","Polish","Female","","Single","0","2019-11-17","1946-01-27","Kathryn.Blanchard@ymail.com","575-093-5043"
165616,"Allen","Huynh","Warsaw","Poland","00-017","Polish","Male","","Single","0","2020-04-18","1979-07-18","Allen.Huynh@hotmail.com","798-318-3389"
16821,"Savannah","Ruiz","Cape Town  ","South Africa","8005","English","Male","","Divorced/Seperated","3","2019-08-24","1984-10-03","Savannah.Ruiz@hotmail.com","771-208-7857"
157303,"Zion","Crawford","tokyo","Japan","182-0000","Japanese","Female","","Single","0","2021-02-28","1949-04-28","Zion.Crawford@ymail.com","490-095-2556"
80802,"Tianna","Schwartz","DELHI","India","110093","Hindi","Male","","Divorced/Seperated","2","2021-12-04","1958-02-15","Tianna.Schwartz@aol.com","523-380-1617"
219820,"Zaria","Lozano","  Cairo","Egypt","00000","Arabic","Male","","Married","1","2019-01-01","1953-09-22","**~MASKED~**.**~MASKED~**@att.net","111-111-1111"
171751,"Nigel","Beltran","Warsaw","Poland","00-080","Polish","Female","","Single","1","2019-07-23","1985-04-29","Nigel.Beltran@hotmail.com","621-407-4810"
180083,"Meadow","Hardy","denver","United States","80204","English","Male","","Undisclosed","Undisclosed","2019-06-10","1998-03-20","Meadow.Hardy@gmail.com","749-982-0869"
80688,"Raphael","Rasmussen","Warsaw","Poland","00-029","Polish","Female","","Single","0","2019-06-23","1960-02-03","Raphael.Rasmussen@aol.com","546-960-4655"
49972,"Leia","Garcia","Tokyo","Japan","176-0000","Japanese","Undisclosed","","Married","1","2019-01-08","1990-06-14","Leia.Garcia@gmail.com","062-771-4467"
136629,"Aaron","Montgomery","Sydney","Australia","2020","English","Male","","Married","3","2021-11-28","1961-02-12","Aaron.Montgomery@aol.com","673-693-7379"
118340,"Marques","Pruitt","  Vancouver","Canada","V5K 0A4","English","Female","","Single","0","2021-10-10","1982-05-11","Marques.Pruitt@hotmail.com","731-642-5684"
23960,"Ray","Mckenzie","  Sao Paulo","Brazil","04849-000","Portuguese","Undisclosed","","Married","2","2019-01-20","1959-03-03","Ray.Mckenzie@aol.com","352-572-9899"
103491,"Sidney","Conway","Seoul","South Korea","100-052","Korean","Female","","Divorced/Seperated","1","2020-02-21","1967-02-05","Sidney.Conway@aol.com","161-752-7884"
78285,"Amaya","Sparks","Melbourne","Australia","8002","English","Male","","Married","2","2022-02-28","1951-02-04","Amaya.Sparks@ymail.com","563-311-6920"
106126,"Karson","Brandt","Tokyo","Japan","105-0000","Japanese","Undisclosed","","Married","3","2020-04-07","1988-04-10","Karson.Brandt@hotmail.com","793-806-9576"
15319,"Mathew","Padilla","Toronto","Canada","M4C 1L8","English","Female","","Married","1","2019-06-02","2002-03-03","Mathew.Padilla@gmail.com","097-214-6859"
70442,"Reina","Combs","NEW YORK CITY","United States","11207","English","Female","","Single","0","2020-06-26","1975-10-07","Reina.Combs@hotmail.com","700-747-8473"
132472,"Donte","Greene","Melbourne","Australia","3052","English","Female","","Single","0","2020-04-10","1948-06-19","Donte.Greene@ymail.com","178-958-2168"
56510,"Aiyana","Fernandez","Seoul","South Korea","100-195","Korean","Female","","Single","2","2019-05-29","1964-04-04","Aiyana.Fernandez@aol.com","150-840-9401"
134393,"Case","Vaughan","New York City","United States","11211","English","Undisclosed","","Married","1","2019-04-10","1974-05-03","Case.Vaughan@hotmail.com","931-957-6662"
218156,"Mara","Walker","Stockholm","Sweden","","Swedish","Female","","Single","0","2019-07-23","1978-11-07","**~MASKED~**.**~MASKED~**@gmail.com","111-111-1111"
5383,"Dylan","Bray","krakow","Poland","31-5","Polish","Female","","Undisclosed","Undisclosed","2019-01-23","1950-10-26","Dylan.Bray@ymail.com","175-471-7027"
140405,"Lilian","Wilkinson","London","United Kingdom","E1 7DG","English","Male","","Married","1","2019-04-15","1953-09-08","Lilian.Wilkinson@ymail.com","889-134-5146"
82126,"Maximillian","Zimmerman","London","United Kingdom","E1 7EF","English","Female","","Married","2","2021-02-02","1942-05-25","Maximillian.Zimmerman@ymail.com","698-071-2143"
202505,"Shea","Carroll","Rio de Janeiro","Brazil","","Portuguese","Female","","Single","0","2019-01-08","1962-05-22","**~MASKED~**.**~MASKED~**@msn.com","111-111-1111"
199822,"Shania","Matthews","PARIS","France","75016","French","Undisclosed","","Married","2","2019-07-19","1955-02-05","Shania.Matthews@ymail.com","896-374-3495"
208791,"Katie","Dickerson","Rio de Janeiro","Brazil","","Portuguese","Female","","Single","0","2019-03-19","1983-04-26","**~MASKED~**.**~MASKED~**@donotdisturb.com","111-111-1111"
157686,"Sebastian","Fowler","New York City","United States","11220","English","Male","","Married","2","2019-03-04","1967-08-26","Sebastian.Fowler@aol.com","139-843-4116"
127500,"Tristian","Wang","  Manchester","United Kingdom","M1 1HR","English","Male","","Married","2","2019-12-09","2001-07-09","Tristian.Wang@gmail.com","343-190-1503"
52593,"Nia","Franco","Cairo","Egypt","00000","Arabic","Male","","Divorced/Seperated","2","2021-06-10","1993-06-12","Nia.Franco@gmail.com","310-717-9395"
168940,"Johan","Medina","  Warsaw","Poland","00-074","Polish","Female","","Married","2","2020-02-06","1997-09-05","Johan.Medina@gmail.com","108-701-6280"
222296,"Jaylyn","Gordon","Berlin","Germany","","German","Male","","Single","0","2019-08-27","1954-09-07","**~MASKED~**.**~MASKED~**@att.net","111-111-1111"
10475,"Dayami","Sanders","Cape Town","South Africa","8005","English","Male","","Divorced/Seperated","2","2020-02-24","1952-01-08","Dayami.Sanders@ymail.com","762-567-7094"
204681,"Carina","Faulkner","Hamburg  ","Germany","21129","German","Female","","Married","1","2019-03-26","1950-02-28","**~MASKED~**.**~MASKED~**@att.net","111-111-1111"
134161,"Jamarcus","Rowland","San Mateo  ","United States","94404","English","Female","","Single","0","2021-01-23","2000-03-18","Jamarcus.Rowland@gmail.com","198-411-8065"
122438,"Lindsay","Haas","Paris","France","75015","French","Undisclosed","","Single","0","2020-03-14","1981-03-02","Lindsay.Haas@hotmail.com","701-202-7508"
209821,"Quinton","Salazar","Berlin  ","Germany","","German","Male","","Undisclosed","Undisclosed","2019-01-29","1971-12-28","**~MASKED~**.**~MASKED~**@gmail.com","111-111-1111"
173159,"Lexi","Montgomery","Boston","United States","2135","English","Male","","Divorced/Seperated","1","2020-08-15","1977-05-29","Lexi.Montgomery@hotmail.com","363-098-3133"
157316,"Tucker","Bray","Seattle","United States","98170","English","Female","","Single","0","2022-05-12","1983-12-13","Tucker.Bray@hotmail.com","014-621-7515"
164738,"Raina","Ramsey","Seoul","South Korea","100-053","Korean","Undisclosed","","Single","0","2019-09-11","1976-01-02","Raina.Ramsey@hotmail.com","609-778-4484"
57404,"Bailee","Castaneda","Vancouver","Canada","V5K 0A4","English","Undisclosed","","Divorced/Seperated","2","2019-05-23","1955-03-10","Bailee.Castaneda@ymail.com","356-922-7635"
177629,"Shawn","Kane","Vancouver","Canada","V5K 0A3","English","Female","","Undisclosed","Undisclosed","2021-06-24","1962-04-24","Shawn.Kane@aol.com","472-398-9109"
4214,"Kiersten","Snyder","Barcelona","Spain","08013","English","Male","","Married","2","2021-12-04","2005-02-28","Kiersten.Snyder@gmail.com","202-986-0613"
61262,"Cassandra","Walker","MONTREAL","Canada","H2P 1L1","English","Male","","Single","0","2019-12-19","1995-06-18","Cassandra.Walker@gmail.com","566-578-2895"
55382,"Kendrick","Lutz","MONTREAL","Canada","H4N 3E8","English","Undisclosed","","Married","0","2021-11-29","1948-05-09","Kendrick.Lutz@ymail.com","438-443-0377"
62530,"Maggie","Nicholson","Vancouver","Canada","V5K 2S3","English","Male","","Married","1","2020-08-20","1944-06-22","Maggie.Nicholson@ymail.com","403-869-8512"
53099,"Koen","Hooper","Vancouver","Canada","V5K 1H9","English","Female","","Single","0","2021-12-24","2001-10-27","Koen.Hooper@gmail.com","212-831-2739"
139507,"Scarlett","Prince","Sydney","Australia","2000","English","Male","","Married","0","2022-02-18","1999-01-14","Scarlett.Prince@gmail.com","427-389-5096"
196960,"Cason","Espinoza","  Nice","France","6300","French","Female","","Single","0","2020-04-27","1970-01-30","Cason.Espinoza@hotmail.com","962-501-5327"
168608,"Malia","Campbell","Melbourne","Australia","5006","English","Female","","Single","0","2021-02-17","1983-11-30","Malia.Campbell@hotmail.com","479-079-4216"
72480,"Ramon","Page","  Vancouver","Canada","V5K 1N6","English","Undisclosed","","Married","5+","2019-08-10","1974-06-11","Ramon.Page@hotmail.com","784-822-1535"
85873,"Clayton","Rose","New York City","United States","10025","English","Female","","Married","4","2020-05-16","1991-11-26","Clayton.Rose@gmail.com","700-699-7228"
130239,"Nathen","Krause","Manchester","United Kingdom","M1 1NL","English","Male","","Married","2","2021-03-06","1945-02-03","Nathen.Krause@ymail.com","198-356-2457"
168100,"Damon","Little","  Manchester","United Kingdom","M1 2AF","English","Female","","Married","2","2019-07-06","1981-08-04","Damon.Little@hotmail.com","050-909-9599"
184782,"Andy","Moody","NICE","France","600","French","Male","","Divorced/Seperated","1","2021-12-02","1958-09-05","Andy.Moody@aol.com","708-349-3217"
48953,"Cristal","Sharp","Boston","United States","2136","English","Female","","Single","0","2022-03-30","1975-10-21","Cristal.Sharp@hotmail.com","309-059-6096"
20682,"Elijah","Franklin","NEW YORK CITY","United States","10025","English","Female","","Single","0","2021-07-18","1976-10-02","Elijah.Franklin@hotmail.com","287-477-4557"
74715,"Ernest","Warren","Warsaw","Poland","00-090","Polish","Female","","Married","5+","2019-07-25","1949-02-17","Ernest.Warren@ymail.com","141-943-2287"
145731,"Amaris","Miranda","Nice","France","6200","French","Male","","Divorced/Seperated","2","2021-11-03","1943-09-04","Amaris.Miranda@ymail.com","750-244-9635"
87392,"Tania","Coffey","Manchester","United Kingdom","M1 2BE","English","Male","","Married","4","2020-11-07","1963-03-21","Tania.Coffey@aol.com","285-714-1990"
132124,"Darion","Liu","Paris","France","75004","French","Female","","Single","0","2021-06-24","1979-01-09","Darion.Liu@hotmail.com","737-419-1027"
119425,"Elliott","Ball","Sydney","Australia","2020","English","Male","","Married","3","2022-01-24","1944-09-09","Elliott.Ball@ymail.com","691-263-6302"
93665,"Ramiro","Wells","Mumbai","India","400011","Hindi","Undisclosed","","Single","0","2019-11-06","1960-10-06","Ramiro.Wells@aol.com","354-162-7863"
83366,"Micaela","Day","Seoul","South Korea","100-273","Korean","Male","","Undisclosed","Undisclosed","2021-01-26","1981-12-11","Micaela.Day@hotmail.com","157-058-6405"
106399,"Lizbeth","Norton","Warsaw","Poland","00-060","Polish","Female","","Married","1","2019-07-11","1982-06-13","Lizbeth.Norton@hotmail.com","951-317-1660"
175124,"Bennett","Jensen","Seattle","United States","98109","English","Male","","Single","0","2020-07-25","1983-04-02","Bennett.Jensen@hotmail.com","474-951-1693"
80894,"Alayna","Lester","Seoul","South Korea","100-011","Korean","Undisclosed","","Undisclosed","Undisclosed","2019-04-26","1940-09-21","Alayna.Lester@ymail.com","434-903-9059"
216573,"Karson","Fletcher","Berlin","Germany","","German","Female","","Single","0","2019-06-11","1977-07-05","**~MASKED~**.**~MASKED~**@gmail.com","111-111-1111"
187656,"Jaydan","Barker","Tokyo","Japan","180-0000","Japanese","Male","","Single","0","2022-01-27","1989-01-21","Jaydan.Barker@gmail.com","033-004-8316"
189720,"Jaelyn","Singleton","  New York City","United States","11208","English","Male","","Single","0","2019-01-28","1996-04-25","Jaelyn.Singleton@gmail.com","217-273-2475"
173994,"Ahmad","Thompson","Toronto","Canada","M4C 3C7","English","Female","","Married","4","2020-06-15","1952-12-08","Ahmad.Thompson@ymail.com","206-483-9227"
73222,"Jackson","Park","WARSAW","Poland","00-005","Polish","Female","","Married","1","2019-08-30","1953-04-19","Jackson.Park@ymail.com","430-921-3024"
220488,"Crystal","Hoffman","Cape Town","South Africa","8005","English","Male","","Divorced/Seperated","1","2019-08-13","1977-03-01","**~MASKED~**.**~MASKED~**@gmail.com","111-111-1111"
208340,"Kymani","Pittman","  Rio de Janeiro","Brazil","","Portuguese","Male","","Married","1","2019-04-23","1967-07-25","**~MASKED~**.**~MASKED~**@usa.net","111-111-1111"
144476,"Jaquan","Hogan","Warsaw","Poland","M1 1BB","Polish","Undisclosed","","Single","0","2020-07-18","1968-06-19","Jaquan.Hogan@aol.com","008-821-0634"
150789,"Sloane","Cole","London","United Kingdom","E1 7DJ","English","Male","","Single","0","2020-04-04","2001-05-27","Sloane.Cole@gmail.com","700-452-9092"
203511,"Kirby","Spence","Berlin","Germany","","German","Female","","Married","4","2019-01-15","1960-06-28","**~MASKED~**.**~MASKED~**@excite.com","111-111-1111"
56756,"Amirah","Bond","London","United Kingdom","E1 7ED","English","Female","","Single","0","2022-02-18","1950-04-26","Amirah.Bond@ymail.com","622-246-2532"
105118,"Alessandro","Proctor","Seattle","United States","98103","English","Male","","Married","3","2020-04-05","1989-02-25","Alessandro.Proctor@gmail.com","550-210-0859"
185041,"Kash","Faulkner","Seattle  ","United States","98141","English","Male","","Married","5+","2020-06-20","1957-09-29","Kash.Faulkner@aol.com","237-943-1572"
57402,"Essence","Banks","SYDNEY","Australia","2060","English","Undisclosed","","Single","0","2021-11-15","1940-10-19","Essence.Banks@ymail.com","626-209-0274"
167130,"Dale","Steele","Tokyo","Japan","176-0000","Japanese","Female","","Undisclosed","Undisclosed","2019-10-31","1961-05-14","Dale.Steele@aol.com","494-840-5490"
39581,"Rose","Cole","Rio de Janeiro  ","Brazil","22753-000","Portuguese","Male","","Undisclosed","Undisclosed","2019-04-22","1969-01-17","Rose.Cole@aol.com","004-512-3771"
167195,"Nicole","Ewing","Tokyo","Japan","180-0000","Japanese","Female","","Single","1","2021-02-23","1968-05-21","Nicole.Ewing@aol.com","237-147-3861"
198480,"Carter","Kaufman","  Montreal","Canada","H1L 1L4","English","Female","","Single","0","2019-04-07","1976-10-08","Carter.Kaufman@hotmail.com","399-410-7788"
36531,"Joe","Kaufman","San Mateo","United States","94402","English","Female","","Married","1","2020-11-25","2003-06-22","Joe.Kaufman@gmail.com","758-331-3924"
93400,"Braelyn","Lopez","  Montreal","Canada","H2P 1L1","English","Male","","Married","2","2019-09-24","1990-12-03","Braelyn.Lopez@gmail.com","261-631-3248"
145449,"Bronson","Murray","Paris","France","75015","French","Male","","Single","0","2019-05-12","1965-09-30","Bronson.Murray@aol.com","622-932-8716"
203909,"Brooklyn","Cervantes","Berlin","Germany","","German","Male","","Married","0","2019-01-01","1952-05-27","**~MASKED~**.**~MASKED~**@att.net","111-111-1111"
176210,"Amaris","Andersen","Seattle","United States","98115","English","Male","","Undisclosed","Undisclosed","2022-04-12","1956-09-23","Amaris.Andersen@aol.com","214-037-2730"
49917,"Kaitlin","Everett","Denver","United States","80249","English","Undisclosed","","Single","0","2021-11-18","1985-12-19","Kaitlin.Everett@hotmail.com","442-815-6122"
124240,"Chad","Simon","  Nice","France","6200","French","Female","","Single","0","2022-02-26","1971-07-30","Chad.Simon@hotmail.com","469-242-9962"
12787,"Jordon","Hatfield","Rio de Janeiro","Brazil","22753-000","Portuguese","Female","","Single","1","2020-08-30","1955-07-30","Jordon.Hatfield@ymail.com","847-249-5741"
13122,"Britney","Farrell","SAO PAULO","Brazil","04849-000","Portuguese","Female","","Married","2","2020-05-04","1966-10-07","Britney.Farrell@aol.com","083-088-2438"
175252,"Addison","Munoz","San Mateo","United States","94010","English","Female","","Single","0","2022-06-23","1943-02-27","Addison.Munoz@ymail.com","272-697-4930"
9479,"Louis","Holden","Krakow","Poland","31-5","Polish","Male","","Married","0","2021-07-31","2000-05-09","Louis.Holden@gmail.com","943-261-8107"
140833,"Abraham","Riddle","Mumbai","India","400004","Hindi","Female","","Married","2","2021-05-17","1963-04-14","Abraham.Riddle@aol.com","317-145-4904"
14380,"Arely","Finley","  Krakow","Poland","31-5","Polish","Male","","Divorced/Seperated","1","2021-12-09","1940-08-03","Arely.Finley@ymail.com","066-029-9199"
23935,"Kenny","Carrillo","Madrid","Spain","28021","Spanish","Female","","Single","0","2021-02-17","1956-04-18","Kenny.Carrillo@aol.com","174-217-2056"
188456,"Devin","Choi","New York City","United States","11236","English","Female","","Married","2","2019-05-05","1997-03-06","Devin.Choi@gmail.com","074-994-4236"
164070,"Campbell","Levy","San Mateo","United States","94404","English","Female","","Married","1","2019-04-17","1991-02-19","Campbell.Levy@gmail.com","399-794-6714"
65378,"Savion","Parks","Sydney","Australia","1235","English","Female","","Single","1","2021-08-27","1983-08-30","Savion.Parks@hotmail.com","250-933-2600"
71178,"Joseph","Orozco","Delhi","India","110041","Hindi","Male","","Single","0","2020-03-07","1976-07-04","Joseph.Orozco@hotmail.com","187-226-3551"
52677,"Ray","Durham","Sydney","Australia","1235","English","Female","","Married","4","2019-06-09","1963-12-20","Ray.Durham@aol.com","284-249-4837"
41930,"Selah","Owens","Warsaw","Poland","00-018","Polish","Female","","Married","5+","2019-05-21","1975-10-27","Selah.Owens@hotmail.com","619-527-4305"
75303,"Darion","Frederick","nice","France","6206","French","Male","","Single","0","2020-02-17","1960-06-20","Darion.Frederick@aol.com","600-262-2787"
195395,"Maya","Mccullough","Paris","France","75016","French","Female","","Divorced/Seperated","2","2019-01-30","2005-01-20","Maya.Mccullough@gmail.com","611-464-4474"
47408,"Brennen","Gregory","Manchester","United Kingdom","M1 1DZ","English","Female","","Divorced/Seperated","2","2020-09-13","1945-03-24","Brennen.Gregory@ymail.com","933-789-0907"
110652,"Isabela","Flynn","Denver","United States","80228","English","Female","","Single","0","2021-06-13","1980-12-21","Isabela.Flynn@hotmail.com","217-373-2071"
162752,"Abraham","Nixon","Boston","United States","2125","English","Male","","Single","0","2021-10-05","1942-10-13","Abraham.Nixon@ymail.com","472-301-7018"
26649,"Giancarlo","Douglas","London","United Kingdom","E1 7PZ","English","Male","","Married","2","2019-08-30","1963-04-23","Giancarlo.Douglas@aol.com","462-812-3533"
14559,"Jessica","Espinoza","London","United Kingdom","E1 7AX","English","Female","","Divorced/Seperated","0","2019-12-19","1985-06-26","Jessica.Espinoza@hotmail.com","177-083-5751"
33299,"Bobby","Nielsen","Rio de Janeiro","Brazil","22753-000","Portuguese","Male","","Single","0","2022-05-24","1973-08-07","Bobby.Nielsen@hotmail.com","674-241-5869"
118287,"Josh","Gaines","Denver","United States","80228","English","Male","","Single","0","2021-08-15","1941-08-26","Josh.Gaines@ymail.com","486-594-7005"
123766,"Amy","Mullen","San Mateo","United States","94402","English","Male","","Married","3","2021-12-23","1993-03-27","Amy.Mullen@gmail.com","630-750-1526"
75730,"Mylee","Choi","Toronto","Canada","M4C 3C7","English","Male","","Single","1","2020-09-14","1983-07-17","Mylee.Choi@hotmail.com","539-729-8224"
39900,"Kylan","Maxwell","  Montreal","Canada","H4E 1B5","English","Undisclosed","","Married","2","2019-03-27","1974-03-16","Kylan.Maxwell@hotmail.com","135-669-2420"
213820,"Jamal","Gomez","  Cape Town","South Africa","8005","English","Female","","Single","0","2019-07-23","1963-01-22","**~MASKED~**.**~MASKED~**@msn.com","111-111-1111"
29306,"Larry","Ponce","Madrid","Spain","28021","Spanish","Male","","Married","1","2020-05-03","1983-06-29","Larry.Ponce@hotmail.com","278-801-2164"
26285,"Jamie","Orr","Tokyo","Japan","176-0000","Japanese","Female","","Single","0","2021-09-28","2001-10-27","Jamie.Orr@gmail.com","435-588-9043"
161970,"Valerie","Holder","Boston","United States","2125","English","Male","","Single","0","2022-04-26","1947-07-29","Valerie.Holder@ymail.com","287-527-1660"
98641,"Tanya","Cardenas","Boston  ","United States","2136","English","Undisclosed","","Undisclosed","Undisclosed","2020-06-29","1960-04-12","Tanya.Cardenas@aol.com","646-309-6033"
138963,"Carlos","Goodwin","boston","United States","2125","English","Male","","Married","3","2022-05-03","1983-08-25","Carlos.Goodwin@hotmail.com","383-801-0921"
110051,"Luka","Russo","Seoul","South Korea","100-195","Korean","Male","","Married","2","2021-10-27","1946-11-26","Luka.Russo@ymail.com","251-529-6986"
205282,"Clarissa","Leonard","STOCKHOLM","Sweden","","Swedish","Female","","Married","2","2019-08-13","1956-06-05","**~MASKED~**.**~MASKED~**@netscape.net","111-111-1111"
140560,"Jayla","Barajas","  Vancouver","Canada","V5K 1H9","English","Male","","Married","3","2020-02-12","1949-09-30","Jayla.Barajas@ymail.com","715-420-2064"
165750,"Randy","Barrera","Mumbai","India","400064","Hindi","Female","","Single","0","2020-01-24","1954-10-01","Randy.Barrera@ymail.com","815-715-5764"
136244,"Zaiden","Pineda","Nice","France","6200","French","Female","","Married","2","2021-04-20","1970-11-29","Zaiden.Pineda@hotmail.com","524-849-9499"
144501,"Daphne","Pittman","Nice  ","France","11236","French","Female","","Divorced/Seperated","2","2021-08-26","2005-04-20","Daphne.Pittman@gmail.com","284-062-3889"
83739,"Drake","Bird","Boston","United States","2134","English","Female","","Married","0","2021-09-08","1983-08-25","Drake.Bird@hotmail.com","687-323-3718"
111494,"Coleman","Cochran","Sydney","Australia","1235","English","Undisclosed","","Single","0","2022-04-17","1993-03-06","Coleman.Cochran@gmail.com","221-632-9044"
211815,"Charlee","Luna","Stockholm","Sweden","","Swedish","Female","","Single","0","2019-05-07","1993-02-23","**~MASKED~**.**~MASKED~**@netscape.net","111-111-1111"
121355,"Raven","Page","San Mateo","United States","94401","English","Male","","Married","1","2020-05-20","2005-10-16","Raven.Page@gmail.com","084-929-0696"
81668,"Madden","Newman","Denver","United States","80208","English","Undisclosed","","Married","1","2022-02-15","1964-02-17","Madden.Newman@aol.com","231-496-5393"
189570,"Azaria","Roach","London","United Kingdom","E1 7TJ","English","Female","","Single","0","2020-08-24","1997-12-26","Azaria.Roach@gmail.com","703-672-9730"
68931,"Bobby","Rivas","Paris","France","75012","French","Female","","Single","0","2019-12-25","1983-01-08","Bobby.Rivas@hotmail.com","046-346-5003"
174051,"Gwendolyn","Murphy","Delhi","India","110093","Hindi","Female","","Single","0","2019-08-27","1967-11-15","Gwendolyn.Murphy@aol.com","128-832-8391"
29923,"Tia","Lawson","london","United Kingdom","E1 7AX","English","Female","","Married","2","2019-07-11","1963-02-10","Tia.Lawson@aol.com","598-266-7531"
108813,"Casey","Marquez","Paris","France","75011","French","Female","","Single","0","2019-04-03","1967-06-08","Casey.Marquez@aol.com","895-283-9190"
77809,"Camila","Jefferson","Melbourne","Australia","3045","English","Female","","Married","1","2019-10-05","1970-10-22","Camila.Jefferson@hotmail.com","497-410-7894"
149136,"Zaniyah","Gilbert","Delhi","India","110084","Hindi","Female","","Single","0","2019-12-06","1987-10-25","Zaniyah.Gilbert@hotmail.com","438-156-5973"
65025,"Taniyah","Cisneros","Paris","France","75008","French","Undisclosed","","Divorced/Seperated","1","2020-11-24","1951-06-01","Taniyah.Cisneros@ymail.com","302-496-4248"
175593,"Cash","Summers","Sydney","Australia","2060","English","Male","","Undisclosed","Undisclosed","2019-04-28","1941-06-02","Cash.Summers@ymail.com","331-597-8337"
192286,"Jefferson","Benitez","London","United Kingdom","E1 7LY","English","Female","","Single","0","2019-02-21","1991-05-26","Jefferson.Benitez@gmail.com","118-144-9027"
47292,"Quinton","Maddox","Rio de Janeiro","Brazil","22753-000","Portuguese","Male","","Single","0","2022-03-06","1968-04-22","Quinton.Maddox@aol.com","082-690-1190"
30131,"Bo","Eaton","Stockholm","Sweden","6100","Swedish","Female","","Married","4","2021-12-30","1961-01-14","Bo.Eaton@aol.com","366-143-8718"
198351,"Marlon","Wilkins","Vancouver","Canada","V5K 1H9","English","Male","","Single","0","2020-11-18","2002-11-29","Marlon.Wilkins@gmail.com","584-279-2616"
96225,"Amaya","Black","Warsaw","Poland","00-012","Polish","Male","","Married","4","2019-02-22","1958-11-15","Amaya.Black@aol.com","109-768-2754"
207250,"Nancy","Ballard","Cairo","Egypt","00000","Arabic","Female","","Single","0","2019-02-19","1977-01-04","**~MASKED~**.**~MASKED~**@gmail.com","111-111-1111"
136554,"Aracely","Mosley","Toronto","Canada","M4C 1V8","English","Female","","Married","3","2021-07-29","1940-03-10","Aracely.Mosley@ymail.com","072-799-4226"
67593,"Tyrese","Powell","Sao Paulo","Brazil","04849-000","Portuguese","Female","","Undisclosed","Undisclosed","2022-01-14","1978-05-03","Tyrese.Powell@hotmail.com","637-632-3364"
171179,"Amira","Edwards","New York City","United States","11220","English","Female","","Single","0","2019-02-09","1953-01-20","Amira.Edwards@ymail.com","456-313-9278"
189564,"Samir","Francis","Paris","France","75005","French","Female","","Married","2","2020-09-21","1974-09-02","Samir.Francis@hotmail.com","949-727-1480"
10886,"Lainey","Zavala","Montreal","Canada","H4V 1S9","English","Male","","Single","0","2021-07-20","1978-01-21","Lainey.Zavala@hotmail.com","289-172-6481"
165996,"Johnathon","Stevenson","Paris","France","75008","French","Male","","Divorced/Seperated","1","2022-01-09","1961-01-16","Johnathon.Stevenson@aol.com","274-571-4692"
35780,"Marcos","Hanson","  Boston","United States","2125","English","Male","","Married","4","2021-04-21","1970-12-24","Marcos.Hanson@hotmail.com","496-278-3794"
123592,"Isaias","Stewart","Manchester","United Kingdom","M1 1NW","English","Male","","Married","5+","2022-06-04","1962-06-11","Isaias.Stewart@aol.com","551-498-5392"
162760,"Alejandro","Doyle","  Vancouver","Canada","V5K 1H9","English","Female","","Divorced/Seperated","4","2019-04-08","1989-04-05","Alejandro.Doyle@gmail.com","113-083-7612"
157159,"Shyanne","Lucero","Toronto","Canada","M4C 3J6","English","Male","","Married","3","2020-02-21","1961-12-25","Shyanne.Lucero@aol.com","865-242-5276"
7743,"Jovan","Suarez","toronto","Canada","M4C 3C7","English","Female","","Single","0","2020-01-14","2003-02-02","Jovan.Suarez@gmail.com","388-106-2293"
75440,"Beatrice","Klein","  Vancouver","Canada","V5K 0A6","English","Female","","Married","4","2020-02-05","1964-12-14","Beatrice.Klein@aol.com","162-200-8925"
211228,"Paityn","Floyd","Stockholm","Sweden","","Swedish","Female","","Single","0","2019-07-16","1980-01-22","**~MASKED~**.**~MASKED~**@ymail.com","111-111-1111"
155695,"Mercedes","Davidson","Vancouver","Canada","V5K 1K7","English","Male","","Single","0","2019-12-18","1944-02-06","Mercedes.Davidson@ymail.com","610-429-7838"
90520,"Megan","Sanford","  San Mateo","United States","94401","English","Female","","Divorced/Seperated","2","2020-09-24","2005-03-18","Megan.Sanford@gmail.com","583-461-9892"
217292,"Aedan","Mccann","Hamburg","Germany","21129","German","Female","","Married","1","2019-03-26","1946-09-17","**~MASKED~**.**~MASKED~**@att.net","111-111-1111"
66551,"Jean","Maldonado","San Mateo","United States","94404","English","Female","","Married","4","2020-12-03","1991-12-09","Jean.Maldonado@gmail.com","369-127-5973"
152864,"Serenity","Middleton","Denver","United States","80230","English","Female","","Married","2","2020-05-01","1957-05-20","Serenity.Middleton@aol.com","931-729-3535"
146634,"Kenya","Mcclure","Sydney","Australia","2020","English","Undisclosed","","Married","1","2019-03-13","1979-06-21","Kenya.Mcclure@hotmail.com","783-946-0240"
125574,"Arabella","Robbins","Delhi","India","110010","Hindi","Male","","Divorced/Seperated","2","2019-10-19","1961-05-12","Arabella.Robbins@aol.com","237-859-0986"
144399,"Marc","Kane","Toronto","Canada","M4C 1E7","English","Male","","Single","0","2019-07-12","2004-06-27","Marc.Kane@gmail.com","089-543-5613"
145645,"Kaya","Cameron","Montreal","Canada","H3A 2H6","English","Male","","Single","0","2020-07-13","1959-02-25","Kaya.Cameron@aol.com","210-354-6160"
171711,"Ryland","Kim","Sydney","Australia","1235","English","Male","","Single","0","2021-05-29","1940-07-27","Ryland.Kim@ymail.com","583-009-5239"
142027,"Tyrese","Knox","New York City","United States","11207","English","Male","","Married","0","2021-11-30","1970-08-29","Tyrese.Knox@hotmail.com","781-182-0298"
146905,"Harold","Mathews","Nice","France","6200","French","Male","","Single","0","2021-06-20","1963-05-28","Harold.Mathews@aol.com","118-705-5490"
77054,"Addison","Hendricks","Seattle","United States","98101","English","Female","","Married","3","2019-05-22","1983-05-04","Addison.Hendricks@hotmail.com","611-120-8107"
71143,"Daisy","Underwood","manchester","United Kingdom","M1 1HR","English","Undisclosed","","Married","2","2022-01-21","1952-09-23","Daisy.Underwood@ymail.com","396-394-5529"
189103,"Timothy","Dougherty","manchester","United Kingdom","M1 1DU","English","Male","","Married","4","2019-12-26","1993-04-24","Timothy.Dougherty@gmail.com","633-943-9825"
214659,"Mathew","Blevins","Rio de Janeiro","Brazil","","Portuguese","Female","","Single","2","2019-08-27","1991-04-16","**~MASKED~**.**~MASKED~**@netscape.net","111-111-1111"
211121,"Braedon","Briggs","Stockholm  ","Sweden","","Swedish","Undisclosed","","Married","1","2019-04-30","1970-03-03","**~MASKED~**.**~MASKED~**@aim.com","111-111-1111"
87311,"Kendrick","Dorsey","New York City","United States","11373","English","Male","","Married","4","2021-10-10","2004-03-29","Kendrick.Dorsey@gmail.com","174-286-7298"
151801,"Abram","Bass","New York City  ","United States","10456","English","Male","","Single","0","2019-05-15","1990-06-04","Abram.Bass@gmail.com","554-186-3200"
205721,"Sincere","Marshall","Madrid  ","Spain","28021","Spanish","Male","","Divorced/Seperated","4","2019-04-30","1984-10-02","**~MASKED~**.**~MASKED~**@gmail.com","111-111-1111"
15817,"Jameson","Hanson","New York City","United States","10456","English","Female","","Married","2","2019-02-23","1941-03-22","Jameson.Hanson@ymail.com","204-662-1808"
57621,"Rylee","Frederick","Sydney  ","Australia","2060","English","Female","","Married","4","2019-09-21","1966-04-27","Rylee.Frederick@aol.com","612-233-9340"
195362,"Ross","Benitez","SEATTLE","United States","98102","English","Undisclosed","","Married","2","2019-11-12","1957-03-31","Ross.Benitez@aol.com","197-414-3757"
29018,"Nathalie","Galvan","Warsaw","Poland","00-056","Polish","Undisclosed","","Married","4","2021-04-27","1964-10-28","Nathalie.Galvan@aol.com","043-503-8841"
155015,"Sherlyn","Hughes","Melbourne","Australia","3002","English","Male","","Single","0","2019-04-11","1969-01-20","Sherlyn.Hughes@aol.com","710-440-6074"
142854,"Kiana","Stein","Boston","United States","2124","English","Female","","Single","0","2020-09-09","1947-06-19","Kiana.Stein@ymail.com","376-950-2424"
22114,"Ivan","Silva","Sao Paulo","Brazil","04849-000","Portuguese","Male","","Single","0","2022-02-11","1993-11-06","Ivan.Silva@gmail.com","557-294-4242"
120386,"Kelton","Santiago","Vancouver","Canada","V5K 0A3","English","Female","","Undisclosed","Undisclosed","2019-08-05","1978-10-03","Kelton.Santiago@hotmail.com","116-523-4425"
74497,"Marilyn","Cochran","Nice","France","6100","French","Male","","Single","0","2019-09-15","1993-03-16","Marilyn.Cochran@gmail.com","091-895-3682"
170374,"Megan","Bennett","Warsaw","Poland","00-058","Polish","Male","","Single","0","2019-12-22","1983-02-21","Megan.Bennett@hotmail.com","193-176-0978"
21651,"Caiden","Olsen","Munich","Germany","80809","German","Female","","Undisclosed","Undisclosed","2022-04-19","1946-06-13","Caiden.Olsen@ymail.com","326-020-2135"
116886,"Camryn","Rodgers","Vancouver","Canada","V5K 2H9","English","Male","","Single","0","2020-12-26","1987-08-10","Camryn.Rodgers@hotmail.com","895-571-8292"
20776,"Elsa","Leach","Sao Paulo","Brazil","04849-000","Portuguese","Male","","Married","3","2019-01-07","1981-01-19","Elsa.Leach@hotmail.com","355-628-1338"
160014,"Lacey","Jarvis","Warsaw","Poland","00-090","Polish","Female","","Single","0","2021-05-21","1956-10-20","Lacey.Jarvis@aol.com","310-180-1343"
197482,"Clark","Ritter","LONDON","United Kingdom","E1 8AH","English","Female","","Undisclosed","Undisclosed","2021-08-07","1986-07-06","Clark.Ritter@hotmail.com","432-032-7360"
186783,"Kierra","Mack","delhi","India","110041","Hindi","Male","","Single","0","2020-03-29","1991-11-26","Kierra.Mack@gmail.com","067-097-8978"
110099,"Alanna","Andrade","Delhi","India","110010","Hindi","Female","","Married","0","2020-02-09","1969-04-04","Alanna.Andrade@aol.com","268-670-0394"
166058,"Alexia","Mitchell","New York City","United States","11236","English","Male","","Single","0","2022-03-14","1988-04-13","Alexia.Mitchell@hotmail.com","159-223-7323"
164209,"Maverick","Sanchez","Seoul","South Korea","100-273","Korean","Female","","Divorced/Seperated","3","2019-12-22","1942-07-08","Maverick.Sanchez@ymail.com","497-331-9900"
2185,"Giancarlo","Ware","Hamburg","Germany","21129","German","Male","","Married","4","2022-02-19","1978-09-09","Giancarlo.Ware@hotmail.com","220-605-7245"
2728,"Lillian","Murillo","Krakow","Poland","31-5","Polish","Female","","Married","3","2021-05-30","1985-02-01","Lillian.Murillo@hotmail.com","202-534-0298"
36317,"Kathy","Castaneda","Mumbai","India","400002","Hindi","Female","","Divorced/Seperated","1","2019-05-28","1969-04-30","Kathy.Castaneda@aol.com","123-535-6200"
197835,"Lee","Jones","Melbourne","Australia","3000","English","Male","","Single","0","2020-09-15","1999-12-02","Lee.Jones@gmail.com","674-593-4472"
122784,"Myla","Myers","London","United Kingdom","E1 7BS","English","Female","","Single","0","2019-12-28","1984-04-23","Myla.Myers@hotmail.com","481-836-1897"
198743,"Geovanni","Hart","warsaw","Poland","00-010","Polish","Female","","Married","4","2019-05-29","1986-01-09","Geovanni.Hart@hotmail.com","428-145-9080"
101975,"Jasmine","Jarvis","Tokyo","Japan","100-0400","Japanese","Female","","Single","0","2021-10-22","1969-02-18","Jasmine.Jarvis@aol.com","497-599-1936"
157353,"Lana","Mcmillan","Melbourne","Australia","5006","English","Male","","Married","1","2020-10-10","1951-08-22","Lana.Mcmillan@ymail.com","139-731-8232"
147315,"Asa","Underwood","San Mateo","United States","94402","English","Female","","Undisclosed","Undisclosed","2022-04-09","1995-11-30","Asa.Underwood@gmail.com","396-707-8500"
4918,"Nickolas","Joseph","Cairo","Egypt","00000","Arabic","Male","","Single","0","2019-06-15","1951-03-02","Nickolas.Joseph@ymail.com","522-215-1457"
90007,"Kenyon","Mosley","Paris","France","75004","French","Undisclosed","","Single","0","2019-06-12","1991-04-30","Kenyon.Mosley@gmail.com","875-079-6225"
151723,"Ali","Meyer","melbourne","Australia","3207","English","Female","","Married","2","2021-08-01","1945-11-10","Ali.Meyer@ymail.com","765-536-2366"
38082,"Paloma","Payne","MONTREAL","Canada","H1L 1L4","English","Male","","Married","3","2021-03-19","1973-09-02","Paloma.Payne@hotmail.com","513-205-5902"
107158,"Rodrigo","Padilla","Seoul","South Korea","100-012","Korean","Male","","Married","1","2022-02-14","1998-08-28","Rodrigo.Padilla@gmail.com","699-952-9832"
5346,"Tommy","Norton","Toronto","Canada","M3C 0C1","English","Male","","Undisclosed","Undisclosed","2019-04-09","1983-02-22","Tommy.Norton@hotmail.com","038-039-4233"
193689,"Aliza","Burgess","Vancouver","Canada","V5K 2S3","English","Male","","Single","0","2020-10-07","1992-03-08","Aliza.Burgess@gmail.com","320-314-0539"
57337,"Aleah","Roberts","New York City","United States","11207","English","Female","","Married","2","2019-05-12","1995-08-25","Aleah.Roberts@gmail.com","243-907-3019"
90315,"Nathen","Mckinney","Delhi","India","110084","Hindi","Male","","Divorced/Seperated","3","2022-03-18","1944-03-21","Nathen.Mckinney@ymail.com","547-011-1329"
132749,"Edith","Barnes","Toronto","Canada","M4C 1X6","English","Male","","Married","4","2020-04-20","1954-06-19","Edith.Barnes@ymail.com","548-272-2636"
92511,"Asia","Contreras","Manchester","United Kingdom","M1 1AP","English","Female","","Single","0","2020-12-14","1970-11-11","Asia.Contreras@hotmail.com","216-737-4130"
168314,"Amiyah","Sullivan","Melbourne","Australia","3207","English","Male","","Single","0","2021-03-02","1992-06-17","Amiyah.Sullivan@gmail.com","535-321-3435"
900,"Reyna","Golden","  Toronto","Canada","M3C 0J1","English","Male","","Single","0","2020-04-04","1976-02-07","Reyna.Golden@hotmail.com","818-669-8646"
43432,"Raelynn","Marquez","Tokyo","Japan","180-0000","Japanese","Female","","Single","0","2019-04-09","2003-11-04","Raelynn.Marquez@gmail.com","541-145-4089"
30251,"Jovany","Kim","London","United Kingdom","E1 8AQ","English","Male","","Single","0","2021-02-14","1973-01-13","Jovany.Kim@hotmail.com","027-462-3615"
155953,"Noel","Carter","Denver","United States","80271","English","Male","","Married","2","2019-02-04","1968-03-08","Noel.Carter@aol.com","164-205-3440"
16442,"Pedro","Day","SAO PAULO","Brazil","04849-000","Portuguese","Female","","Undisclosed","Undisclosed","2021-01-16","1955-11-06","Pedro.Day@ymail.com","578-422-0204"
34585,"Denisse","Stout","Warsaw","Poland","00-027","Polish","Undisclosed","","Married","3","2020-05-13","1997-11-13","Denisse.Stout@gmail.com","612-975-9642"
9483,"Chandler","Gray","new york city","United States","11207","English","Male","","Single","0","2020-04-05","1945-08-24","Chandler.Gray@ymail.com","410-126-9083"
142146,"Ezequiel","Kemp","Nice","France","6300","French","Male","","Single","2","2019-03-12","2004-01-10","Ezequiel.Kemp@gmail.com","101-208-4381"
99234,"Evelin","Park","San Mateo","United States","94401","English","Female","","Married","2","2019-03-08","1956-07-11","Evelin.Park@aol.com","405-069-3177"
121948,"Ryder","Jennings","Seoul","South Korea","100-060","Korean","Female","","Married","2","2022-06-15","1973-10-11","Ryder.Jennings@hotmail.com","052-998-1962"
152661,"Jacqueline","Wolfe","Seattle  ","United States","98115","English","Female","","Single","0","2020-04-24","2004-08-19","Jacqueline.Wolfe@gmail.com","697-237-2174"
151653,"Karen","Zamora","London","United Kingdom","E1 7EU","English","Female","","Single","0","2020-10-07","1963-09-02","Karen.Zamora@aol.com","064-787-3861"
23337,"Danielle","Anderson","Cape Town","South Africa","8005","English","Female","","Married","0","2019-02-23","1991-08-23","Danielle.Anderson@gmail.com","720-305-1876"
89162,"Shea","Pope","MUMBAI","India","400059","Hindi","Male","","Single","2","2019-01-23","1982-03-29","Shea.Pope@hotmail.com","905-468-6023"
55236,"Amani","French","Warsaw","Poland","00-025","Polish","Female","","Married","4","2021-05-26","1942-04-11","Amani.French@ymail.com","485-358-4025"
170067,"Raelynn","Coleman","Toronto","Canada","M4C 0A2","English","Female","","Undisclosed","Undisclosed","2020-08-01","1945-11-21","Raelynn.Coleman@ymail.com","732-986-1654"
84323,"Lilliana","Powell","new york city","United States","11207","English","Female","","Married","2","2021-07-02","1940-09-18","Lilliana.Powell@ymail.com","104-108-0665"
169317,"Cierra","Blake","New York City","United States","10467","English","Male","","Undisclosed","Undisclosed","2021-08-29","1976-02-12","Cierra.Blake@hotmail.com","889-675-0880"
171542,"Lennon","Elliott","LONDON","United Kingdom","E1 7DR","English","Female","","Married","0","2020-02-21","2002-05-21","Lennon.Elliott@gmail.com","656-028-3239"
68219,"Cara","Bradford","Vancouver","Canada","V5K 0A1","English","Female","","Undisclosed","Undisclosed","2019-10-02","1991-06-18","Cara.Bradford@gmail.com","543-200-7732"
211577,"Alena","Shea","Stockholm","Sweden","","Swedish","Female","","Single","0","2019-04-16","1950-01-24","**~MASKED~**.**~MASKED~**@att.net","111-111-1111"
182689,"Finnegan","Waters","Montreal","Canada","H3A 2H6","English","Female","","Single","0","2021-06-06","1974-01-15","Finnegan.Waters@hotmail.com","873-472-4060"
156614,"Kayla","Ewing","Warsaw","Poland","00-010","Polish","Undisclosed","","Single","0","2019-07-08","1971-05-11","Kayla.Ewing@hotmail.com","417-749-7381"
191748,"Camryn","Lara","Nice","France","6100","French","Female","","Married","0","2019-06-15","1995-03-27","Camryn.Lara@gmail.com","080-882-7372"
179885,"Johnny","Barnes","Boston","United States","2124","English","Male","","Single","0","2021-03-31","1971-06-25","Johnny.Barnes@hotmail.com","771-147-4042"
181855,"Gerardo","Escobar","Manchester","United Kingdom","M1 1DD","English","Male","","Married","1","2020-08-21","1984-03-16","Gerardo.Escobar@hotmail.com","544-745-1647"
152630,"Eden","Olsen","Manchester","United Kingdom","M1 1LQ","English","Female","","Divorced/Seperated","0","2021-08-26","1994-04-09","Eden.Olsen@gmail.com","075-742-2128"
153456,"Akira","Luna","Melbourne","Australia","3045","English","Male","","Undisclosed","Undisclosed","2020-11-10","1979-09-13","Akira.Luna@hotmail.com","699-260-8531"
19909,"Giovanni","Holder","Cape Town","South Africa","8005","English","Female","","Single","0","2019-01-10","1945-12-01","Giovanni.Holder@ymail.com","106-230-6886"
89813,"Derrick","Glover","Seoul","South Korea","100-051","Korean","Undisclosed","","Single","0","2019-01-16","1993-08-23","Derrick.Glover@gmail.com","051-425-7972"
101689,"Austin","Hall","Denver","United States","80014","English","Male","","Single","0","2020-08-17","1991-01-13","Austin.Hall@gmail.com","730-068-3843"
80218,"Uriel","Mata","Mumbai","India","400052","Hindi","Female","","Single","0","2021-05-23","1969-02-22","Uriel.Mata@aol.com","762-517-3306"
93896,"Grace","Steele","Seoul","South Korea","100-014","Korean","Male","","Married","0","2019-03-11","1997-07-26","Grace.Steele@gmail.com","969-989-2899"
167851,"Frederick","Padilla","Mumbai","India","400037","Hindi","Undisclosed","","Single","0","2020-06-03","1952-07-10","Frederick.Padilla@ymail.com","402-606-8055"
58339,"George","Werner","Madrid","Spain","28021","Spanish","Undisclosed","","Married","1","2020-03-26","1960-09-19","George.Werner@aol.com","075-452-3897"
58052,"Haley","Good","Vancouver","Canada","V5K 2H9","English","Female","","Single","0","2019-02-24","1989-07-31","Haley.Good@gmail.com","445-652-9561"
114147,"Ray","Delgado","Sydney","Australia","2127","English","Undisclosed","","Single","0","2020-10-09","1940-08-23","Ray.Delgado@ymail.com","338-690-8945"
98231,"Janiah","Houston","Nice","France","6200","French","Male","","Married","5+","2021-11-24","1984-12-27","Janiah.Houston@hotmail.com","738-474-8277"
80949,"Max","Mcintyre","Nice","France","6200","French","Male","","Single","0","2022-02-06","1944-10-13","Max.Mcintyre@ymail.com","587-638-5011"
215832,"Aidyn","Stuart","Berlin","Germany","","German","Female","","Married","1","2019-03-19","1962-05-22","**~MASKED~**.**~MASKED~**@msn.com","111-111-1111"
32318,"Lewis","Cardenas","Mumbai","India","400037","Hindi","Male","","Single","2","2020-05-03","1953-09-07","Lewis.Cardenas@ymail.com","480-475-7079"
208210,"Ernest","Maxwell","Rio de Janeiro","Brazil","","Portuguese","Male","","Divorced/Seperated","0","2019-02-26","1956-05-22","**~MASKED~**.**~MASKED~**@netscape.net","111-111-1111"
197148,"Samara","Vincent","Warsaw","Poland","00-084","Polish","Female","","Married","4","2020-05-02","1954-06-03","Samara.Vincent@ymail.com","083-225-2101"
143437,"Kyleigh","Vang","Mumbai","India","400034","Hindi","Male","","Divorced/Seperated","0","2022-01-17","1984-07-10","Kyleigh.Vang@hotmail.com","565-261-2041"
108734,"Alan","Fry","London","United Kingdom","E1 7DB","English","Female","","Single","0","2019-05-04","2006-01-27","Alan.Fry@gmail.com","811-384-9808"
83397,"Aiden","Waller","London","United Kingdom","E1 7HF","English","Undisclosed","","Single","0","2020-02-16","1959-10-21","Aiden.Waller@aol.com","896-422-0956"
184250,"Pablo","Zamora","Tokyo","Japan","176-0000","Japanese","Female","","Married","0","2020-01-03","2002-07-05","Pablo.Zamora@gmail.com","951-082-9340"
19019,"Jaylene","Owens","Cape Town","South Africa","8005","English","Female","","Single","0","2020-05-23","1981-01-21","Jaylene.Owens@hotmail.com","319-388-0105"
202211,"Sharon","Hensley","Rio de Janeiro","Brazil","","Portuguese","Female","","Single","0","2019-03-05","1972-03-21","**~MASKED~**.**~MASKED~**@gmail.com","111-111-1111"
194354,"Fabian","Cook","Denver","United States","80228","English","Female","","Undisclosed","Undisclosed","2021-02-13","1972-08-03","Fabian.Cook@hotmail.com","444-290-5507"
183024,"Hailey","Norman","Warsaw","Poland","00-012","Polish","Female","","Divorced/Seperated","2","2021-07-04","1990-12-12","Hailey.Norman@gmail.com","735-463-4859"
56195,"Chaz","Bradford","Sao Paulo","Brazil","04849-000","Portuguese","Male","","Undisclosed","Undisclosed","2022-04-20","1991-11-16","Chaz.Bradford@gmail.com","364-521-4880"
151063,"Luz","Lloyd","toronto","Canada","M3C 0C1","English","Male","","Single","0","2022-01-13","1997-08-04","Luz.Lloyd@gmail.com","708-150-4921"
176185,"Kali","Russell","Delhi","India","110041","Hindi","Undisclosed","","Single","2","2019-04-30","1949-08-31","Kali.Russell@ymail.com","946-395-7024"
46872,"Aileen","David","Cape Town","South Africa","8005","English","Male","","Single","1","2021-04-04","2005-08-30","Aileen.David@gmail.com","493-355-5735"
34721,"Memphis","Beltran","Boston  ","United States","2136","English","Undisclosed","","Married","0","2019-12-25","2005-06-11","Memphis.Beltran@gmail.com","785-258-2359"
101605,"Charlee","Terry","Tokyo","Japan","114-0000","Japanese","Female","","Married","2","2019-02-21","2001-03-17","Charlee.Terry@gmail.com","133-197-0272"
38689,"Clare","Murray","San Mateo","United States","94403","English","Female","","Single","0","2021-08-12","1977-03-04","Clare.Murray@hotmail.com","396-431-4667"
92522,"Alden","Hayes","MUMBAI","India","400056","Hindi","Male","","Single","0","2019-01-16","1967-05-16","Alden.Hayes@aol.com","574-823-2915"
6001,"Kimberly","Cherry","Toronto  ","Canada","M4C 1L8","English","Female","","Married","4","2019-09-28","1976-01-02","Kimberly.Cherry@hotmail.com","902-880-9501"
211742,"Dario","Benitez","STOCKHOLM","Sweden","","Swedish","Female","","Married","2","2019-05-28","1984-02-07","**~MASKED~**.**~MASKED~**@gmail.com","111-111-1111"
39995,"Esmeralda","Lamb","Cairo","Egypt","00000","Arabic","Male","","Single","0","2021-08-26","1981-07-17","Esmeralda.Lamb@hotmail.com","275-475-4869"
178622,"Alexzander","Bridges","DENVER","United States","80208","English","Undisclosed","","Married","1","2020-12-23","1940-06-16","Alexzander.Bridges@ymail.com","955-286-2774"
52162,"Isabelle","Osborn","SAN MATEO","United States","94497","English","Female","","Married","1","2019-01-25","1958-02-09","Isabelle.Osborn@aol.com","514-048-9592"
131750,"Aaliyah","Simon","Mumbai","India","400007","Hindi","Male","","Single","0","2019-06-24","1948-02-07","Aaliyah.Simon@ymail.com","520-855-8056"
28627,"Marcelo","Cross","Mumbai","India","400005","Hindi","Male","","Married","3","2020-06-30","1946-05-09","Marcelo.Cross@ymail.com","085-140-8483"
206267,"Christian","Swanson","Barcelona","Spain","08013","Spanish","Female","","Married","1","2019-05-07","1979-06-12","**~MASKED~**.**~MASKED~**@gmail.com","111-111-1111"
129920,"Lewis","Watson","  Nice","France","600","French","Female","","Single","0","2019-01-13","1970-12-25","Lewis.Watson@hotmail.com","173-471-7689"
105476,"Juan","Day","Montreal","Canada","H1L 1L4","English","Female","","Single","0","2020-09-13","2000-10-10","Juan.Day@gmail.com","064-432-8106"
94400,"Janiya","Friedman","  Delhi","India","110084","Hindi","Undisclosed","","Married","2","2019-01-27","1965-11-24","Janiya.Friedman@aol.com","017-396-7750"
38036,"Jazlyn","Patterson","Montreal","Canada","H3M 1R6","English","Undisclosed","","Single","0","2020-11-16","1956-12-04","Jazlyn.Patterson@aol.com","254-651-3897"
122750,"Frederick","Michael","Montreal","Canada","H4E 1B5","English","Undisclosed","","Divorced/Seperated","2","2019-07-12","1945-01-24","Frederick.Michael@ymail.com","148-736-4467"
141877,"Savanna","Mckee","San Mateo","United States","94497","English","Male","","Undisclosed","Undisclosed","2022-03-18","1965-02-02","Savanna.Mckee@aol.com","194-533-7138"
208588,"Virginia","Nolan","Rio de Janeiro","Brazil","","Portuguese","Male","","Single","0","2019-07-09","1984-01-24","**~MASKED~**.**~MASKED~**@gmail.com","111-111-1111"
180360,"Mia","Weeks","  Vancouver","Canada","V5K 2E6","English","Female","","Single","0","2019-03-03","1993-05-28","Mia.Weeks@gmail.com","729-187-8896"
101079,"Makaila","Coffey","Montreal","Canada","H3M 1R6","English","Female","","Single","0","2021-01-16","1973-07-10","Makaila.Coffey@hotmail.com","205-397-1485"
96476,"Blaine","Jones","Sydney","Australia","2060","English","Male","","Married","2","2019-11-16","1965-01-16","Blaine.Jones@aol.com","084-597-2339"
151335,"Elyse","Dudley","Manchester","United Kingdom","M1 1PX","English","Male","","Single","2","2022-06-30","1948-04-10","Elyse.Dudley@ymail.com","210-388-0959"
57267,"Randy","Horton","Seoul","South Korea","100-012","Korean","Female","","Married","4","2020-02-24","1983-05-11","Randy.Horton@hotmail.com","758-936-5652"
14989,"Silas","Reilly","Toronto","Canada","M4C 1E7","English","Undisclosed","","Single","0","2020-02-17","2005-08-06","Silas.Reilly@gmail.com","879-974-3057"
34320,"Adelyn","Meyers","  Krakow","Poland","31-5","Polish","Female","","Single","0","2019-09-26","2003-02-17","Adelyn.Meyers@gmail.com","949-295-9209"
217298,"Aron","Mccarthy","Hamburg","Germany","21129","German","Male","","Single","0","2019-04-30","1978-06-06","**~MASKED~**.**~MASKED~**@gmail.com","111-111-1111"
4614,"Deven","Hodges","Hamburg","Germany","21129","German","Female","","Married","5+","2021-02-05","1950-02-05","Deven.Hodges@ymail.com","624-475-1767"
197973,"Kaylee","Stewart","Montreal","Canada","H2E 1T9","English","Male","","Married","0","2019-05-27","1999-05-20","Kaylee.Stewart@gmail.com","746-554-8241"
31260,"Jesus","Atkins","  Rio de Janeiro","Brazil","22753-000","Portuguese","Undisclosed","","Married","2","2019-04-16","1948-10-27","Jesus.Atkins@ymail.com","283-006-0759"
84240,"Bridger","Hull","  Manchester","United Kingdom","M1 1NW","English","Female","","Undisclosed","Undisclosed","2022-05-09","1986-04-02","Bridger.Hull@hotmail.com","495-418-9982"
109048,"Charlee","Berg","Manchester","United Kingdom","M1 1DF","English","Female","","Undisclosed","Undisclosed","2020-02-04","1944-05-05","Charlee.Berg@ymail.com","444-872-7764"
174531,"Marianna","Wiley","Melbourne","Australia","8002","English","Female","","Divorced/Seperated","1","2021-11-01","1961-11-25","Marianna.Wiley@aol.com","221-755-8020"
57119,"Clarissa","Cochran","Toronto","Canada","M4C 0A2","English","Female","","Married","2","2021-09-20","1954-01-19","Clarissa.Cochran@ymail.com","339-473-9540"
20161,"Gaven","Reeves","Munich  ","Germany","80809","German","Female","","Married","3","2020-10-30","2003-03-16","Gaven.Reeves@gmail.com","770-536-0282"
180760,"Anahi","Huerta","  Seoul","South Korea","100-014","Korean","Male","","Single","0","2019-03-01","1996-10-28","Anahi.Huerta@gmail.com","879-044-6358"
205717,"Tamara","Saunders","Madrid","Spain","28021","Spanish","Undisclosed","","Married","2","2019-04-02","1966-07-26","**~MASKED~**.**~MASKED~**@yahoo.com","111-111-1111"
85949,"Jon","Olsen","Mumbai","India","400102","Hindi","Undisclosed","","Married","2","2019-09-26","1962-12-11","Jon.Olsen@aol.com","382-363-2535"
42532,"Nicolas","Dickerson","Boston","United States","2124","English","Male","","Single","0","2020-06-15","1979-07-14","Nicolas.Dickerson@hotmail.com","397-899-1704"
24031,"Sanaa","Mosley","Hamburg","Germany","21129","German","Female","","Divorced/Seperated","0","2021-07-15","1979-07-29","Sanaa.Mosley@hotmail.com","575-772-0485"
135222,"Lauren","Costa","VANCOUVER","Canada","V5K 0A2","English","Male","","Single","0","2020-12-13","1960-11-26","Lauren.Costa@aol.com","200-648-8959"
58801,"Carolyn","Holt","Manchester  ","United Kingdom","M1 1WB","English","Female","","Undisclosed","Undisclosed","2020-02-02","1989-03-21","Carolyn.Holt@gmail.com","250-403-6434"
80146,"Kaiden","Chaney","Manchester","United Kingdom","M1 1HW","English","Female","","Married","2","2021-06-16","2001-11-11","Kaiden.Chaney@gmail.com","234-666-8347"
171760,"Darion","Bradford","  Mumbai","India","400032","Hindi","Male","","Married","1","2019-04-21","1972-05-01","Darion.Bradford@hotmail.com","513-032-5356"
120284,"Kamari","Mcgee","Toronto","Canada","M4C 0A2","English","Female","","Single","0","2020-08-30","1989-05-02","Kamari.Mcgee@gmail.com","645-875-2234"
138795,"Sanai","Joyce","New York City","United States","11373","English","Undisclosed","","Undisclosed","Undisclosed","2021-03-25","1966-06-07","Sanai.Joyce@aol.com","562-960-7000"
145607,"Essence","Hooper","Seattle","United States","98102","English","Male","","Single","0","2020-02-08","1986-04-14","Essence.Hooper@hotmail.com","365-344-6225"
123753,"Jaida","Adams","Tokyo","Japan","205-0000","Japanese","Male","","Married","1","2021-07-15","1986-10-23","Jaida.Adams@hotmail.com","087-101-5033"
96132,"Mohammad","Fletcher","Warsaw","Poland","00-034","Polish","Female","","Single","0","2021-07-25","1988-03-11","Mohammad.Fletcher@hotmail.com","690-114-7330"
216316,"Tomas","Robertson","Berlin","Germany","","German","Female","","Single","0","2019-02-12","1967-07-25","**~MASKED~**.**~MASKED~**@usa.net","111-111-1111"
33702,"Vaughn","Gregory","MADRID","Spain","28021","Spanish","Male","","Married","1","2021-07-06","1989-12-14","Vaughn.Gregory@gmail.com","060-858-7409"
116557,"Philip","Hodges","London","United Kingdom","E1 7BS","English","Male","","Single","0","2021-08-05","1976-08-17","Philip.Hodges@hotmail.com","915-589-7987"
160745,"Dayana","Kim","Delhi","India","110086","Hindi","Undisclosed","","Single","0","2019-04-22","1958-08-14","Dayana.Kim@aol.com","118-622-0971"
53382,"London","Mccann","NEW YORK CITY","United States","10025","English","Female","","Single","0","2020-02-23","1964-05-14","London.Mccann@aol.com","716-931-4548"
8876,"Dominick","Cordova","Barcelona","Spain","08013","English","Male","","Divorced/Seperated","1","2020-05-25","1954-08-12","Dominick.Cordova@ymail.com","565-380-0239"
13767,"Celia","Hunt","Tokyo","Japan","182-0000","Japanese","Male","","Married","4","2019-04-11","1986-11-05","Celia.Hunt@hotmail.com","804-684-7188"
139527,"Dylan","Blanchard","Paris","France","75004","French","Undisclosed","","Single","0","2019-04-23","1981-01-04","Dylan.Blanchard@hotmail.com","769-120-4699"
200697,"Kevin","Bennett","Sao Paulo","Brazil","","Portuguese","Female","","Single","0","2019-06-11","1966-04-26","**~MASKED~**.**~MASKED~**@yahoo.com","111-111-1111"
222476,"Jayleen","Bradshaw","Berlin","Germany","","German","Male","","Divorced/Seperated","2","2019-07-30","1974-07-09","**~MASKED~**.**~MASKED~**@gmail.com","111-111-1111"
178508,"Case","Price","Mumbai","India","400003","Hindi","Male","","Single","0","2019-10-02","1985-10-08","Case.Price@hotmail.com","710-400-5727"
125862,"Harper","West","LONDON","United Kingdom","E1 6AN","English","Female","","Single","0","2021-05-17","1946-04-06","Harper.West@ymail.com","941-133-7810"
210873,"Cheyanne","Calhoun","Hamburg","Germany","21129","German","Female","","Married","1","2019-08-06","1972-08-22","**~MASKED~**.**~MASKED~**@gmail.com","111-111-1111"
149531,"Allison","Colon","Tokyo","Japan","180-0000","Japanese","Male","","Married","1","2022-02-27","1974-08-17","Allison.Colon@hotmail.com","211-912-0224"
143809,"Jaylyn","Atkins","Vancouver","Canada","V5K 1N6","English","Female","","Married","0","2020-11-17","1960-11-05","Jaylyn.Atkins@aol.com","007-315-5333"
21629,"Phoenix","Mclaughlin","Munich","Germany","80809","German","Female","","Married","2","2021-08-12","1983-12-26","Phoenix.Mclaughlin@hotmail.com","272-571-1458"
67216,"Trey","Montoya","Toronto","Canada","M4C 0A2","English","Male","","Single","1","2019-11-03","1961-08-27","Trey.Montoya@aol.com","210-102-6712"
182034,"Makenna","Green","Delhi","India","110044","Hindi","Male","","Single","0","2021-12-22","1998-10-25","Makenna.Green@gmail.com","163-462-7606"
173656,"Jakob","Mckay","Mumbai","India","400029","Hindi","Male","","Undisclosed","Undisclosed","2019-02-05","1974-01-22","Jakob.Mckay@hotmail.com","759-713-7081"
14617,"Emelia","Crawford","London","United Kingdom","E1 7LS","English","Female","","Married","2","2019-08-25","1987-06-25","Emelia.Crawford@hotmail.com","675-149-6030"
12200,"Lucian","Robertson","  Montreal","Canada","H4V 1S9","English","Female","","Married","1","2020-03-27","1958-12-18","Lucian.Robertson@aol.com","999-543-5404"
16108,"Kate","Welch","Tokyo","Japan","144-0000","Japanese","Female","","Single","0","2022-03-19","1967-08-20","Kate.Welch@aol.com","119-339-9486"
60728,"Xavier","Lyons","Montreal","Canada","H4N 3E8","English","Female","","Divorced/Seperated","3","2021-02-08","1949-01-17","Xavier.Lyons@ymail.com","552-065-7077"
122918,"Ernest","Glover","Melbourne","Australia","3207","English","Female","","Undisclosed","Undisclosed","2020-07-18","1980-05-14","Ernest.Glover@hotmail.com","501-554-1331"
85905,"Sonny","Doyle","Seoul","South Korea","100-195","Korean","Male","","Married","2","2019-04-15","1962-05-28","Sonny.Doyle@aol.com","640-769-4752"
167436,"Mauricio","Banks","San Mateo","United States","94497","English","Undisclosed","","Single","2","2022-06-06","1955-07-09","Mauricio.Banks@ymail.com","409-006-2932"
131431,"Harrison","Oconnell","Paris","France","75012","French","Female","","Married","2","2020-04-06","1956-06-01","Harrison.Oconnell@aol.com","078-812-1956"
32161,"Malia","Mcneil","Stockholm  ","Sweden","6200","Swedish","Female","","Single","2","2020-01-25","1980-01-21","Malia.Mcneil@hotmail.com","636-527-7666"
46271,"Myles","Ali","Sao Paulo","Brazil","04849-000","Portuguese","Male","","Single","0","2021-06-16","1969-12-21","Myles.Ali@aol.com","204-523-1181"
150320,"Sanaa","Gonzalez","  Paris","France","75019","French","Female","","Married","4","2019-02-18","1956-08-21","Sanaa.Gonzalez@aol.com","652-085-7862"
42105,"Lamar","Walter","London","United Kingdom","E1 7BH","English","Female","","Single","0","2020-01-14","1960-03-26","Lamar.Walter@aol.com","579-973-6956"
47166,"Carolina","Wall","Rio de Janeiro","Brazil","22753-000","Portuguese","Female","","Undisclosed","Undisclosed","2021-04-02","1977-12-05","Carolina.Wall@hotmail.com","686-281-8800"
91786,"Preston","Mays","San Mateo","United States","94401","English","Male","","Single","0","2019-07-23","1967-01-01","Preston.Mays@aol.com","565-914-7210"
58323,"Antony","Thornton","boston","United States","2136","English","Female","","Undisclosed","Undisclosed","2020-04-30","2005-08-20","Antony.Thornton@gmail.com","073-092-6737"
212360,"Tamara","Cisneros","  Madrid","Spain","28021","Spanish","Female","","Single","0","2019-01-15","1956-09-11","**~MASKED~**.**~MASKED~**@netscape.net","111-111-1111"
32774,"Nayeli","Woodard","Krakow","Poland","31-5","Polish","Female","","Single","0","2021-04-22","1944-07-20","Nayeli.Woodard@ymail.com","876-610-2767"
45865,"Erin","Garner","Madrid","Spain","28021","Spanish","Female","","Single","2","2020-05-19","1957-09-01","Erin.Garner@aol.com","750-917-2252"
87231,"Hector","Anthony","Sydney","Australia","2020","English","Female","","Married","1","2021-09-01","1996-02-03","Hector.Anthony@gmail.com","908-732-7440"
101268,"Cedric","Roach","Boston","United States","2134","English","Male","","Divorced/Seperated","3","2020-05-18","1990-01-03","Cedric.Roach@gmail.com","315-854-9174"
174049,"Deven","Jimenez","Denver","United States","80019","English","Female","","Single","0","2021-11-20","1981-10-29","Deven.Jimenez@hotmail.com","138-473-5035"
149661,"Sammy","Boone","Seoul  ","South Korea","100-273","Korean","Male","","Single","0","2022-03-06","1965-10-24","Sammy.Boone@aol.com","708-108-7254"
65793,"Sean","Ruiz","Mumbai","India","400026","Hindi","Female","","Married","2","2022-05-27","2001-04-19","Sean.Ruiz@gmail.com","944-321-6521"
77651,"King","Montoya","New York City","United States","11236","English","Female","","Married","2","2022-02-16","1974-02-07","King.Montoya@hotmail.com","385-259-4994"
127897,"Andreas","Watkins","Seattle","United States","98102","English","Female","","Undisclosed","Undisclosed","2019-06-23","1985-08-17","Andreas.Watkins@hotmail.com","185-038-1786"
23479,"Lorelei","Wells","Rio de Janeiro","Brazil","22753-000","Portuguese","Male","","Married","4","2019-11-14","1989-09-17","Lorelei.Wells@gmail.com","371-978-2051"
173266,"Cedric","Hughes","Seattle","United States","98101","English","Male","","Married","0","2022-01-10","1947-04-05","Cedric.Hughes@ymail.com","921-521-8166"
161400,"Junior","Ballard","  Montreal","Canada","H4V 1S9","English","Male","","Divorced/Seperated","0","2020-09-05","1948-12-05","Junior.Ballard@ymail.com","241-404-5560"
46798,"Koen","Walton","Munich","Germany","80809","German","Female","","Married","2","2022-05-09","1976-03-09","Koen.Walton@hotmail.com","398-721-6753"
54973,"Roman","Goodwin","Vancouver","Canada","V5K 0A4","English","Female","","Single","0","2019-01-04","1965-11-13","Roman.Goodwin@aol.com","281-865-7779"
79846,"Darius","Dorsey","Vancouver","Canada","V5K 2E6","English","Male","","Single","0","2019-10-20","1972-06-25","Darius.Dorsey@hotmail.com","546-052-3797"
33791,"Eliana","Hahn","Munich","Germany","80809","German","Female","","Married","2","2021-01-08","1954-12-13","Eliana.Hahn@ymail.com","834-967-7305"
3311,"Tori","Stevens","Rio de Janeiro","Brazil","22753-000","Portuguese","Female","","Single","0","2019-04-13","1947-06-13","Tori.Stevens@ymail.com","763-196-2523"
131163,"Iyana","Neal","seattle","United States","98109","English","Female","","Married","2","2021-02-16","1944-12-18","Iyana.Neal@ymail.com","160-732-8493"
182115,"Quintin","Elliott","Nice","France","6206","French","Undisclosed","","Married","2","2021-12-30","1975-01-21","Quintin.Elliott@hotmail.com","378-448-7204"
212513,"Paloma","Ferguson","Barcelona","Spain","08013","Spanish","Female","","Undisclosed","Undisclosed","2019-07-30","1951-11-13","**~MASKED~**.**~MASKED~**@att.net","111-111-1111"
132554,"Mayra","Berg","Vancouver","Canada","V5K 2S3","English","Undisclosed","","Married","4","2020-03-14","1972-11-04","Mayra.Berg@hotmail.com","534-776-3106"
132647,"Miracle","Floyd","Boston","United States","2215","English","Female","","Married","0","2020-02-21","1977-04-29","Miracle.Floyd@hotmail.com","436-472-4209"
67465,"Brendan","Carey","Stockholm","Sweden","6300","Swedish","Male","","Married","0","2019-01-22","1973-07-18","Brendan.Carey@hotmail.com","406-739-8437"
217649,"Roderick","Sanders","Stockholm","Sweden","","Swedish","Female","","Married","1","2019-02-26","1970-03-24","**~MASKED~**.**~MASKED~**@aim.com","111-111-1111"
98550,"Wade","Phillips","Vancouver","Canada","V5K 1H9","English","Male","","Single","0","2021-03-18","1965-03-16","Wade.Phillips@aol.com","819-317-0315"
79841,"Terrell","Jennings","Nice  ","France","6200","French","Undisclosed","","Single","0","2020-10-07","1947-01-18","Terrell.Jennings@ymail.com","338-568-5676"
101314,"Marlee","Lee","Boston","United States","2134","English","Male","","Married","2","2022-04-14","1987-04-25","Marlee.Lee@hotmail.com","429-642-6655"
175889,"Meadow","Gillespie","New York City","United States","11373","English","Female","","Single","0","2019-03-28","1996-03-10","Meadow.Gillespie@gmail.com","857-500-4651"
103995,"Deven","Melton","Sydney","Australia","2006","English","Undisclosed","","Married","2","2020-02-22","1942-09-14","Deven.Melton@ymail.com","437-497-1029"
140211,"Kira","Dyer","Sydney","Australia","2006","English","Male","","Single","1","2021-09-27","1948-04-17","Kira.Dyer@ymail.com","899-245-2596"
140186,"Ayana","Sosa","Tokyo","Japan","100-0400","Japanese","Undisclosed","","Married","2","2019-10-20","1940-07-30","Ayana.Sosa@ymail.com","159-460-6624"
197176,"Dayana","Moon","Boston","United States","2125","English","Female","","Single","1","2020-12-09","1957-05-14","Dayana.Moon@aol.com","322-483-3100"
22529,"Julissa","Reeves","Stockholm","Sweden","6200","Swedish","Female","","Undisclosed","Undisclosed","2021-10-25","2002-07-17","Julissa.Reeves@gmail.com","594-013-7940"
29509,"Itzel","Hardy","Toronto","Canada","M3C 0C1","English","Undisclosed","","Single","0","2019-07-09","1993-07-12","Itzel.Hardy@gmail.com","040-650-4852"
63225,"Jaylynn","Fritz","Toronto","Canada","M4C 3C7","English","Female","","Divorced/Seperated","2","2019-08-17","1980-09-03","Jaylynn.Fritz@hotmail.com","228-096-8517"
215090,"Finn","Morse","Munich","Germany","80809","German","Female","","Married","3","2019-04-30","1969-10-28","**~MASKED~**.**~MASKED~**@aim.com","111-111-1111"
141453,"Frida","Hogan","Seoul","South Korea","100-012","Korean","Male","","Married","2","2021-09-14","1940-02-05","Frida.Hogan@ymail.com","342-145-8821"
50674,"Marissa","Roberson","Seoul","South Korea","100-195","Korean","Male","","Married","2","2020-08-30","1958-11-23","Marissa.Roberson@aol.com","026-921-7159"
15883,"Ace","Calderon","madrid","Spain","28021","Spanish","Female","","Single","0","2020-04-11","1976-08-19","Ace.Calderon@hotmail.com","767-445-2157"
159269,"Quinten","Fowler","Seoul","South Korea","100-011","Korean","Female","","Undisclosed","Undisclosed","2019-03-15","1993-08-05","Quinten.Fowler@gmail.com","864-388-8287"
137003,"Isaiah","Conrad","paris","France","75006","French","Female","","Single","0","2021-11-03","1956-08-05","Isaiah.Conrad@aol.com","129-607-1599"
14510,"Skylar","Hahn","London","United Kingdom","E1 8AB","English","Female","","Divorced/Seperated","3","2019-11-09","1970-02-05","Skylar.Hahn@hotmail.com","850-526-3786"
198385,"Matias","Zuniga","Seoul","South Korea","100-011","Korean","Female","","Married","0","2021-12-07","1980-05-11","Matias.Zuniga@hotmail.com","435-085-1363"
51216,"Prince","Graves","London","United Kingdom","E1 7QG","English","Female","","Married","2","2022-04-24","1963-03-24","Prince.Graves@aol.com","962-688-1449"
30182,"Irvin","Johns","LONDON","United Kingdom","E1 7TJ","English","Male","","Undisclosed","Undisclosed","2022-01-05","2000-12-21","Irvin.Johns@gmail.com","577-997-9498"
214090,"Saige","Mays","Cape Town","South Africa","8005","English","Female","","Single","0","2019-02-05","1988-10-18","**~MASKED~**.**~MASKED~**@hotmail.com","111-111-1111"
39641,"Kelvin","Lynch","Denver  ","United States","80204","English","Female","","Married","1","2021-09-13","1972-02-28","Kelvin.Lynch@hotmail.com","253-663-1051"
47732,"Kamron","Soto","Sydney","Australia","1235","English","Undisclosed","","Married","2","2020-02-13","1982-04-27","Kamron.Soto@hotmail.com","258-988-7519"
148481,"Ruben","Quinn","Melbourne  ","Australia","3045","English","Male","","Single","0","2019-03-30","1979-04-01","Ruben.Quinn@hotmail.com","309-681-2316"
165631,"Margaret","Cross","Warsaw","Poland","00-009","Polish","Female","","Married","1","2019-07-20","1950-04-06","Margaret.Cross@ymail.com","177-493-0209"
81333,"Dario","Liu","Paris","France","75018","French","Male","","Single","0","2019-07-01","1997-06-15","Dario.Liu@gmail.com","516-624-2482"
204907,"Drew","Meadows","Stockholm","Sweden","","Swedish","Male","","Single","0","2019-01-08","1981-07-07","**~MASKED~**.**~MASKED~**@ymail.com","111-111-1111"
215775,"Lina","Shepard","Berlin","Germany","","German","Female","","Single","0","2019-05-28","1987-10-13","**~MASKED~**.**~MASKED~**@gmail.com","111-111-1111"
117390,"Felicity","Miranda","Manchester","United Kingdom","M1 1EA","English","Male","","Married","2","2020-06-18","2002-10-06","Felicity.Miranda@gmail.com","776-253-6688"
205287,"Tiffany","Clarke","Stockholm","Sweden","","Swedish","Female","","Single","0","2019-07-16","1958-09-02","**~MASKED~**.**~MASKED~**@netscape.net","111-111-1111"
201541,"Karter","Greene","Rio de Janeiro  ","Brazil","","Portuguese","Male","","Single","0","2019-06-25","1980-05-27","**~MASKED~**.**~MASKED~**@ymail.com","111-111-1111"
215197,"Tiana","Acevedo","Munich","Germany","80809","German","Male","","Married","0","2019-03-05","1961-03-28","**~MASKED~**.**~MASKED~**@excite.com","111-111-1111"
97179,"Ezra","Mccarthy","Melbourne","Australia","3002","English","Female","","Single","0","2022-02-12","1946-06-11","Ezra.Mccarthy@ymail.com","867-072-9752"
94910,"Remington","Mata","Vancouver","Canada","V5K 0A2","English","Undisclosed","","Married","2","2022-04-15","1957-10-09","Remington.Mata@aol.com","493-888-6213"
72871,"Roy","Thompson","Manchester","United Kingdom","M1 1WB","English","Female","","Married","3","2020-02-17","1994-01-14","Roy.Thompson@gmail.com","136-878-3322"
179544,"Kaia","Hardy","Delhi","India","110044","Hindi","Undisclosed","","Married","2","2019-06-08","1955-04-13","Kaia.Hardy@ymail.com","395-900-6649"
66924,"Saul","Peck","Tokyo","Japan","144-0000","Japanese","Female","","Single","0","2020-03-27","1993-04-23","Saul.Peck@gmail.com","095-831-0931"
184127,"Malakai","Phelps","Seoul","South Korea","100-195","Korean","Male","","Single","0","2021-07-05","2006-04-19","Malakai.Phelps@gmail.com","116-643-9857"
4185,"Bella","Mcknight","Toronto","Canada","M4C 3J6","English","Male","","Single","0","2019-11-10","1953-01-23","Bella.Mcknight@ymail.com","688-147-1525"
110267,"Jaylyn","Lucero","Vancouver","Canada","V5K 0A3","English","Male","","Married","1","2019-08-27","1942-07-24","Jaylyn.Lucero@ymail.com","575-124-2210"
86618,"Thalia","Hodges","Warsaw","Poland","00-049","Polish","Male","","Single","0","2019-07-19","1956-05-17","Thalia.Hodges@aol.com","801-888-3815"
11741,"Lena","Bolton","Madrid  ","Spain","28021","Spanish","Male","","Married","1","2019-06-01","1978-04-14","Lena.Bolton@hotmail.com","696-249-7088"
107369,"Steven","Lowery","Boston","United States","2125","English","Male","","Single","0","2019-05-14","1998-08-18","Steven.Lowery@gmail.com","205-914-7004"
26413,"Dashawn","Humphrey","Sao Paulo","Brazil","04849-000","Portuguese","Female","","Single","0","2019-06-11","1983-11-27","Dashawn.Humphrey@hotmail.com","362-304-2955"
216311,"Britney","Berger","Berlin","Germany","","German","Female","","Married","2","2019-09-03","1984-05-29","**~MASKED~**.**~MASKED~**@gmail.com","111-111-1111"
164002,"Paula","Jacobs","BOSTON","United States","2125","English","Female","","Married","2","2019-02-04","1954-08-05","Paula.Jacobs@ymail.com","683-512-5477"
54959,"Leticia","Romero","Boston","United States","2108","English","Male","","Married","1","2021-10-24","1971-07-06","Leticia.Romero@hotmail.com","581-429-4154"
208714,"Brennan","Singleton","Rio de Janeiro","Brazil","","Portuguese","Undisclosed","","Single","0","2019-06-18","1960-03-08","**~MASKED~**.**~MASKED~**@excite.com","111-111-1111"
208441,"Sara","Craig","Rio de Janeiro  ","Brazil","","Portuguese","Female","","Divorced/Seperated","2","2019-03-05","1960-01-19","**~MASKED~**.**~MASKED~**@netscape.net","111-111-1111"
118655,"Rylee","Tanner","Warsaw","Poland","00-050","Polish","Female","","Single","0","2020-05-01","1961-09-23","Rylee.Tanner@aol.com","692-828-4513"
42803,"Shiloh","Smith","mumbai","India","400053","Hindi","Female","","Divorced/Seperated","3","2021-05-22","1968-09-10","Shiloh.Smith@aol.com","327-425-7197"
213991,"Hope","Allison","Cape Town","South Africa","8005","English","Undisclosed","","Divorced/Seperated","2","2019-01-29","1951-03-27","**~MASKED~**.**~MASKED~**@att.net","111-111-1111"
68981,"Jeffrey","Compton","Paris  ","France","75019","French","Male","","Single","0","2019-05-09","1942-02-26","Jeffrey.Compton@ymail.com","790-573-5563"
144164,"Mitchell","Pena","Nice","France","6200","French","Female","","Married","1","2021-03-12","1974-06-21","Mitchell.Pena@hotmail.com","869-074-5299"
216731,"Lesly","Cox","Hamburg","Germany","21129","German","Female","","Single","0","2019-06-11","1967-10-31","**~MASKED~**.**~MASKED~**@usa.net","111-111-1111"
54470,"Carolina","Frank","San Mateo","United States","94402","English","Male","","Single","1","2021-08-22","2005-12-27","Carolina.Frank@gmail.com","637-408-5986"
95671,"Makayla","Stevens","Denver","United States","80019","English","Male","","Single","0","2021-01-24","2005-05-24","Makayla.Stevens@gmail.com","460-094-2099"
77492,"Adan","Miles","Nice","France","6300","French","Male","","Undisclosed","Undisclosed","2022-05-11","1941-10-01","Adan.Miles@ymail.com","056-408-6434"
58833,"Izabella","Werner","Cairo","Egypt","00000","Arabic","Undisclosed","","Single","0","2021-04-02","1999-07-02","Izabella.Werner@gmail.com","911-302-7390"
108678,"Kayden","Conner","San Mateo","United States","94403","English","Female","","Single","0","2022-02-23","1943-10-10","Kayden.Conner@ymail.com","206-972-4836"
30544,"Litzy","Clay","Munich","Germany","80809","German","Undisclosed","","Married","4","2020-06-18","1992-10-22","Litzy.Clay@gmail.com","125-862-9773"
87878,"Jamarion","Collier","Toronto","Canada","M3C 0J1","English","Male","","Single","0","2020-11-06","1999-09-25","Jamarion.Collier@gmail.com","764-132-6842"
19942,"Anaya","Gilmore","TORONTO","Canada","M4C 0A2","English","Female","","Married","1","2019-11-15","2005-10-20","Anaya.Gilmore@gmail.com","393-895-6434"
157693,"Lara","Guerra","London","United Kingdom","E1 8AH","English","Female","","Single","0","2020-11-03","1968-02-26","Lara.Guerra@aol.com","599-350-9663"
7746,"Violet","Mcmahon","Cape Town","South Africa","8005","English","Undisclosed","","Married","0","2020-11-13","1965-08-02","Violet.Mcmahon@aol.com","908-083-8239"
86183,"Jenny","Keith","montreal","Canada","H1L 1L4","English","Male","","Married","4","2021-02-19","1956-05-12","Jenny.Keith@aol.com","904-036-8293"
155526,"Ryder","Hendricks","Melbourne","Australia","3045","English","Male","","Undisclosed","Undisclosed","2021-11-06","1979-07-22","Ryder.Hendricks@hotmail.com","193-496-1826"
46865,"Leonardo","Landry","Mumbai","India","400012","Hindi","Male","","Married","2","2021-10-29","1980-11-06","Leonardo.Landry@hotmail.com","376-516-7105"
139396,"Pierce","Gibson","Paris","France","75003","French","Undisclosed","","Single","0","2022-03-28","1952-12-20","Pierce.Gibson@ymail.com","918-959-2256"
55334,"Alvin","Howell","Tokyo","Japan","180-0000","Japanese","Male","","Single","0","2020-07-04","1976-07-19","Alvin.Howell@hotmail.com","421-192-3920"
41831,"Phoenix","Rocha","Krakow","Poland","31-5","Polish","Female","","Single","0","2020-09-26","1984-04-19","Phoenix.Rocha@hotmail.com","553-903-0624"
95498,"Iyana","Schroeder","Denver","United States","80208","English","Female","","Single","0","2021-11-09","1945-02-16","Iyana.Schroeder@ymail.com","697-683-4860"
174144,"Arianna","Johnson","Melbourne","Australia","8002","English","Male","","Single","0","2021-05-06","1949-02-03","Arianna.Johnson@ymail.com","739-152-6681"
114998,"Lyric","Bernard","Denver","United States","80257","English","Female","","Single","0","2020-12-05","1958-12-08","Lyric.Bernard@aol.com","135-212-6971"
177979,"Tia","Downs","Melbourne","Australia","3004","English","Male","","Married","3","2021-06-16","1950-11-22","Tia.Downs@ymail.com","090-010-2189"
94065,"Gisselle","Bond","Delhi","India","110073","Hindi","Male","","Single","0","2021-08-10","1981-11-20","Gisselle.Bond@hotmail.com","082-663-2348"
105216,"Tess","Welch","Seoul","South Korea","100-052","Korean","Female","","Married","3","2022-03-18","1987-10-17","Tess.Welch@hotmail.com","297-500-4228"
101463,"Zain","Guerrero","delhi","India","110086","Hindi","Female","","Married","2","2020-03-01","1970-03-01","Zain.Guerrero@hotmail.com","475-141-4779"
18848,"Allison","Mccarthy","London","United Kingdom","E1 7EF","English","Female","","Married","5+","2021-11-23","1974-04-02","Allison.Mccarthy@hotmail.com","934-746-3562"
55271,"Jonas","Howe","London","United Kingdom","E1 7JB","English","Male","","Divorced/Seperated","4","2021-08-04","1996-08-08","Jonas.Howe@gmail.com","704-004-3877"
124632,"Jan","Hicks","Delhi","India","110086","Hindi","Male","","Married","3","2020-02-26","1941-01-11","Jan.Hicks@ymail.com","912-324-4191"
33223,"Deven","Cooke","mumbai","India","400002","Hindi","Male","","Single","0","2020-07-12","1988-10-01","Deven.Cooke@hotmail.com","182-964-9740"
170518,"Jayda","Garner","Paris","France","75016","French","Male","","Undisclosed","Undisclosed","2021-07-10","1974-01-01","Jayda.Garner@hotmail.com","292-789-4355"
198419,"Kayley","Haney","Mumbai","India","400097","Hindi","Male","","Married","1","2019-10-11","1966-03-21","Kayley.Haney@aol.com","336-538-2235"
106303,"Howard","Bryant","tokyo","Japan","176-0000","Japanese","Male","","Single","0","2019-07-02","1960-06-28","Howard.Bryant@aol.com","436-120-7783"
91464,"Lucy","Fleming","New York City","United States","10456","English","Male","","Single","0","2021-08-30","1964-01-13","Lucy.Fleming@aol.com","164-979-7985"
203955,"Henry","Burgess","Berlin","Germany","","German","Male","","Single","0","2019-03-12","1961-06-13","**~MASKED~**.**~MASKED~**@excite.com","111-111-1111"
54239,"Efrain","Guerra","London","United Kingdom","E1 7HT","English","Male","","Married","1","2020-03-04","1946-11-25","Efrain.Guerra@ymail.com","454-262-9575"
13574,"Anika","Valentine","Hamburg","Germany","21129","German","Female","","Undisclosed","Undisclosed","2021-10-01","1989-07-12","Anika.Valentine@gmail.com","433-070-3726"
56062,"Maya","Ayala","TOKYO","Japan","144-0000","Japanese","Male","","Married","2","2020-01-21","1994-09-28","Maya.Ayala@gmail.com","529-808-9572"
99435,"Susan","Ortiz","Boston","United States","2215","English","Female","","Married","4","2021-08-04","1965-12-02","Susan.Ortiz@aol.com","661-007-3153"
31051,"Danica","Howard","Cairo","Egypt","00000","Arabic","Female","","Married","4","2022-01-17","1940-07-09","Danica.Howard@ymail.com","349-365-3441"
171141,"Khloe","Livingston","New York City  ","United States","11211","English","Female","","Divorced/Seperated","3","2019-07-23","1972-03-08","Khloe.Livingston@hotmail.com","508-486-7205"
106505,"Bethany","Woods","Sydney","Australia","2000","English","Male","","Single","0","2019-07-24","1975-07-01","Bethany.Woods@hotmail.com","455-581-6310"
107054,"Maren","Durham","Seattle","United States","98195","English","Female","","Married","4","2021-11-02","1956-06-14","Maren.Durham@aol.com","345-454-2520"
4243,"Finley","Rosales","madrid","Spain","28021","Spanish","Male","","Divorced/Seperated","1","2020-07-21","1977-01-18","Finley.Rosales@hotmail.com","443-818-2299"
106142,"Ayden","Fields","VANCOUVER","Canada","V5K 1K7","English","Female","","Single","0","2019-03-22","2001-05-08","Ayden.Fields@gmail.com","327-598-1664"
126338,"Kaliyah","Kaufman","Vancouver","Canada","V5K 0A1","English","Male","","Single","0","2019-07-03","1953-12-04","Kaliyah.Kaufman@ymail.com","792-544-8483"
148200,"Riley","Crawford","  Melbourne","Australia","3205","English","Male","","Single","0","2020-04-26","1942-05-19","Riley.Crawford@ymail.com","572-896-6832"
197029,"Ulises","Villegas","Vancouver","Canada","V5K 1K7","English","Male","","Married","1","2020-11-18","1981-01-03","Ulises.Villegas@hotmail.com","273-519-8596"
157101,"Briley","Chapman","New York City  ","United States","11368","English","Male","","Single","0","2020-04-10","1947-11-05","Briley.Chapman@ymail.com","728-620-6752"
4510,"Celeste","Serrano","Cairo","Egypt","00000","Arabic","Female","","Married","1","2019-12-05","1945-03-12","Celeste.Serrano@ymail.com","702-602-5151"
167367,"Abbey","Cochran","Tokyo","Japan","182-0000","Japanese","Female","","Married","2","2019-08-27","1957-12-10","Abbey.Cochran@aol.com","473-579-8302"
187811,"Emilia","Cooley","Vancouver","Canada","V5K 0A2","English","Female","","Married","2","2019-08-08","2005-07-19","Emilia.Cooley@gmail.com","122-813-2471"
87748,"Yahir","Calderon","Warsaw","Poland","00-037","Polish","Female","","Single","0","2021-12-09","1980-10-21","Yahir.Calderon@hotmail.com","009-037-1388"
129502,"Amy","Rowland","SEATTLE","United States","98199","English","Male","","Single","0","2019-07-24","1949-10-03","Amy.Rowland@ymail.com","381-026-0130"
163538,"Angelo","Haynes","Warsaw","Poland","00-039","Polish","Male","","Married","1","2019-02-10","1987-05-15","Angelo.Haynes@hotmail.com","196-240-2642"
174338,"Brett","Mccann","Paris","France","75002","French","Female","","Single","0","2019-01-27","1980-05-01","Brett.Mccann@hotmail.com","818-437-4134"
39971,"Carissa","Carson","New York City","United States","10456","English","Male","","Married","3","2022-06-06","1941-06-06","Carissa.Carson@ymail.com","256-346-1362"
71449,"Lorelai","Rivera","Warsaw","Poland","00-026","Polish","Female","","Married","2","2021-12-12","1957-05-25","Lorelai.Rivera@aol.com","277-111-1238"
10678,"Lillian","Craig","Cairo","Egypt","00000","Arabic","Female","","Single","0","2019-04-09","1995-06-30","Lillian.Craig@gmail.com","679-547-0041"
93765,"Kaleb","Callahan","Manchester","United Kingdom","M1 1JT","English","Female","","Married","2","2020-09-25","1943-09-04","Kaleb.Callahan@ymail.com","170-691-6068"
82772,"Ty","Perry","Seattle","United States","98199","English","Male","","Married","2","2021-08-18","1966-07-14","Ty.Perry@aol.com","192-957-7071"
71819,"Maleah","Klein","Vancouver","Canada","V5K 2S3","English","Female","","Single","0","2021-04-16","1968-02-12","Maleah.Klein@aol.com","446-060-8914"
184989,"Stephanie","Ibarra","Toronto","Canada","M4C 3C7","English","Male","","Married","3","2019-02-04","1983-04-29","Stephanie.Ibarra@hotmail.com","599-004-6068"
204869,"Ray","Bright","Stockholm","Sweden","","Swedish","Undisclosed","","Married","3","2019-07-30","1950-05-09","**~MASKED~**.**~MASKED~**@att.net","111-111-1111"
208827,"Jessie","Hendrix","Munich","Germany","80809","German","Undisclosed","","Single","0","2019-07-30","1964-09-08","**~MASKED~**.**~MASKED~**@yahoo.com","111-111-1111"
56102,"Sheldon","Shannon","CAIRO","Egypt","00000","Arabic","Male","","Single","2","2020-07-01","1992-07-30","Sheldon.Shannon@gmail.com","752-859-4817"
190650,"Norah","Gould","Manchester","United Kingdom","M1 1ND","English","Female","","Single","1","2021-09-05","1986-02-15","Norah.Gould@hotmail.com","320-771-8080"
72761,"Johan","Tate","Paris  ","France","75003","French","Male","","Married","2","2019-11-25","1978-07-19","Johan.Tate@hotmail.com","277-944-3868"
212054,"Willie","Collins","Madrid","Spain","28021","Spanish","Female","","Married","0","2019-07-16","1981-09-01","**~MASKED~**.**~MASKED~**@ymail.com","111-111-1111"
207288,"Alexus","Roy","Cairo","Egypt","00000","Arabic","Male","","Single","0","2019-04-16","1981-10-20","**~MASKED~**.**~MASKED~**@donotdisturb.com","111-111-1111"
13378,"Keaton","Newman","Cape Town","South Africa","8005","English","Female","","Undisclosed","Undisclosed","2021-07-30","1986-10-07","Keaton.Newman@hotmail.com","592-085-8166"
149046,"Julianne","Ramsey","Tokyo","Japan","114-0000","Japanese","Female","","Married","1","2021-03-29","1945-05-01","Julianne.Ramsey@ymail.com","361-082-6717"
177950,"Amare","Williams","Delhi","India","110086","Hindi","Female","","Single","0","2022-05-30","2006-03-30","Amare.Williams@gmail.com","494-058-6390"
40153,"Davin","Ramirez","Tokyo","Japan","114-0000","Japanese","Male","","Single","0","2019-02-13","1943-07-05","Davin.Ramirez@ymail.com","574-870-7555"
136808,"Adolfo","Martin","Toronto","Canada","M4C 1X6","English","Female","","Single","0","2019-09-01","1980-06-10","Adolfo.Martin@hotmail.com","350-146-3827"
68329,"Shamar","Taylor","Munich","Germany","80809","German","Female","","Single","0","2021-05-11","1996-03-06","Shamar.Taylor@gmail.com","230-054-8172"
54106,"Ethen","Oliver","Munich","Germany","80809","German","Male","","Single","2","2020-09-30","1992-03-17","Ethen.Oliver@gmail.com","986-300-1805"
48221,"Reilly","Wilkerson","Cape Town  ","South Africa","8005","English","Male","","Undisclosed","Undisclosed","2019-02-23","1971-02-28","Reilly.Wilkerson@hotmail.com","987-636-1441"
82012,"Corey","Shepherd","Vancouver","Canada","V5K 0A6","English","Female","","Single","0","2019-02-01","1946-07-02","Corey.Shepherd@ymail.com","279-105-8994"
209132,"Lina","Deleon","Munich","Germany","80809","German","Female","","Married","4","2019-08-27","1984-12-25","**~MASKED~**.**~MASKED~**@gmail.com","111-111-1111"
154199,"Judith","Pacheco","San Mateo","United States","94010","English","Female","","Single","0","2021-08-30","1950-03-21","Judith.Pacheco@ymail.com","249-456-5347"
64501,"Madelynn","Blackburn","Sao Paulo  ","Brazil","04849-000","Portuguese","Male","","Single","0","2021-12-24","1980-07-31","Madelynn.Blackburn@hotmail.com","323-076-0514"
192310,"Jenna","Santiago","Vancouver","Canada","V5K 2S3","English","Female","","Married","5+","2020-05-29","1968-03-27","Jenna.Santiago@aol.com","388-108-7102"
33068,"Alanna","Vega","Mumbai","India","400003","Hindi","Undisclosed","","Married","1","2021-04-08","1954-06-13","Alanna.Vega@ymail.com","046-826-4181"
90641,"Kaiya","Ingram","Vancouver  ","Canada","V5K 0A1","English","Male","","Married","4","2019-02-12","1997-10-31","Kaiya.Ingram@gmail.com","324-844-1967"
9485,"Yamilet","Savage","Tokyo","Japan","180-0000","Japanese","Female","","Undisclosed","Undisclosed","2019-10-07","1953-11-23","Yamilet.Savage@ymail.com","767-426-6325"
6860,"Bo","Leonard","  Cape Town","South Africa","8005","English","Female","","Undisclosed","Undisclosed","2021-08-12","1945-07-01","Bo.Leonard@ymail.com","799-588-4705"
95629,"Jenny","Richards","Seoul","South Korea","100-250","Korean","Female","","Married","1","2020-06-02","1955-09-30","Jenny.Richards@ymail.com","551-526-0493"
16917,"Cruz","Byrd","Stockholm","Sweden","6300","Swedish","Undisclosed","","Married","5+","2022-01-29","1977-11-11","Cruz.Byrd@hotmail.com","771-474-1812"
54911,"Dashawn","French","Vancouver","Canada","V5K 0A5","English","Female","","Single","0","2020-03-16","1960-09-28","Dashawn.French@aol.com","459-343-6545"
99747,"Leah","Hartman","Vancouver","Canada","V5K 0A6","English","Undisclosed","","Single","0","2021-06-23","2000-11-07","Leah.Hartman@gmail.com","151-284-5630"
174876,"Jessie","Decker","Denver","United States","80204","English","Male","","Married","1","2021-10-30","1943-05-13","Jessie.Decker@ymail.com","774-306-8781"
32744,"Antoine","Reynolds","Madrid","Spain","28021","Spanish","Male","","Married","4","2021-04-17","1995-08-23","Antoine.Reynolds@gmail.com","741-232-6772"
32453,"Kiersten","Acosta","Mumbai","India","400005","Hindi","Female","","Married","2","2020-11-07","1967-02-06","Kiersten.Acosta@aol.com","288-439-2432"
167184,"Avery","Bond","Montreal","Canada","H2E 1T9","English","Female","","Single","0","2021-01-21","1988-10-23","Avery.Bond@hotmail.com","741-203-1669"
73475,"Livia","Ortiz","Denver","United States","80228","English","Male","","Single","1","2020-08-20","1945-10-17","Livia.Ortiz@ymail.com","115-034-2333"
194345,"Davis","Erickson","Delhi","India","110044","Hindi","Male","","Married","2","2019-01-04","1974-02-15","Davis.Erickson@hotmail.com","090-207-9179"
162430,"Ray","Diaz","Delhi","India","110041","Hindi","Female","","Divorced/Seperated","2","2021-08-13","1955-04-02","Ray.Diaz@ymail.com","066-689-9246"
121177,"Royce","Chaney","London","United Kingdom","E1 7DJ","English","Male","","Single","0","2021-07-02","1972-07-11","Royce.Chaney@hotmail.com","172-975-6563"
131270,"Savannah","Mcbride","Nice","France","6200","French","Female","","Divorced/Seperated","0","2019-08-30","1981-06-03","Savannah.Mcbride@hotmail.com","394-033-7261"
127033,"Yadiel","Huffman","New York City","United States","11368","English","Male","","Divorced/Seperated","5+","2021-08-06","2005-01-19","Yadiel.Huffman@gmail.com","069-752-2603"
751,"Juliana","Lin","Cape Town","South Africa","8005","English","Undisclosed","","Married","4","2019-10-18","1994-06-17","Juliana.Lin@gmail.com","049-455-8193"
221700,"Ethen","Pope","  Munich","Germany","80809","German","Female","","Divorced/Seperated","2","2019-02-19","1946-10-15","**~MASKED~**.**~MASKED~**@att.net","111-111-1111"
191955,"Maryjane","Pitts","Warsaw","Poland","00-011","Polish","Male","","Undisclosed","Undisclosed","2021-06-15","1956-08-31","Maryjane.Pitts@aol.com","182-648-8208"
152825,"Adalyn","Walls","Seoul","South Korea","100-043","Korean","Undisclosed","","Married","3","2020-11-06","1982-07-12","Adalyn.Walls@hotmail.com","067-435-1019"
102349,"Carsen","Espinoza","London","United Kingdom","E1 7AD","English","Female","","Divorced/Seperated","0","2022-06-09","1976-03-06","Carsen.Espinoza@hotmail.com","662-368-3677"
126492,"Tatum","Lester","Montreal","Canada","H3A 2H6","English","Female","","Undisclosed","Undisclosed","2020-08-11","1956-03-01","Tatum.Lester@aol.com","207-020-1495"
203975,"Jay","Hendricks","Berlin","Germany","","German","Undisclosed","","Single","2","2019-05-28","1960-08-16","**~MASKED~**.**~MASKED~**@excite.com","111-111-1111"
101442,"Myles","Ball","PARIS","France","75017","French","Female","","Divorced/Seperated","0","2021-07-03","1994-06-23","Myles.Ball@gmail.com","622-711-2310"
166346,"Jazmine","Johnson","Melbourne","Australia","3003","English","Female","","Single","0","2022-06-07","1990-08-17","Jazmine.Johnson@gmail.com","547-463-8819"
27119,"Steve","Chavez","Montreal","Canada","H4N 3E8","English","Male","","Married","2","2020-10-18","1980-05-06","Steve.Chavez@hotmail.com","539-988-8393"
44230,"Annalise","Watts","Madrid","Spain","28021","Spanish","Undisclosed","","Single","0","2022-03-28","1958-09-12","Annalise.Watts@aol.com","411-483-5773"
176898,"Sarai","Combs","Melbourne","Australia","8002","English","Female","","Married","2","2021-02-12","1978-01-08","Sarai.Combs@hotmail.com","714-265-8720"
63312,"Duncan","Bell","Montreal","Canada","H2E 1T9","English","Undisclosed","","Married","2","2020-09-11","2005-06-06","Duncan.Bell@gmail.com","344-511-8135"
65557,"Cyrus","Morrison","Denver","United States","80202","English","Undisclosed","","Single","0","2021-10-02","1966-10-16","Cyrus.Morrison@aol.com","637-668-3140"
200454,"Gordon","Bryan","Sao Paulo","Brazil","","Portuguese","Female","","Married","1","2019-08-27","1987-11-17","**~MASKED~**.**~MASKED~**@gmail.com","111-111-1111"
81382,"Tristen","Lynn","SAN MATEO","United States","94403","English","Male","","Divorced/Seperated","3","2020-08-18","1948-12-20","Tristen.Lynn@ymail.com","280-286-4232"
84309,"Allie","Hester","Montreal","Canada","H1X 2K6","English","Male","","Married","3","2022-03-06","1952-03-11","Allie.Hester@ymail.com","405-570-8746"
209717,"Philip","Bush","Berlin","Germany","","German","Female","","Married","2","2019-04-23","1973-10-02","**~MASKED~**.**~MASKED~**@gmail.com","111-111-1111"
221124,"Marcel","Warren","Rio de Janeiro","Brazil","","Portuguese","Female","","Married","3","2019-02-26","1949-03-08","**~MASKED~**.**~MASKED~**@att.net","111-111-1111"
157784,"Cloe","Morton","Seattle","United States","98141","English","Female","","Single","0","2020-12-24","1979-05-30","Cloe.Morton@hotmail.com","394-765-5725"
18181,"Miles","Figueroa","Rio de Janeiro  ","Brazil","22753-000","Portuguese","Female","","Single","0","2020-08-08","1985-06-10","Miles.Figueroa@hotmail.com","744-122-1725"
140077,"Ernesto","Gill","Delhi","India","110091","Hindi","Female","","Married","1","2021-04-29","1990-06-07","Ernesto.Gill@gmail.com","851-460-3382"
114366,"Zander","Olson","Seattle","United States","98185","English","Female","","Undisclosed","Undisclosed","2019-07-21","1976-11-28","Zander.Olson@hotmail.com","502-549-5718"
119947,"Trystan","Riddle","Montreal","Canada","H4N 3E8","English","Female","","Married","0","2021-07-25","2000-01-17","Trystan.Riddle@gmail.com","464-974-4665"
104377,"Frank","Cameron","Paris","France","75013","French","Male","","Married","4","2021-04-09","1942-06-24","Frank.Cameron@ymail.com","099-349-7015"
116075,"Misael","Owen","Mumbai","India","400003","Hindi","Male","","Married","1","2021-04-02","1961-07-04","Misael.Owen@aol.com","679-198-0331"
179834,"Ryker","Santana","Seoul","South Korea","100-060","Korean","Male","","Married","0","2020-05-21","1957-05-29","Ryker.Santana@aol.com","427-110-9158"
221219,"Raelynn","Rowland","Rio de Janeiro","Brazil","","Portuguese","Female","","Married","1","2019-08-06","1976-06-08","**~MASKED~**.**~MASKED~**@gmail.com","111-111-1111"
180008,"Hailie","Berg","Montreal","Canada","H3A 2H6","English","Male","","Undisclosed","Undisclosed","2021-10-22","1966-04-29","Hailie.Berg@aol.com","671-717-0643"
81953,"Autumn","Cervantes","Toronto","Canada","M4C 3M7","English","Female","","Married","2","2022-01-11","1953-03-09","Autumn.Cervantes@ymail.com","153-320-3278"
161487,"Izabella","Montgomery","Delhi","India","110044","Hindi","Female","","Married","1","2019-07-17","1966-03-08","Izabella.Montgomery@aol.com","181-864-6948"
201130,"Jocelynn","Fritz","Sao Paulo","Brazil","","Portuguese","Male","","Married","2","2019-01-01","1979-03-20","**~MASKED~**.**~MASKED~**@gmail.com","111-111-1111"
108973,"Jessica","Jackson","Denver","United States","80218","English","Female","","Married","2","2021-03-16","1980-09-25","Jessica.Jackson@hotmail.com","363-824-6282"
6887,"Veronica","Pearson","Hamburg","Germany","21129","German","Male","","Single","0","2021-12-18","1944-03-31","Veronica.Pearson@ymail.com","141-226-3417"
3215,"Matthias","Monroe","Hamburg","Germany","21129","German","Male","","Married","3","2020-09-18","1976-11-09","Matthias.Monroe@hotmail.com","713-643-9718"
58534,"Camryn","Haney","New York City","United States","10456","English","Male","","Single","0","2019-04-29","1985-06-25","Camryn.Haney@hotmail.com","353-895-9755"
63851,"Rowan","Garza","Mumbai","India","400003","Hindi","Undisclosed","","Single","0","2022-01-27","1995-06-10","Rowan.Garza@gmail.com","820-915-2695"
24994,"Destinee","Curry","Warsaw","Poland","00-044","Polish","Female","","Undisclosed","Undisclosed","2019-12-01","1943-04-20","Destinee.Curry@ymail.com","298-278-0007"
131372,"Kathy","Morrison","Tokyo","Japan","100-0400","Japanese","Male","","Single","0","2020-05-28","1978-03-16","Kathy.Morrison@hotmail.com","199-549-4825"
215406,"Agustin","Olson","Munich","Germany","80809","German","Male","","Divorced/Seperated","1","2019-02-19","1957-09-03","**~MASKED~**.**~MASKED~**@netscape.net","111-111-1111"
86348,"Emerson","Young","Sydney","Australia","2060","English","Male","","Single","0","2021-03-12","1983-12-20","Emerson.Young@hotmail.com","598-653-1558"
70453,"Dillon","Buchanan","Seoul","South Korea","100-052","Korean","Male","","Married","2","2020-05-23","1960-01-06","Dillon.Buchanan@aol.com","165-071-0714"
139075,"Myah","Melton","Warsaw","Poland","00-022","Polish","Male","","Divorced/Seperated","4","2022-03-16","1961-03-12","Myah.Melton@aol.com","347-019-4261"
113332,"Bella","Holland","Tokyo","Japan","180-0000","Japanese","Female","","Undisclosed","Undisclosed","2019-11-06","1947-05-12","Bella.Holland@ymail.com","921-646-7985"
140731,"Taliyah","Montoya","Melbourne","Australia","3207","English","Female","","Single","0","2021-08-13","1975-12-13","Taliyah.Montoya@hotmail.com","768-291-9109"
45931,"Sidney","Mcdowell","Manchester","United Kingdom","M1 1AG","English","Female","","Married","0","2022-03-22","1995-12-31","Sidney.Mcdowell@gmail.com","838-848-0542"
19033,"Haleigh","Moreno","San Mateo","United States","94010","English","Male","","Married","2","2020-10-31","1946-08-03","Haleigh.Moreno@ymail.com","244-578-1610"
122079,"Kasey","Mathews","Manchester","United Kingdom","M1 2BG","English","Female","","Married","2","2021-09-29","1942-10-30","Kasey.Mathews@ymail.com","429-539-6015"
34,"Haleigh","Blackburn","Cairo","Egypt","00000","Arabic","Female","","Married","2","2020-06-17","1964-03-04","Haleigh.Blackburn@aol.com","193-591-2488"
108353,"Benjamin","Moses","Melbourne","Australia","3010","English","Male","","Married","4","2020-12-06","1997-10-18","Benjamin.Moses@gmail.com","681-256-9856"
90768,"Owen","Cochran","San Mateo","United States","94010","English","Female","","Undisclosed","Undisclosed","2019-11-02","1995-07-21","Owen.Cochran@gmail.com","027-965-7597"
92312,"Callum","Tate","Warsaw","Poland","00-087","Polish","Male","","Married","2","2020-12-26","1953-09-29","Callum.Tate@ymail.com","917-279-4706"
66906,"Lilyana","Mccarty","Tokyo","Japan","105-0000","Japanese","Female","","Undisclosed","Undisclosed","2022-06-12","1962-12-20","Lilyana.Mccarty@aol.com","545-893-4038"
12966,"Jaime","Morton","Cape Town","South Africa","8005","English","Male","","Single","2","2022-06-02","1962-02-03","Jaime.Morton@aol.com","663-208-3344"
112695,"Isabela","Zamora","Nice","France","6206","French","Female","","Single","2","2019-03-23","1978-09-24","Isabela.Zamora@hotmail.com","537-956-0466"
102544,"Haley","Kent","Nice","France","6200","French","Male","","Divorced/Seperated","4","2019-04-05","2004-05-23","Haley.Kent@gmail.com","510-292-1065"
184931,"Iris","Luna","Vancouver","Canada","V5K 2H9","English","Female","","Single","0","2020-11-12","2005-01-24","Iris.Luna@gmail.com","281-683-3609"
206864,"Karma","Stokes","Cairo","Egypt","00000","Arabic","Male","","Single","0","2019-06-11","1969-11-18","**~MASKED~**.**~MASKED~**@aim.com","111-111-1111"
169864,"Janiya","Hart","Denver","United States","80209","English","Male","","Undisclosed","Undisclosed","2021-06-13","1994-12-04","Janiya.Hart@gmail.com","941-183-7337"
57692,"Malakai","Hodges","Cairo","Egypt","00000","Arabic","Undisclosed","","Single","0","2021-04-09","1996-11-08","Malakai.Hodges@gmail.com","570-800-7225"
31600,"Tatum","Conrad","  Mumbai","India","400029","Hindi","Male","","Married","4","2019-11-27","1974-12-02","Tatum.Conrad@hotmail.com","255-525-1868"
38952,"Jett","Hancock","Warsaw","Poland","00-066","Polish","Undisclosed","","Married","2","2020-07-06","1968-12-18","Jett.Hancock@aol.com","414-736-3511"
127719,"Matthias","Villegas","Mumbai","India","400004","Hindi","Female","","Single","0","2019-07-25","1971-04-25","Matthias.Villegas@hotmail.com","233-708-2517"
157601,"Arianna","Gaines","San Mateo  ","United States","94403","English","Female","","Divorced/Seperated","3","2020-11-30","1969-04-10","Arianna.Gaines@aol.com","317-555-0365"
38054,"Julie","Mcbride","Rio de Janeiro","Brazil","22753-000","Portuguese","Female","","Single","0","2019-10-03","1964-12-27","Julie.Mcbride@aol.com","705-202-4606"
18514,"Branden","Webster","Madrid","Spain","28021","Spanish","Male","","Single","0","2019-10-17","1982-11-23","Branden.Webster@hotmail.com","720-839-2627"
202295,"Tony","Parrish","Rio de Janeiro","Brazil","","Portuguese","Undisclosed","","Single","0","2019-04-23","1962-10-09","**~MASKED~**.**~MASKED~**@msn.com","111-111-1111"
149234,"Natalia","Zavala","Montreal","Canada","H4N 3E8","English","Male","","Single","1","2020-03-26","1982-06-08","Natalia.Zavala@hotmail.com","236-414-1985"
46120,"Talan","Pineda","  Montreal","Canada","H2J 3E3","English","Male","","Undisclosed","Undisclosed","2019-07-21","1981-05-12","Talan.Pineda@hotmail.com","736-560-0217"
106208,"Sylvia","Mckay","San Mateo","United States","94404","English","Undisclosed","","Married","0","2019-01-31","1971-11-15","Sylvia.Mckay@hotmail.com","238-710-1705"
193889,"Cayden","Herrera","Sydney","Australia","2000","English","Female","","Married","0","2022-02-06","1972-05-22","Cayden.Herrera@hotmail.com","525-467-5202"
85114,"Anabel","Arias","Mumbai","India","400051","Hindi","Female","","Divorced/Seperated","4","2020-12-21","1974-03-08","Anabel.Arias@hotmail.com","730-918-2105"
86621,"Natalie","Wang","Mumbai  ","India","400012","Hindi","Male","","Married","0","2021-07-10","1967-04-14","Natalie.Wang@aol.com","079-112-2582"
211382,"Giancarlo","Meadows","STOCKHOLM","Sweden","","Swedish","Female","","Divorced/Seperated","2","2019-08-13","1947-05-20","**~MASKED~**.**~MASKED~**@att.net","111-111-1111"
15694,"Leroy","Hines","London","United Kingdom","E1 7JD","English","Male","","Married","3","2021-10-07","1947-03-05","Leroy.Hines@ymail.com","895-867-5040"
7905,"Van","Rivera","Munich","Germany","80809","German","Male","","Married","3","2021-12-15","1966-10-14","Van.Rivera@aol.com","427-802-8529"
178027,"Oliver","Forbes","Denver","United States","80202","English","Female","","Undisclosed","Undisclosed","2022-02-25","1986-07-28","Oliver.Forbes@hotmail.com","299-339-0011"
173242,"Liliana","Singh","MUMBAI","India","400099","Hindi","Undisclosed","","Married","4","2019-12-17","1969-05-20","Liliana.Singh@aol.com","749-760-3308"
37156,"Javier","Pittman","Sao Paulo","Brazil","04849-000","Portuguese","Female","","Married","2","2019-06-20","1947-10-05","Javier.Pittman@ymail.com","857-188-0231"
5259,"Brennen","Kelley","Sao Paulo","Brazil","04849-000","Portuguese","Female","","Married","2","2022-03-22","1992-11-16","Brennen.Kelley@gmail.com","024-721-2795"
159984,"Isabella","Wilkerson","Paris","France","75014","French","Female","","Undisclosed","Undisclosed","2021-07-17","2001-08-03","Isabella.Wilkerson@gmail.com","444-926-6590"
164694,"Lane","Neal","London","United Kingdom","E1 7LX","English","Female","","Divorced/Seperated","2","2019-01-07","1943-10-03","Lane.Neal@ymail.com","328-975-7180"
132127,"Adan","Mclean","Delhi","India","110042","Hindi","Male","","Married","3","2020-12-23","1979-06-05","Adan.Mclean@hotmail.com","732-790-4141"
42414,"London","Payne","London","United Kingdom","E1 7JA","English","Female","","Divorced/Seperated","1","2019-02-22","1961-10-02","London.Payne@aol.com","001-906-4586"
203059,"Esparza","Reed","Berlin","Germany","","German","Male","","Married","2","2019-09-03","1972-07-25","**~MASKED~**.**~MASKED~**@gmail.com","111-111-1111"
87222,"Makayla","Johns","SYDNEY","Australia","2020","English","Female","","Undisclosed","Undisclosed","2020-11-22","1992-11-19","Makayla.Johns@gmail.com","626-318-2582"
81321,"Lola","Callahan","Mumbai  ","India","400092","Hindi","Female","","Married","1","2022-05-13","1980-05-26","Lola.Callahan@hotmail.com","673-550-7005"
127472,"Brayden","Rivers","Tokyo","Japan","114-0000","Japanese","Undisclosed","","Single","0","2019-10-21","1948-06-30","Brayden.Rivers@ymail.com","553-883-0101"
161979,"Jaden","Hickman","Nice","France","6300","French","Undisclosed","","Divorced/Seperated","0","2022-06-27","1998-08-23","Jaden.Hickman@gmail.com","225-456-2175"
214289,"Shannon","Ellison","Cape Town","South Africa","8005","English","Female","","Married","1","2019-06-25","1950-02-28","**~MASKED~**.**~MASKED~**@att.net","111-111-1111"
104611,"Konner","Lynch","New York City","United States","11220","English","Undisclosed","","Married","1","2019-07-03","1950-05-18","Konner.Lynch@ymail.com","631-559-0132"
38946,"Dawson","Reed","Toronto","Canada","M4C 1L8","English","Female","","Single","0","2021-11-21","1943-07-20","Dawson.Reed@ymail.com","210-428-2875"
109272,"Nyla","Roman","Melbourne","Australia","3045","English","Female","","Single","0","2021-05-08","1995-03-13","Nyla.Roman@gmail.com","105-714-5548"
30531,"Craig","Reynolds","London","United Kingdom","E1 7AY","English","Undisclosed","","Married","4","2021-04-29","1945-07-03","Craig.Reynolds@ymail.com","328-493-3999"
78215,"Taliyah","Guerrero","Seoul","South Korea","100-051","Korean","Female","","Single","0","2021-12-17","1955-12-08","Taliyah.Guerrero@ymail.com","425-178-0974"
110624,"Charlee","Gross","Vancouver","Canada","V5K 0A1","English","Male","","Married","1","2020-02-23","1947-11-30","Charlee.Gross@ymail.com","546-949-0271"
24607,"Dashawn","Munoz","Toronto","Canada","M4C 1E7","English","Male","","Married","4","2021-05-20","1956-09-20","Dashawn.Munoz@aol.com","696-813-7013"
144294,"Tyler","Schmitt","Montreal","Canada","H2P 1L1","English","Male","","Married","0","2019-04-30","1977-05-02","Tyler.Schmitt@hotmail.com","805-410-3472"
89442,"Easton","Mcdaniel","VANCOUVER","Canada","V5K 2E6","English","Male","","Married","0","2021-04-11","1965-08-16","Easton.Mcdaniel@aol.com","239-528-1255"
163120,"Shelby","Rosales","  Montreal","Canada","H1X 2K6","English","Male","","Divorced/Seperated","4","2019-06-09","1987-01-16","Shelby.Rosales@hotmail.com","030-392-3402"
75304,"Simone","Wilcox","Seoul","South Korea","100-011","Korean","Male","","Married","2","2021-02-28","1967-02-22","Simone.Wilcox@aol.com","397-948-0450"
2567,"Alani","Warner","Hamburg","Germany","21129","German","Female","","Single","0","2020-05-11","1968-12-02","Alani.Warner@aol.com","983-874-0445"
113699,"Ronnie","Gonzalez","Paris","France","75018","French","Female","","Married","0","2019-02-07","1941-01-18","Ronnie.Gonzalez@ymail.com","957-102-5415"
109016,"Kennedi","Chung","Sydney","Australia","2006","English","Female","","Single","0","2020-08-09","1964-05-06","Kennedi.Chung@aol.com","157-884-9433"
145137,"Jillian","Rush","San Mateo","United States","94402","English","Female","","Single","1","2022-01-16","1965-06-06","Jillian.Rush@aol.com","079-255-4440"
182632,"Janiah","Price","Melbourne","Australia","3010","English","Female","","Single","0","2019-07-26","1967-03-15","Janiah.Price@aol.com","186-389-1851"
183451,"Hailie","Gilmore","Manchester","United Kingdom","M1 1ES","English","Male","","Married","4","2020-12-06","1969-07-22","Hailie.Gilmore@aol.com","155-047-8175"
179905,"Nyasia","Krause","New York City","United States","11368","English","Female","","Married","2","2022-05-14","1940-11-27","Nyasia.Krause@ymail.com","470-560-4553"
22975,"Nolan","Morton","New York City","United States","11373","English","Female","","Single","0","2022-05-10","1955-12-24","Nolan.Morton@ymail.com","140-065-2782"
214982,"Amira","Grant","RIO DE JANEIRO","Brazil","","Portuguese","Female","","Married","2","2019-01-22","1974-02-19","**~MASKED~**.**~MASKED~**@gmail.com","111-111-1111"
64109,"June","Frost","Montreal","Canada","H1X 2K6","English","Female","","Married","2","2022-02-03","1998-12-26","June.Frost@gmail.com","191-823-0123"
189104,"Madalyn","Kelley","Paris","France","75014","French","Female","","Married","2","2020-02-11","1986-01-22","Madalyn.Kelley@hotmail.com","728-562-1754"
126325,"German","Lara","Melbourne","Australia","3205","English","Female","","Single","0","2019-11-30","2005-08-22","German.Lara@gmail.com","254-415-7553"
208501,"Adriel","Park","Rio de Janeiro  ","Brazil","","Portuguese","Male","","Single","2","2019-06-25","1961-08-15","**~MASKED~**.**~MASKED~**@excite.com","111-111-1111"
117701,"Cory","Zhang","Warsaw  ","Poland","00-074","Polish","Male","","Married","1","2021-11-25","1964-03-03","Cory.Zhang@aol.com","073-745-8440"
43304,"Sanai","Woodard","Toronto","Canada","M4C 1V8","English","Female","","Single","0","2019-09-17","1948-03-01","Sanai.Woodard@ymail.com","250-984-9724"
98487,"Jaylee","Meadows","Manchester","United Kingdom","M1 2BF","English","Male","","Married","4","2021-06-17","1986-09-17","Jaylee.Meadows@hotmail.com","050-968-1266"
165039,"Alexzander","Mendoza","Boston","United States","2125","English","Female","","Single","0","2019-04-10","1999-09-27","Alexzander.Mendoza@gmail.com","720-459-4582"
29518,"Marlee","Kim","Mumbai","India","400033","Hindi","Male","","Married","1","2021-11-30","1988-10-15","Marlee.Kim@hotmail.com","670-790-9246"
202628,"Coby","Mora","Munich","Germany","80809","German","Male","","Married","1","2019-03-12","1954-03-23","**~MASKED~**.**~MASKED~**@att.net","111-111-1111"
138320,"Charlie","Moore","  Denver","United States","80205","English","Female","","Married","1","2019-07-06","1993-06-29","Charlie.Moore@gmail.com","287-247-6334"
122997,"Noemi","Green","Mumbai","India","400069","Hindi","Undisclosed","","Single","0","2020-08-20","1970-11-24","Noemi.Green@hotmail.com","072-187-2467"
150403,"Eric","Phelps","melbourne","Australia","3004","English","Female","","Single","0","2019-08-02","1944-03-29","Eric.Phelps@ymail.com","904-780-3452"
213779,"Chaz","Callahan","Cape Town","South Africa","8005","English","Male","","Married","1","2019-02-05","1974-09-17","**~MASKED~**.**~MASKED~**@gmail.com","111-111-1111"
9059,"Jairo","Christian","Sao Paulo","Brazil","04849-000","Portuguese","Female","","Divorced/Seperated","0","2020-02-03","1996-05-08","Jairo.Christian@gmail.com","367-141-3598"
155050,"Nick","Steele","Seattle","United States","98101","English","Male","","Married","0","2021-06-04","1952-07-16","Nick.Steele@ymail.com","097-836-7933"
133300,"Iris","Ewing","  Seoul","South Korea","100-273","Korean","Male","","Divorced/Seperated","2","2020-04-16","1973-06-26","Iris.Ewing@hotmail.com","649-414-2497"
53275,"Maddison","Ochoa","Cairo","Egypt","00000","Arabic","Undisclosed","","Single","0","2020-04-27","1964-07-07","Maddison.Ochoa@aol.com","818-470-8582"
172084,"Amirah","Santos","Boston","United States","2135","English","Male","","Divorced/Seperated","2","2019-04-07","1953-03-10","Amirah.Santos@ymail.com","201-050-4720"
115227,"Macie","Key","Manchester","United Kingdom","M1 1FS","English","Female","","Divorced/Seperated","4","2020-01-21","1947-05-14","Macie.Key@ymail.com","095-790-6411"
154035,"Dwayne","Barron","Nice","France","6206","French","Female","","Divorced/Seperated","1","2021-09-25","1985-04-12","Dwayne.Barron@hotmail.com","336-136-8143"
96919,"Ellis","Hogan","Tokyo","Japan","205-0000","Japanese","Female","","Single","0","2019-03-23","1992-10-26","Ellis.Hogan@gmail.com","298-431-3286"
87184,"Derrick","Dougherty","Seattle","United States","98103","English","Male","","Undisclosed","Undisclosed","2019-01-30","1977-01-09","Derrick.Dougherty@hotmail.com","872-382-6053"
50167,"Rey","Mccall","Stockholm","Sweden","600","Swedish","Female","","Single","0","2022-06-27","1980-04-02","Rey.Mccall@hotmail.com","055-028-4436"
215738,"Tyrone","Guerrero","Berlin","Germany","","German","Male","","Undisclosed","Undisclosed","2019-02-12","1964-03-03","**~MASKED~**.**~MASKED~**@msn.com","111-111-1111"
76952,"Warren","Forbes","Vancouver","Canada","V5K 2S3","English","Male","","Married","1","2021-05-05","1976-03-12","Warren.Forbes@hotmail.com","081-178-5311"
213707,"Violet","Bentley","Cairo","Egypt","00000","Arabic","Female","","Single","2","2019-05-14","1986-06-10","**~MASKED~**.**~MASKED~**@gmail.com","111-111-1111"
100710,"Kara","Barrett","Vancouver","Canada","V5K 2H9","English","Female","","Single","0","2022-03-14","1965-01-17","Kara.Barrett@aol.com","644-833-1121"
119468,"Alissa","Evans","Seoul","South Korea","100-051","Korean","Female","","Single","0","2019-10-29","1963-05-09","Alissa.Evans@aol.com","390-321-0553"
49411,"Manuel","Alexander","Seoul","South Korea","100-210","Korean","Male","","Single","0","2019-10-18","1944-06-29","Manuel.Alexander@ymail.com","659-492-8357"
175875,"Maria","Bass","Manchester","United Kingdom","M1 1LW","English","Female","","Married","0","2019-07-27","1946-01-25","Maria.Bass@ymail.com","322-249-8550"
66685,"Kristin","Young","Toronto","Canada","M4C 3C7","English","Female","","Married","2","2020-04-01","1999-07-25","Kristin.Young@gmail.com","055-680-9054"
150588,"Layton","Bailey","Seoul","South Korea","100-013","Korean","Male","","Single","0","2022-03-01","1977-07-19","Layton.Bailey@hotmail.com","218-943-3757"
757,"Lorenzo","Gay","Krakow","Poland","31-5","Polish","Male","","Single","0","2022-05-04","1952-04-23","Lorenzo.Gay@ymail.com","187-167-8015"
172328,"Kaia","Espinoza","Nice","France","6300","French","Female","","Married","2","2019-08-19","1960-05-27","Kaia.Espinoza@aol.com","340-964-4085"
196773,"Mark","Collier","Mumbai","India","400013","Hindi","Male","","Married","0","2019-11-23","1956-10-25","Mark.Collier@aol.com","003-957-4088"
222395,"Jovanni","Gross","Berlin","Germany","","German","Undisclosed","","Married","0","2019-03-19","1961-11-28","**~MASKED~**.**~MASKED~**@excite.com","111-111-1111"
158244,"Charlee","Thomas","Montreal","Canada","H3M 1R6","English","Male","","Divorced/Seperated","2","2021-09-14","1967-09-16","Charlee.Thomas@aol.com","057-665-0784"
175036,"Kaydence","Moreno","Tokyo","Japan","176-0000","Japanese","Female","","Married","4","2021-01-13","1972-12-10","Kaydence.Moreno@hotmail.com","588-644-3575"
134000,"Ayana","Abbott","  Vancouver","Canada","V5K 1K7","English","Female","","Married","2","2020-04-06","1985-01-01","Ayana.Abbott@hotmail.com","448-725-2802"
195979,"Quinten","Haynes","Tokyo","Japan","100-0400","Japanese","Male","","Married","3","2019-01-01","1961-07-01","Quinten.Haynes@aol.com","487-204-8748"
166861,"Luke","Curtis","Seoul  ","South Korea","100-013","Korean","Female","","Undisclosed","Undisclosed","2022-03-08","1957-05-08","Luke.Curtis@aol.com","158-610-3266"
34671,"Reina","Fischer","San Mateo","United States","94010","English","Female","","Single","0","2019-08-13","1975-07-05","Reina.Fischer@hotmail.com","531-966-4747"
105803,"Emmy","Coffey","san mateo","United States","94401","English","Female","","Single","0","2021-04-06","1945-11-01","Emmy.Coffey@ymail.com","143-595-2580"
30921,"Angelina","Reed","Rio de Janeiro  ","Brazil","22753-000","Portuguese","Female","","Married","3","2019-05-23","1956-07-28","Angelina.Reed@aol.com","232-431-4966"
31706,"Kareem","Aguirre","Cape Town","South Africa","8005","English","Female","","Single","2","2019-07-14","1963-01-11","Kareem.Aguirre@aol.com","918-488-2235"
72892,"Olive","Woodward","Delhi","India","110073","Hindi","Male","","Divorced/Seperated","1","2019-08-30","1984-03-24","Olive.Woodward@hotmail.com","448-230-2802"
58814,"Quintin","Anderson","Sao Paulo","Brazil","04849-000","Portuguese","Male","","Married","4","2020-12-13","2006-03-05","Quintin.Anderson@gmail.com","510-839-4637"
171232,"Mattie","Howell","Warsaw","Poland","00-005","Polish","Female","","Single","0","2019-02-24","1977-02-01","Mattie.Howell@hotmail.com","114-454-7554"
107560,"Izabelle","Simon","  Seoul","South Korea","100-250","Korean","Male","","Married","2","2019-04-01","2001-12-16","Izabelle.Simon@gmail.com","360-628-1182"
221727,"Wesley","Meza","Munich","Germany","80809","German","Male","","Single","0","2019-04-09","1991-07-09","**~MASKED~**.**~MASKED~**@netscape.net","111-111-1111"
57205,"Azul","Carney","Seoul","South Korea","100-011","Korean","Undisclosed","","Single","0","2019-02-08","1972-07-19","Azul.Carney@hotmail.com","159-338-3890"
115120,"Shiloh","Beard","  Mumbai","India","400030","Hindi","Male","","Undisclosed","Undisclosed","2019-06-29","1945-11-08","Shiloh.Beard@ymail.com","560-896-6696"
159584,"Joey","Davenport","Seattle","United States","98185","English","Male","","Married","4","2021-06-03","2000-04-23","Joey.Davenport@gmail.com","271-581-2624"
75382,"Hunter","Cortez","DELHI","India","110006","Hindi","Female","","Married","4","2019-10-30","2002-11-30","Hunter.Cortez@gmail.com","078-625-9611"
150238,"Jessie","Duke","Seattle","United States","98199","English","Male","","Married","3","2022-02-19","1968-05-31","Jessie.Duke@aol.com","646-570-9989"
103391,"Britney","Yu","Paris","France","75013","French","Male","","Married","0","2020-02-28","1982-05-18","Britney.Yu@hotmail.com","671-160-1489"
25446,"Keyla","Pham","Warsaw","Poland","00-056","Polish","Male","","Undisclosed","Undisclosed","2022-02-16","1995-05-12","Keyla.Pham@gmail.com","222-665-6601"
185343,"Rylan","Proctor","delhi","India","110084","Hindi","Male","","Single","0","2019-01-31","1941-06-22","Rylan.Proctor@ymail.com","206-550-9120"
200393,"Ali","Vega","Sao Paulo","Brazil","","Portuguese","Female","","Single","0","2019-02-05","1976-01-20","**~MASKED~**.**~MASKED~**@gmail.com","111-111-1111"
108195,"Giovani","Bruce","Montreal","Canada","H4E 1B5","English","Male","","Married","1","2019-11-18","1995-08-21","Giovani.Bruce@gmail.com","701-861-2179"
40903,"Britney","Frey","toronto","Canada","M3C 0C1","English","Male","","Married","2","2019-09-15","1947-05-21","Britney.Frey@ymail.com","465-270-7631"
9572,"Quinn","Washington","New York City","United States","11368","English","Male","","Married","2","2020-12-19","1945-05-07","Quinn.Washington@ymail.com","569-763-2840"
60754,"Yadiel","Duffy","Seoul","South Korea","100-195","Korean","Male","","Divorced/Seperated","3","2021-08-03","1998-03-06","Yadiel.Duffy@gmail.com","536-264-0962"
8699,"Gunner","Olson","Hamburg","Germany","21129","German","Female","","Undisclosed","Undisclosed","2021-08-15","1991-08-03","Gunner.Olson@gmail.com","251-698-8739"
99299,"Bridger","Miller","Seoul","South Korea","100-012","Korean","Male","","Married","2","2019-07-20","1999-01-14","Bridger.Miller@gmail.com","641-144-2250"
143670,"Bethany","Pena","San Mateo","United States","94403","English","Male","","Married","0","2019-07-09","1970-05-13","Bethany.Pena@hotmail.com","010-231-3398"
15065,"Zander","Chambers","Hamburg","Germany","21129","German","Female","","Married","2","2020-11-13","1974-01-08","Zander.Chambers@hotmail.com","214-183-4931"
84034,"Damari","Mccall","London","United Kingdom","E1 7EA","English","Male","","Divorced/Seperated","3","2021-01-29","1989-12-27","Damari.Mccall@gmail.com","235-988-7030"
70,"Haley","Cantrell","Madrid","Spain","28021","Spanish","Female","","Married","1","2021-01-15","1985-11-28","Haley.Cantrell@hotmail.com","649-230-4103"
122897,"Damari","Coffey","Manchester","United Kingdom","M1 1FL","English","Female","","Single","0","2019-04-05","1942-09-07","Damari.Coffey@ymail.com","213-048-6027"
41297,"Joe","Rich","Denver","United States","80271","English","Undisclosed","","Single","0","2021-09-12","1958-09-04","Joe.Rich@aol.com","798-885-0672"
44476,"Camille","Wolfe","Sydney","Australia","2020","English","Female","","Single","1","2019-06-06","2002-05-05","Camille.Wolfe@gmail.com","503-986-0951"
35150,"Ellie","Mckenzie","Rio de Janeiro","Brazil","22753-000","Portuguese","Undisclosed","","Single","0","2019-05-07","1995-04-04","Ellie.Mckenzie@gmail.com","133-033-1112"
140441,"Ximena","Benjamin","Denver  ","United States","80211","English","Female","","Single","0","2022-01-14","1954-03-22","Ximena.Benjamin@ymail.com","062-904-8565"
55192,"Alena","Waters","Seoul","South Korea","100-210","Korean","Male","","Married","2","2020-01-14","1975-01-04","Alena.Waters@hotmail.com","790-055-7641"
111173,"Davion","Lamb","Nice","France","600","French","Male","","Single","0","2020-11-19","1993-09-09","Davion.Lamb@gmail.com","164-388-0416"
128749,"Lindsay","Anderson","Vancouver","Canada","V5K 2E6","English","Female","","Single","2","2021-12-17","1957-06-09","Lindsay.Anderson@aol.com","710-064-9212"
144147,"Cruz","Watts","London","United Kingdom","E1 7DG","English","Undisclosed","","Married","4","2022-04-20","1954-09-09","Cruz.Watts@ymail.com","525-561-3752"
190001,"Kassandra","Arellano","Nice  ","France","6100","French","Male","","Undisclosed","Undisclosed","2021-07-09","1964-12-16","Kassandra.Arellano@aol.com","408-092-1805"
138315,"Melanie","Valdez","Manchester","United Kingdom","M1 1FY","English","Female","","Married","2","2019-08-07","1976-08-28","Melanie.Valdez@hotmail.com","222-640-6845"
81872,"Austin","Valenzuela","Seattle","United States","98195","English","Male","","Married","2","2019-08-20","1957-09-26","Austin.Valenzuela@aol.com","590-579-6471"
33919,"Holden","Combs","Boston","United States","2135","English","Male","","Married","5+","2020-07-25","1940-01-17","Holden.Combs@ymail.com","399-666-2784"
125817,"Grant","Horton","Warsaw","Poland","00-076","Polish","Female","","Single","0","2020-10-10","1963-03-22","Grant.Horton@aol.com","007-445-0510"
173043,"Kyle","Weiss","manchester","United Kingdom","M1 1EZ","English","Undisclosed","","Single","0","2021-05-15","2006-01-08","Kyle.Weiss@gmail.com","255-229-4827"
33662,"Charlie","Gordon","TOKYO","Japan","176-0000","Japanese","Female","","Single","0","2021-01-31","1947-09-09","Charlie.Gordon@ymail.com","151-557-8064"
89406,"Mark","Crawford","Seoul","South Korea","100-053","Korean","Female","","Single","0","2019-03-23","2005-08-31","Mark.Crawford@gmail.com","728-613-5877"
64705,"Nico","Hutchinson","London","United Kingdom","E1 8AH","English","Undisclosed","","Divorced/Seperated","2","2021-02-11","2005-03-06","Nico.Hutchinson@gmail.com","985-095-2674"
14069,"Jerimiah","Winters","Rio de Janeiro","Brazil","22753-000","Portuguese","Female","","Divorced/Seperated","4","2019-10-02","1963-03-25","Jerimiah.Winters@aol.com","259-263-9408"
122764,"Gordon","Becker","Tokyo","Japan","180-0000","Japanese","Female","","Divorced/Seperated","1","2021-12-01","1992-10-12","Gordon.Becker@gmail.com","264-037-1327"
162380,"Philip","Gates","  Delhi","India","110073","Hindi","Female","","Married","1","2020-09-09","1959-12-25","Philip.Gates@aol.com","836-945-6499"
85019,"Alessandra","Singh","Delhi","India","110090","Hindi","Male","","Married","1","2020-05-06","2001-11-30","Alessandra.Singh@gmail.com","014-322-0819"
134179,"Adam","Harper","Mumbai","India","400066","Hindi","Male","","Undisclosed","Undisclosed","2021-11-05","1999-05-02","Adam.Harper@gmail.com","025-818-8388"
3523,"Vivian","Lane","stockholm","Sweden","6206","Swedish","Male","","Married","0","2021-07-11","1970-06-19","Vivian.Lane@hotmail.com","682-554-1991"
154764,"Lillie","Figueroa","Toronto","Canada","M4C 1X6","English","Female","","Divorced/Seperated","4","2021-05-24","1975-06-08","Lillie.Figueroa@hotmail.com","508-441-5331"
173679,"Lilliana","Carrillo","Boston","United States","2125","English","Female","","Single","0","2020-10-22","1952-12-01","Lilliana.Carrillo@ymail.com","092-634-3792"
164638,"Harley","Li","Paris","France","75003","French","Male","","Single","0","2020-09-19","1964-09-20","Harley.Li@aol.com","347-303-5261"
178926,"Laney","Rodgers","Delhi","India","110084","Hindi","Male","","Married","2","2019-12-01","1944-11-07","Laney.Rodgers@ymail.com","143-766-8660"
18711,"Adeline","Martin","Rio de Janeiro","Brazil","22753-000","Portuguese","Female","","Single","0","2021-03-23","2005-01-24","Adeline.Martin@gmail.com","085-977-9741"
136995,"Isabela","Caldwell","Tokyo","Japan","114-0000","Japanese","Male","","Married","1","2020-04-30","1974-01-24","Isabela.Caldwell@hotmail.com","577-307-3391"
93786,"Gianna","Hogan","Mumbai","India","400001","Hindi","Male","","Married","1","2021-04-25","1966-08-14","Gianna.Hogan@aol.com","444-115-1662"
95179,"Daniel","Martin","Tokyo","Japan","205-0000","Japanese","Female","","Single","0","2020-01-24","1957-07-20","Daniel.Martin@aol.com","527-272-8220"
51798,"Addisyn","Key","Boston","United States","2108","English","Male","","Single","0","2020-02-11","1990-07-27","Addisyn.Key@gmail.com","502-057-9568"
178722,"Abbey","Bryan","DELHI","India","110073","Hindi","Female","","Single","0","2021-08-12","1995-01-28","Abbey.Bryan@gmail.com","634-602-0748"
106886,"Londyn","Joseph","Tokyo","Japan","180-0000","Japanese","Undisclosed","","Divorced/Seperated","2","2020-12-07","1959-02-21","Londyn.Joseph@aol.com","249-620-4104"
20201,"Areli","Cisneros","London  ","United Kingdom","E1 7AF","English","Undisclosed","","Married","4","2020-03-06","1940-08-06","Areli.Cisneros@ymail.com","575-542-3494"
55510,"Marcel","Harrington","London","United Kingdom","E1 7ES","English","Female","","Single","0","2022-02-06","1988-04-14","Marcel.Harrington@hotmail.com","028-266-7672"
216513,"Van","Carr","Berlin","Germany","","German","Female","","Single","0","2019-08-06","1989-05-02","**~MASKED~**.**~MASKED~**@hotmail.com","111-111-1111"
184028,"Noah","Bonilla","Boston","United States","2128","English","Male","","Single","0","2021-08-30","1955-04-22","Noah.Bonilla@ymail.com","233-174-2034"
158681,"Janiyah","Peters","Delhi  ","India","110042","Hindi","Male","","Married","4","2020-03-28","1972-06-26","Janiyah.Peters@hotmail.com","077-012-8858"
94523,"Kamila","Irwin","new york city","United States","10025","English","Male","","Undisclosed","Undisclosed","2021-06-22","1958-07-01","Kamila.Irwin@aol.com","647-513-2571"
49502,"Yusuf","Beasley","NEW YORK CITY","United States","11220","English","Female","","Married","2","2019-03-20","1949-07-25","Yusuf.Beasley@ymail.com","650-291-3788"
199772,"Lillian","Bradford","Boston","United States","2134","English","Male","","Single","0","2022-04-09","1984-05-06","Lillian.Bradford@hotmail.com","332-806-3925"
195868,"Danika","Krause","Melbourne","Australia","3010","English","Female","","Divorced/Seperated","1","2020-12-23","1978-09-17","Danika.Krause@hotmail.com","541-394-5958"
81626,"Damarion","Wilkinson","Seattle","United States","98141","English","Female","","Single","1","2021-04-28","1982-08-07","Damarion.Wilkinson@hotmail.com","080-043-3096"
191890,"Alina","Middleton","Mumbai","India","400001","Hindi","Female","","Single","0","2019-12-16","1959-08-13","Alina.Middleton@aol.com","917-728-0207"
110594,"Ronald","Bentley","Boston","United States","2134","English","Female","","Married","2","2019-08-19","1966-04-11","Ronald.Bentley@aol.com","838-005-8069"
144328,"Nadia","Yu","Manchester","United Kingdom","M1 1FL","English","Female","","Married","0","2021-12-30","1960-02-02","Nadia.Yu@aol.com","697-797-1981"
105514,"Danika","Joseph","Manchester","United Kingdom","M1 1AN","English","Female","","Single","0","2021-05-18","1946-04-17","Danika.Joseph@ymail.com","527-179-8274"
153394,"Brooke","Hopkins","Manchester","United Kingdom","M1 1BY","English","Female","","Single","0","2021-01-09","1972-09-15","Brooke.Hopkins@hotmail.com","565-684-7356"
212199,"Deangelo","Young","Madrid","Spain","28021","Spanish","Female","","Married","2","2019-04-02","1976-08-17","**~MASKED~**.**~MASKED~**@gmail.com","111-111-1111"
123005,"Justus","Willis","Vancouver","Canada","V5K 2J8","English","Male","","Married","5+","2020-09-12","2000-05-24","Justus.Willis@gmail.com","660-128-0517"
46242,"Rylee","Walters","MADRID","Spain","28021","Spanish","Female","","Single","0","2021-08-13","1973-02-14","Rylee.Walters@hotmail.com","014-325-1070"
34549,"Alena","Schultz","Krakow","Poland","31-5","Polish","Male","","Married","2","2021-11-25","1953-04-23","Alena.Schultz@ymail.com","728-027-9437"
9083,"Hunter","Morgan","sao paulo","Brazil","04849-000","Portuguese","Female","","Married","2","2022-01-15","1964-06-14","Hunter.Morgan@aol.com","588-394-3334"
210535,"Kate","Hurley","Hamburg","Germany","21129","German","Male","","Undisclosed","Undisclosed","2019-04-16","1983-05-24","**~MASKED~**.**~MASKED~**@donotdisturb.com","111-111-1111"
11992,"Alfred","Wilson","Sao Paulo","Brazil","04849-000","Portuguese","Male","","Single","0","2019-11-22","1980-11-13","Alfred.Wilson@hotmail.com","079-652-8966"
41082,"Raegan","Black","MANCHESTER","United Kingdom","M1 1EZ","English","Male","","Married","1","2019-07-26","1993-01-09","Raegan.Black@gmail.com","271-399-4360"
41173,"Ellie","Mcfarland","Warsaw","Poland","00-011","Polish","Male","","Single","0","2020-07-10","1987-05-14","Ellie.Mcfarland@hotmail.com","604-055-8642"
186713,"Corey","Andrews","Paris","France","75005","French","Female","","Married","2","2020-05-25","1981-10-05","Corey.Andrews@hotmail.com","295-316-0200"
70980,"Madeleine","Maynard","  Seoul","South Korea","100-011","Korean","Male","","Single","0","2019-02-19","1980-01-09","Madeleine.Maynard@hotmail.com","137-879-4472"
182201,"Lina","Delgado","Tokyo  ","Japan","176-0000","Japanese","Female","","Single","0","2020-07-17","1966-08-05","Lina.Delgado@aol.com","631-312-6305"
111972,"Sasha","Crosby","Sydney","Australia","2127","English","Male","","Married","1","2021-05-11","1990-12-23","Sasha.Crosby@gmail.com","535-538-1788"
37502,"Mathew","Anderson","CAIRO","Egypt","00000","Arabic","Female","","Divorced/Seperated","3","2020-06-19","2000-06-29","Mathew.Anderson@gmail.com","215-130-8555"
105811,"Isaiah","Lindsey","Paris","France","75002","French","Female","","Married","3","2021-03-05","1961-12-19","Isaiah.Lindsey@aol.com","315-831-4036"
138648,"Kymani","Zimmerman","Paris","France","75004","French","Male","","Single","0","2019-05-21","1953-09-03","Kymani.Zimmerman@ymail.com","677-682-4155"
186438,"Nyla","Calhoun","Mumbai","India","400069","Hindi","Male","","Undisclosed","Undisclosed","2021-06-22","1981-01-25","Nyla.Calhoun@hotmail.com","456-047-1945"
208061,"Riley","Wilkerson","Cape Town  ","South Africa","8005","English","Female","","Married","4","2019-08-13","1956-01-03","**~MASKED~**.**~MASKED~**@netscape.net","111-111-1111"
51366,"Makai","Baker","Munich","Germany","80809","German","Male","","Single","0","2022-05-04","1996-05-08","Makai.Baker@gmail.com","016-565-8799"
58930,"Athena","Haney","Toronto","Canada","M4C 3M7","English","Male","","Undisclosed","Undisclosed","2020-08-01","2000-02-03","Athena.Haney@gmail.com","519-977-2097"
120432,"Kaylin","Lindsey","Seattle","United States","98170","English","Female","","Undisclosed","Undisclosed","2020-01-29","2003-08-31","Kaylin.Lindsey@gmail.com","477-770-4975"
138235,"Diya","Hamilton","Montreal","Canada","H2E 1T9","English","Undisclosed","","Single","0","2019-07-31","1979-11-29","Diya.Hamilton@hotmail.com","459-849-4497"
196794,"Kierra","Rodriguez","Melbourne","Australia","3052","English","Female","","Single","0","2020-02-05","1992-02-11","Kierra.Rodriguez@gmail.com","373-989-7513"
154224,"Julius","Hess","Melbourne","Australia","8002","English","Male","","Single","0","2021-07-26","1944-08-12","Julius.Hess@ymail.com","262-768-1496"
184104,"Griffin","Lawson","New York City","United States","11226","English","Male","","Married","2","2021-10-10","1995-05-16","Griffin.Lawson@gmail.com","736-001-4958"
3517,"Greta","Small","Krakow","Poland","31-5","Polish","Undisclosed","","Undisclosed","Undisclosed","2021-12-27","1998-03-17","Greta.Small@gmail.com","260-912-7802"
46341,"Kira","Duke","Denver  ","United States","80227","English","Undisclosed","","Single","0","2022-06-12","1955-05-20","Kira.Duke@ymail.com","701-548-6728"
72993,"Alexandra","Benitez","Paris","France","75002","French","Female","","Single","0","2019-01-17","1975-12-16","Alexandra.Benitez@hotmail.com","029-881-9399"
83535,"Jaylan","Horton","New York City","United States","11207","English","Female","","Married","4","2021-06-13","1958-08-13","Jaylan.Horton@aol.com","494-230-4307"
81428,"Taliyah","Allison","New York City","United States","11373","English","Male","","Single","0","2019-08-11","1952-11-26","Taliyah.Allison@ymail.com","228-698-8604"
177299,"Frank","Patterson","San Mateo","United States","94401","English","Male","","Married","2","2019-05-19","1986-05-02","Frank.Patterson@hotmail.com","392-454-3599"
22673,"Guillermo","Hoffman","Madrid","Spain","28021","Spanish","Male","","Undisclosed","Undisclosed","2020-05-21","1966-05-31","Guillermo.Hoffman@aol.com","372-975-9396"
213575,"Maurice","Edwards","Cairo","Egypt","00000","Arabic","Female","","Married","1","2019-02-26","1986-03-25","**~MASKED~**.**~MASKED~**@gmail.com","111-111-1111"
137638,"Alvin","Cunningham","Mumbai","India","400014","Hindi","Male","","Single","0","2021-10-19","1984-05-23","Alvin.Cunningham@hotmail.com","216-990-8049"
91647,"Jean","Nunez","Warsaw","Poland","00-012","Polish","Undisclosed","","Married","2","2019-09-24","1940-02-25","Jean.Nunez@ymail.com","739-960-9731"
32432,"Trent","Myers","Mumbai","India","400096","Hindi","Male","","Divorced/Seperated","1","2021-09-27","2000-07-28","Trent.Myers@gmail.com","665-569-9634"
43189,"German","Wolf","Sao Paulo","Brazil","04849-000","Portuguese","Female","","Married","1","2019-11-07","1943-11-17","German.Wolf@ymail.com","595-188-1634"
9061,"Marley","Case","Sao Paulo  ","Brazil","04849-000","Portuguese","Male","","Married","4","2019-05-01","1969-02-04","Marley.Case@aol.com","452-540-6084"
139849,"Anabel","Raymond","Seoul","South Korea","100-051","Korean","Male","","Undisclosed","Undisclosed","2021-09-10","1992-10-16","Anabel.Raymond@gmail.com","353-417-6589"
22926,"Daphne","Jones","Sao Paulo","Brazil","04849-000","Portuguese","Male","","Single","2","2021-10-14","1996-08-01","Daphne.Jones@gmail.com","346-330-6682"
135106,"Kellen","Robles","Vancouver","Canada","V5K 2S3","English","Undisclosed","","Undisclosed","Undisclosed","2019-11-13","1990-08-17","Kellen.Robles@gmail.com","039-802-2652"
186068,"Blaze","Cameron","Vancouver","Canada","V5K 0A4","English","Male","","Married","5+","2022-01-14","2003-08-21","Blaze.Cameron@gmail.com","333-256-1171"
27037,"Arturo","Garcia","Munich","Germany","80809","German","Female","","Single","0","2021-06-08","1964-09-27","Arturo.Garcia@aol.com","619-445-2722"
135983,"Dennis","Shelton","sydney","Australia","2059","English","Male","","Undisclosed","Undisclosed","2022-06-02","1977-10-10","Dennis.Shelton@hotmail.com","948-724-6282"
623,"Zachariah","Zimmerman","toronto","Canada","M4C 0A2","English","Female","","Divorced/Seperated","2","2021-01-22","1984-02-02","Zachariah.Zimmerman@hotmail.com","831-073-4982"
35434,"Megan","Kemp","Rio de Janeiro","Brazil","22753-000","Portuguese","Female","","Married","3","2019-04-27","1948-06-11","Megan.Kemp@ymail.com","615-200-7124"
73491,"Raymond","Bennett","Montreal","Canada","H4N 3E8","English","Undisclosed","","Single","0","2019-12-01","1982-12-22","Raymond.Bennett@hotmail.com","790-545-3403"
15557,"Annalise","Greene","Hamburg","Germany","21129","German","Female","","Married","4","2019-10-09","1968-03-23","Annalise.Greene@aol.com","485-303-6760"
210034,"Jamie","Flowers","Berlin","Germany","","German","Male","","Married","2","2019-04-23","1970-03-10","**~MASKED~**.**~MASKED~**@aim.com","111-111-1111"
126787,"Pierre","Ramirez","New York City","United States","11385","English","Male","","Single","0","2019-01-14","1959-12-22","Pierre.Ramirez@aol.com","046-106-1245"
5954,"Mira","Richard","Krakow","Poland","31-5","Polish","Male","","Single","0","2020-10-29","1952-09-29","Mira.Richard@ymail.com","961-910-4670"
23191,"Braylon","Hodges","Madrid","Spain","28021","Spanish","Female","","Single","0","2020-04-15","1946-07-20","Braylon.Hodges@ymail.com","771-061-7654"
69610,"Karli","Mack","Toronto","Canada","M4C 1V6","English","Male","","Single","0","2021-03-11","1985-04-15","Karli.Mack@hotmail.com","596-625-1100"
119319,"Kayleigh","Sosa","Toronto","Canada","M4C 3M7","English","Female","","Single","0","2021-07-29","1946-08-09","Kayleigh.Sosa@ymail.com","506-523-7907"
42703,"Eli","Day","boston","United States","2124","English","Undisclosed","","Married","1","2020-09-27","1983-07-01","Eli.Day@hotmail.com","314-820-2636"
132480,"Trent","Griffin","  Sydney","Australia","2060","English","Male","","Married","2","2019-01-31","1993-03-24","Trent.Griffin@gmail.com","318-883-4491"
111708,"Jovanny","Rodgers","New York City","United States","11208","English","Undisclosed","","Married","1","2020-10-11","1953-02-21","Jovanny.Rodgers@ymail.com","178-193-6285"
193445,"Blake","Kelley","Paris","France","75012","French","Male","","Married","4","2021-04-12","1967-03-02","Blake.Kelley@aol.com","440-237-1026"
64576,"Clinton","Cunningham","Stockholm","Sweden","6206","Swedish","Male","","Undisclosed","Undisclosed","2020-03-07","1986-07-30","Clinton.Cunningham@hotmail.com","460-099-7794"
203555,"Cuevas","Maxwell","Berlin","Germany","","German","Female","","Single","0","2019-01-01","1953-09-08","**~MASKED~**.**~MASKED~**@att.net","111-111-1111"
53154,"Jazmyn","Reynolds","San Mateo","United States","94404","English","Female","","Married","2","2019-02-28","1968-10-15","Jazmyn.Reynolds@aol.com","144-250-1872"
15139,"Deborah","Cobb","Munich","Germany","80809","German","Male","","Married","2","2022-02-26","1980-01-08","Deborah.Cobb@hotmail.com","932-568-3105"
168523,"Reilly","Mcneil","paris","France","75013","French","Female","","Single","0","2022-02-06","1950-08-19","Reilly.Mcneil@ymail.com","146-490-7870"
196653,"Guadalupe","Odom","Warsaw","Poland","00-046","Polish","Male","","Married","2","2021-08-26","1954-05-22","Guadalupe.Odom@ymail.com","288-274-5853"
106795,"Trey","Reyes","New York City","United States","11208","English","Male","","Single","0","2020-05-14","1984-05-18","Trey.Reyes@hotmail.com","646-840-8972"
132890,"Amira","Berg","Warsaw","Poland","00-057","Polish","Female","","Single","2","2020-11-25","1966-12-25","Amira.Berg@aol.com","437-490-7176"
56504,"Lia","Quinn","Cairo","Egypt","00000","Arabic","Female","","Divorced/Seperated","1","2020-11-09","1994-05-23","Lia.Quinn@gmail.com","042-553-5202"
25913,"Kristopher","Walton","Sao Paulo","Brazil","04849-000","Portuguese","Female","","Single","2","2019-09-12","1966-09-29","Kristopher.Walton@aol.com","106-342-8677"
176758,"Kamren","Shepherd","Mumbai","India","400012","Hindi","Female","","Divorced/Seperated","1","2020-10-12","1976-04-25","Kamren.Shepherd@hotmail.com","592-893-7875"
87666,"Roderick","Cooley","Vancouver","Canada","V5K 0A3","English","Female","","Married","3","2022-05-06","1975-11-18","Roderick.Cooley@hotmail.com","143-496-2611"
34386,"Davin","Travis","Cairo","Egypt","00000","Arabic","Female","","Undisclosed","Undisclosed","2022-06-20","1971-02-09","Davin.Travis@hotmail.com","119-348-6894"
180858,"Hassan","Crosby","Nice","France","6206","French","Undisclosed","","Undisclosed","Undisclosed","2021-03-26","1952-05-02","Hassan.Crosby@ymail.com","393-508-7352"
124705,"Mike","Villegas","San Mateo","United States","94403","English","Female","","Married","3","2019-02-13","1944-01-25","Mike.Villegas@ymail.com","220-927-2842"
200181,"Braylen","Hudson","Sao Paulo  ","Brazil","","Portuguese","Female","","Married","1","2019-06-11","1950-04-11","**~MASKED~**.**~MASKED~**@att.net","111-111-1111"
82249,"Laylah","Alvarez","Manchester","United Kingdom","M1 1AP","English","Male","","Single","0","2020-12-31","1999-10-06","Laylah.Alvarez@gmail.com","228-166-6900"
93630,"Alexia","Velasquez","Seattle","United States","98109","English","Female","","Married","1","2021-03-20","2000-03-19","Alexia.Velasquez@gmail.com","522-230-3072"
79371,"Kian","Booth","Boston","United States","2151","English","Female","","Single","0","2020-08-11","1952-03-01","Kian.Booth@ymail.com","071-999-5374"
32482,"Luna","Nielsen","LONDON","United Kingdom","E1 8AQ","English","Male","","Married","1","2019-07-04","1940-10-24","Luna.Nielsen@ymail.com","470-746-7912"
158134,"Jaydin","Thomas","Mumbai","India","400011","Hindi","Male","","Undisclosed","Undisclosed","2020-07-26","1956-05-24","Jaydin.Thomas@aol.com","660-067-4575"
20078,"Anne","Vaughan","Tokyo","Japan","180-0000","Japanese","Female","","Single","0","2019-07-09","1962-06-15","Anne.Vaughan@aol.com","466-464-7638"
221395,"Ruth","Trujillo","Munich","Germany","80809","German","Male","","Married","3","2019-03-19","1974-07-30","**~MASKED~**.**~MASKED~**@gmail.com","111-111-1111"
191013,"Freddy","Davila","Denver","United States","80202","English","Female","","Divorced/Seperated","2","2019-10-13","1969-10-05","Freddy.Davila@aol.com","466-085-6029"
199316,"Hazel","Moody","Seoul","South Korea","100-060","Korean","Female","","Married","2","2021-01-21","1978-01-09","Hazel.Moody@hotmail.com","536-196-8430"
203794,"Valencia","Sparks","Berlin","Germany","","German","Male","","Single","0","2019-03-05","1961-10-31","**~MASKED~**.**~MASKED~**@excite.com","111-111-1111"
18304,"Heaven","Reyes","Sao Paulo","Brazil","04849-000","Portuguese","Female","","Single","0","2019-01-22","1980-09-03","Heaven.Reyes@hotmail.com","207-063-8331"
39170,"Josue","Gilbert","Stockholm","Sweden","6200","Swedish","Undisclosed","","Married","4","2019-08-08","1962-05-28","Josue.Gilbert@aol.com","588-830-8325"
37177,"Derrick","Carey","London","United Kingdom","E1 7HA","English","Male","","Married","4","2020-06-12","1953-02-15","Derrick.Carey@ymail.com","060-757-0101"
83955,"Monserrat","Hubbard","Boston","United States","2108","English","Female","","Undisclosed","Undisclosed","2021-06-09","1942-12-21","Monserrat.Hubbard@ymail.com","213-784-5913"
105754,"Malakai","Waller","Nice","France","6200","French","Male","","Married","4","2019-09-16","1989-08-09","Malakai.Waller@gmail.com","214-806-3974"
135474,"Lesly","Boyle","Delhi","India","110090","Hindi","Male","","Divorced/Seperated","2","2022-03-22","1975-02-18","Lesly.Boyle@hotmail.com","156-971-7660"
178249,"Isabelle","Russell","Melbourne","Australia","8002","English","Female","","Single","2","2020-04-17","1996-01-26","Isabelle.Russell@gmail.com","208-721-2865"
188032,"Francisco","Lopez","New York City","United States","11236","English","Male","","Divorced/Seperated","2","2022-05-23","1955-11-08","Francisco.Lopez@ymail.com","792-718-6919"
50568,"Gideon","Fletcher","Warsaw","Poland","00-075","Polish","Male","","Single","0","2019-06-18","2005-04-03","Gideon.Fletcher@gmail.com","734-933-9132"
107299,"Amiah","Mcdonald","Seattle","United States","98115","English","Male","","Single","0","2019-08-08","1954-10-25","Amiah.Mcdonald@ymail.com","780-618-1634"
218091,"Anaya","Turner","Stockholm","Sweden","","Swedish","Male","","Married","2","2019-01-01","1961-05-09","**~MASKED~**.**~MASKED~**@excite.com","111-111-1111"
124974,"Erin","Mcguire","Vancouver","Canada","V5K 0A3","English","Female","","Single","0","2021-10-23","1990-06-15","Erin.Mcguire@gmail.com","359-581-2167"
7823,"Wade","Hodge","cape town","South Africa","8005","English","Female","","Divorced/Seperated","1","2022-04-04","2001-08-31","Wade.Hodge@gmail.com","760-073-7030"
2544,"Allisson","Gaines","Sao Paulo","Brazil","04849-000","Portuguese","Female","","Undisclosed","Undisclosed","2019-07-20","1966-02-13","Allisson.Gaines@aol.com","672-996-3254"
76805,"Irene","Cooley","Paris","France","75018","French","Female","","Single","0","2022-02-04","2003-08-25","Irene.Cooley@gmail.com","573-475-7316"
624,"Jaron","Franklin","Cairo","Egypt","00000","Arabic","Male","","Married","3","2019-03-10","2000-11-18","Jaron.Franklin@gmail.com","383-824-2255"
212092,"Raven","Berger","Madrid","Spain","28021","Spanish","Female","","Single","0","2019-07-23","1956-06-26","**~MASKED~**.**~MASKED~**@netscape.net","111-111-1111"
148383,"Roselyn","Kerr","manchester","United Kingdom","M1 1JA","English","Male","","Married","2","2019-10-11","1955-02-15","Roselyn.Kerr@ymail.com","389-513-8785"
19126,"Reyna","Williams","Rio de Janeiro","Brazil","22753-000","Portuguese","Female","","Divorced/Seperated","4","2020-07-07","1992-06-26","Reyna.Williams@gmail.com","010-293-8375"
30196,"Joslyn","Kirby","Barcelona","Spain","08013","English","Undisclosed","","Single","0","2021-07-10","1999-04-05","Joslyn.Kirby@gmail.com","473-214-8823"
192444,"Matthias","Gillespie","Manchester","United Kingdom","M1 1BY","English","Male","","Divorced/Seperated","2","2021-06-07","1940-06-18","Matthias.Gillespie@ymail.com","781-367-3664"
114633,"Nicholas","Landry","Manchester","United Kingdom","M1 2AZ","English","Male","","Married","4","2019-03-25","1967-11-20","Nicholas.Landry@aol.com","450-430-8557"
117538,"Rocco","Novak","Delhi","India","110084","Hindi","Undisclosed","","Single","0","2019-03-26","1979-01-17","Rocco.Novak@hotmail.com","533-360-5969"
13629,"Cullen","Bell","Krakow","Poland","31-5","Polish","Male","","Married","2","2022-01-08","1982-04-19","Cullen.Bell@hotmail.com","470-957-6278"
21591,"Damaris","Ellison","Montreal","Canada","H1X 2K6","English","Female","","Single","0","2019-01-11","1999-03-08","Damaris.Ellison@gmail.com","086-305-6392"
86852,"Cora","Wood","Denver","United States","80227","English","Male","","Married","2","2020-11-21","1960-07-04","Cora.Wood@aol.com","847-855-1388"
11207,"Cory","Bautista","Hamburg","Germany","21129","German","Female","","Married","5+","2019-12-06","1976-03-27","Cory.Bautista@hotmail.com","310-174-4778"
18330,"Brendon","Higgins","Hamburg","Germany","21129","German","Female","","Divorced/Seperated","1","2019-01-28","1952-01-24","Brendon.Higgins@ymail.com","303-773-3074"
141790,"Daniel","Bruce","Sydney","Australia","2055","English","Male","","Single","0","2020-02-21","1965-04-08","Daniel.Bruce@aol.com","297-834-9190"
11355,"Marlie","Sullivan","San Mateo","United States","94403","English","Female","","Divorced/Seperated","5+","2019-07-11","1979-07-27","Marlie.Sullivan@hotmail.com","069-452-9720"
91409,"Evan","Gordon","Nice","France","6100","French","Female","","Undisclosed","Undisclosed","2019-07-04","1951-04-10","Evan.Gordon@ymail.com","412-667-1901"
30350,"Yadira","Oneill","Sao Paulo","Brazil","04849-000","Portuguese","Male","","Married","0","2020-08-12","1973-07-28","Yadira.Oneill@hotmail.com","095-497-8407"
35247,"Caden","Pearson","Warsaw","Poland","00-016","Polish","Female","","Undisclosed","Undisclosed","2021-11-18","1943-09-18","Caden.Pearson@ymail.com","388-960-9917"
134189,"Hunter","Blackburn","Paris","France","75003","French","Male","","Married","4","2019-04-25","1997-11-10","Hunter.Blackburn@gmail.com","055-236-1565"
58518,"Jon","Conner","San Mateo","United States","94403","English","Male","","Single","1","2019-10-15","1967-03-09","Jon.Conner@aol.com","442-950-7979"
111602,"Stella","Cantrell","SYDNEY","Australia","1466","English","Female","","Divorced/Seperated","0","2022-02-01","1968-10-11","Stella.Cantrell@aol.com","789-638-3962"
50761,"Alexis","Fernandez","New York City  ","United States","11208","English","Male","","Single","0","2019-07-27","1997-06-30","Alexis.Fernandez@gmail.com","263-700-8896"
20186,"Riley","Mcmillan","Sao Paulo","Brazil","04849-000","Portuguese","Female","","Married","1","2020-03-20","1970-06-05","Riley.Mcmillan@hotmail.com","534-728-5005"
168801,"Janiyah","Lutz","San Mateo  ","United States","94404","English","Female","","Single","0","2020-08-06","1972-01-28","Janiyah.Lutz@hotmail.com","300-230-0697"
37658,"Zariah","Hickman","Sao Paulo","Brazil","04849-000","Portuguese","Male","","Married","3","2022-06-14","1941-03-30","Zariah.Hickman@ymail.com","023-231-9843"
150263,"Karson","Solis","seoul","South Korea","100-011","Korean","Male","","Married","2","2020-04-04","2002-04-01","Karson.Solis@gmail.com","020-122-1178"
124267,"Alannah","Holland","Warsaw","Poland","00-086","Polish","Female","","Single","0","2022-04-08","1956-09-10","Alannah.Holland@aol.com","441-734-6565"
163433,"Aiyana","Wagner","New York City","United States","11368","English","Male","","Single","0","2019-06-12","2001-03-12","Aiyana.Wagner@gmail.com","194-682-5696"
52700,"Benjamin","Mckee","  Boston","United States","2134","English","Male","","Single","0","2019-04-24","1950-03-02","Benjamin.Mckee@ymail.com","096-265-0338"
57740,"Emmanuel","Short","  Mumbai","India","400033","Hindi","Male","","Single","0","2021-03-21","1964-05-10","Emmanuel.Short@aol.com","398-320-3289"
143617,"Nylah","Gay","Manchester","United Kingdom","M1 1WT","English","Male","","Single","0","2022-02-08","2004-04-20","Nylah.Gay@gmail.com","941-517-6075"
54632,"Reece","Larson","New York City","United States","11373","English","Female","","Married","1","2022-02-15","1964-09-10","Reece.Larson@aol.com","994-732-3803"
89065,"Luciana","Yates","New York City","United States","11207","English","Female","","Married","4","2019-07-13","1988-11-15","Luciana.Yates@hotmail.com","546-556-8117"
24831,"Drake","Mccarthy","Boston","United States","2215","English","Female","","Married","2","2021-02-27","1944-05-06","Drake.Mccarthy@ymail.com","186-251-0821"
132010,"Mathew","Miller","Warsaw","Poland","00-001","Polish","Female","","Single","0","2021-03-08","2000-11-03","Mathew.Miller@gmail.com","244-112-5163"
163416,"Tatum","Camacho","Manchester","United Kingdom","M1 1PW","English","Female","","Undisclosed","Undisclosed","2021-04-08","1997-06-08","Tatum.Camacho@gmail.com","314-770-9103"
84601,"Neveah","Howe","Melbourne  ","Australia","3207","English","Male","","Undisclosed","Undisclosed","2021-01-11","1978-01-03","Neveah.Howe@hotmail.com","193-759-0872"
62713,"Ralph","Church","Seattle","United States","98170","English","Male","","Single","0","2020-05-25","2002-10-02","Ralph.Church@gmail.com","445-480-9221"
144733,"Jamison","Cole","Vancouver","Canada","H4V 1S9","English","Male","","Single","0","2021-05-07","1984-04-23","Jamison.Cole@hotmail.com","745-029-8858"
88178,"Tabitha","Perry","Vancouver","Canada","V5K 0A4","English","Undisclosed","","Married","2","2020-04-01","2003-09-03","Tabitha.Perry@gmail.com","569-224-4297"
151614,"Julianne","Valdez","Warsaw","Poland","00-003","Polish","Female","","Married","3","2021-09-26","1954-06-27","Julianne.Valdez@ymail.com","404-876-3634"
17878,"Luna","Malone","New York City","United States","11211","English","Male","","Single","0","2019-10-31","1975-11-28","Luna.Malone@hotmail.com","666-910-3861"
151033,"Iris","Pace","Seattle","United States","98103","English","Male","","Married","3","2021-07-30","1989-12-31","Iris.Pace@gmail.com","657-912-3817"
62376,"Vance","Schaefer","Sydney","Australia","2000","English","Female","","Single","0","2019-01-24","1964-05-23","Vance.Schaefer@aol.com","415-297-5874"
191436,"Jesse","Johns","Melbourne","Australia","8002","English","Male","","Single","0","2022-05-19","1945-12-02","Jesse.Johns@ymail.com","559-430-2835"
67027,"Pablo","Lucero","Toronto","Canada","M4C 3J6","English","Undisclosed","","Single","0","2020-02-12","2003-09-04","Pablo.Lucero@gmail.com","867-761-4168"
18892,"Deegan","Riley","Munich","Germany","80809","German","Male","","Single","0","2020-04-19","1978-02-16","Deegan.Riley@hotmail.com","474-615-9940"
85704,"Lilliana","Bowers","Seoul","South Korea","100-210","Korean","Female","","Married","2","2020-11-14","1998-12-16","Lilliana.Bowers@gmail.com","533-232-0167"
55035,"Dixie","Holder","Stockholm","Sweden","6200","Swedish","Female","","Divorced/Seperated","1","2020-11-01","1945-01-13","Dixie.Holder@ymail.com","554-627-3807"
113011,"Carlos","Vazquez","Boston","United States","2151","English","Female","","Married","1","2020-09-04","2000-03-18","Carlos.Vazquez@gmail.com","623-350-9480"
75981,"Zaid","Woods","Nice  ","France","6100","French","Male","","Single","0","2021-06-09","1942-08-20","Zaid.Woods@ymail.com","536-763-5058"
188819,"Ezequiel","Brock","Manchester","United Kingdom","M1 1LG","English","Undisclosed","","Single","0","2021-09-21","1948-05-26","Ezequiel.Brock@ymail.com","337-003-8818"
11834,"Leia","Thomas","Rio de Janeiro","Brazil","22753-000","Portuguese","Female","","Divorced/Seperated","2","2020-08-10","1940-07-16","Leia.Thomas@ymail.com","807-430-6252"
168485,"Londyn","Anderson","Manchester","United Kingdom","M1 1DD","English","Female","","Married","3","2022-06-16","1985-06-05","Londyn.Anderson@hotmail.com","139-866-6419"
19078,"Joe","Brady","Cairo","Egypt","00000","Arabic","Undisclosed","","Married","3","2022-04-29","2000-04-24","Joe.Brady@gmail.com","586-599-8296"
153374,"Reilly","Crane","Toronto","Canada","M4C 1X6","English","Male","","Single","0","2021-02-25","1954-02-08","Reilly.Crane@ymail.com","300-537-2081"
130411,"Ellis","Rollins","Melbourne","Australia","3052","English","Female","","Married","0","2019-11-03","1980-11-26","Ellis.Rollins@hotmail.com","235-648-6426"
182906,"Natasha","Lamb","Vancouver","Canada","V5K 1N6","English","Female","","Undisclosed","Undisclosed","2020-08-10","1998-04-01","Natasha.Lamb@gmail.com","364-336-6260"
124338,"Moshe","Boyer","Mumbai","India","400064","Hindi","Female","","Single","0","2022-05-09","1984-02-19","Moshe.Boyer@hotmail.com","377-908-8433"
191028,"Sharon","Valencia","Vancouver","Canada","V5K 2H9","English","Undisclosed","","Single","0","2021-05-14","1944-12-09","Sharon.Valencia@ymail.com","443-050-6333"
25017,"Aniyah","Holder","Toronto","Canada","M4C 3C7","English","Male","","Married","5+","2019-03-24","1983-08-14","Aniyah.Holder@hotmail.com","644-670-7770"
173170,"Mylee","Moore","Nice","France","6300","French","Female","","Divorced/Seperated","0","2022-05-17","1986-01-31","Mylee.Moore@hotmail.com","186-571-1995"
122427,"Jordyn","Bates","Seattle","United States","98194","English","Female","","Single","0","2020-08-26","1971-02-08","Jordyn.Bates@hotmail.com","617-438-4916"
159710,"Angel","Flowers","Warsaw","Poland","00-078","Polish","Female","","Single","0","2019-04-17","1950-12-04","Angel.Flowers@ymail.com","569-661-9556"
119983,"Joyce","Sullivan","nice","France","6200","French","Male","","Married","1","2022-03-17","1988-10-11","Joyce.Sullivan@hotmail.com","685-174-2148"
147615,"Katherine","Fitzgerald","Seattle","United States","98103","English","Male","","Undisclosed","Undisclosed","2020-04-05","1992-06-19","Katherine.Fitzgerald@gmail.com","422-779-8349"
74770,"Brielle","Meyers","Melbourne","Australia","3052","English","Female","","Single","2","2020-12-07","1982-12-18","Brielle.Meyers@hotmail.com","515-973-0276"
112322,"Coleman","Braun","MELBOURNE","Australia","3010","English","Male","","Married","2","2020-12-17","1996-10-06","Coleman.Braun@gmail.com","200-609-6442"
34855,"Richard","Pope","London","United Kingdom","E1 8AL","English","Male","","Single","0","2022-06-13","1998-07-18","Richard.Pope@gmail.com","200-374-4022"
11257,"Alonso","Pierce","San Mateo","United States","94010","English","Undisclosed","","Married","2","2019-09-29","1971-12-19","Alonso.Pierce@hotmail.com","313-388-9810"
187309,"Landyn","Ingram","Paris","France","75018","French","Female","","Single","2","2022-06-16","1985-10-09","Landyn.Ingram@hotmail.com","583-895-9431"
154323,"Jerry","Orr","warsaw","Poland","00-080","Polish","Male","","Single","0","2019-02-12","1967-01-11","Jerry.Orr@aol.com","132-775-2691"
221937,"Marlee","Olson","Berlin","Germany","","German","Female","","Divorced/Seperated","2","2019-08-20","1955-04-26","**~MASKED~**.**~MASKED~**@att.net","111-111-1111"
104562,"Isis","Cooke","LONDON","United Kingdom","E1 7HP","English","Female","","Single","0","2021-02-27","1954-09-22","Isis.Cooke@ymail.com","480-677-6040"
92793,"Lindsey","Odonnell","Delhi","India","110093","Hindi","Female","","Single","1","2020-03-17","1950-05-22","Lindsey.Odonnell@ymail.com","456-708-8257"
82869,"Semaj","Osborn","Toronto","Canada","M4C 3B7","English","Male","","Single","0","2020-02-21","1989-02-20","Semaj.Osborn@gmail.com","577-685-3891"
101704,"Jaron","Bates","London","United Kingdom","E1 7HY","English","Male","","Single","0","2020-09-17","1978-05-08","Jaron.Bates@hotmail.com","307-895-4019"
216102,"Braydon","Hood","BERLIN","Germany","","German","Male","","Single","0","2019-07-23","1991-12-03","**~MASKED~**.**~MASKED~**@netscape.net","111-111-1111"
138606,"Jameson","Wade","Sydney","Australia","2020","English","Male","","Married","4","2020-09-11","1953-10-03","Jameson.Wade@ymail.com","216-021-9430"
221335,"Jazlene","Montgomery","Rio de Janeiro","Brazil","","Portuguese","Female","","Single","0","2019-07-16","1959-03-17","**~MASKED~**.**~MASKED~**@netscape.net","111-111-1111"
161593,"Rey","Long","Mumbai","India","400052","Hindi","Male","","Single","0","2020-05-19","1962-11-19","Rey.Long@aol.com","644-726-1103"
24046,"Jordin","Singleton","Tokyo","Japan","182-0000","Japanese","Male","","Married","4","2022-05-10","1950-10-30","Jordin.Singleton@ymail.com","248-695-1908"
22140,"Elsie","Davidson","  Tokyo","Japan","180-0000","Japanese","Female","","Married","0","2020-04-16","1947-02-16","Elsie.Davidson@ymail.com","579-473-7483"
70931,"America","Caldwell","Paris","France","75008","French","Male","","Single","1","2019-01-10","1947-12-08","America.Caldwell@ymail.com","490-410-5347"
166300,"Whitney","Combs","  Paris","France","75005","French","Male","","Married","0","2020-06-04","1968-06-27","Whitney.Combs@aol.com","228-908-0333"
112517,"Isaias","Lam","Warsaw","Poland","00-027","Polish","Female","","Divorced/Seperated","4","2021-09-06","2003-05-01","Isaias.Lam@gmail.com","456-523-3972"
210682,"Rachel","Vargas","HAMBURG","Germany","21129","German","Male","","Single","2","2019-07-30","1946-05-21","**~MASKED~**.**~MASKED~**@att.net","111-111-1111"
90074,"Sydnee","Harris","Denver","United States","80205","English","Female","","Single","0","2020-12-30","1946-09-22","Sydnee.Harris@ymail.com","462-684-6105"
126940,"Rory","Bauer","  London","United Kingdom","E1 8AH","English","Female","","Divorced/Seperated","3","2019-12-07","1982-09-29","Rory.Bauer@hotmail.com","751-619-5431"
176889,"Harley","Heath","Paris","France","75017","French","Male","","Single","0","2019-07-13","1965-05-10","Harley.Heath@aol.com","256-070-4946"
1549,"Estrella","Arnold","Krakow","Poland","31-5","Polish","Female","","Divorced/Seperated","0","2020-02-22","1957-02-12","Estrella.Arnold@aol.com","839-909-9675"
208492,"Lizeth","Le","Rio de Janeiro","Brazil","","Portuguese","Male","","Married","1","2019-01-15","1954-04-06","**~MASKED~**.**~MASKED~**@att.net","111-111-1111"
69478,"Lawrence","Ross","Sao Paulo","Brazil","04849-000","Portuguese","Female","","Single","0","2021-07-20","1980-08-18","Lawrence.Ross@hotmail.com","380-731-3990"
134645,"Caroline","Joyce","Toronto","Canada","M4C 1V6","English","Male","","Divorced/Seperated","1","2019-09-08","1963-10-24","Caroline.Joyce@aol.com","643-687-8539"
79738,"Hallie","Cameron","Montreal","Canada","H2J 3E3","English","Male","","Married","1","2020-10-10","1985-08-01","Hallie.Cameron@hotmail.com","295-347-3134"
109107,"Camilla","Koch","Denver","United States","80271","English","Female","","Single","0","2019-12-16","1978-05-20","Camilla.Koch@hotmail.com","312-041-2868"
16846,"Catalina","Olsen","Rio de Janeiro","Brazil","22753-000","Portuguese","Female","","Divorced/Seperated","2","2022-01-18","1951-10-01","Catalina.Olsen@ymail.com","707-464-1080"
214740,"Dax","Sanders","  Rio de Janeiro","Brazil","","Portuguese","Female","","Single","0","2019-03-12","1989-07-04","**~MASKED~**.**~MASKED~**@hotmail.com","111-111-1111"
218998,"Tripp","Gaines","Barcelona","Spain","08013","Spanish","Male","","Single","0","2019-01-08","1992-04-28","**~MASKED~**.**~MASKED~**@netscape.net","111-111-1111"
197431,"Dax","Martin","Sydney","Australia","2055","English","Male","","Divorced/Seperated","3","2022-05-28","2001-01-15","Dax.Martin@gmail.com","749-632-8573"
96245,"Brent","Wiley","Montreal","Canada","H4N 3E8","English","Female","","Single","2","2019-01-03","1968-02-12","Brent.Wiley@aol.com","513-043-5121"
80069,"Adan","Gallagher","Delhi","India","110073","Hindi","Male","","Married","2","2021-11-09","1974-10-27","Adan.Gallagher@hotmail.com","155-269-3041"
44800,"Uriah","Franco","  New York City","United States","11207","English","Male","","Single","0","2021-04-05","1990-10-12","Uriah.Franco@gmail.com","205-052-0536"
50057,"Darwin","Wyatt","Madrid","Spain","28021","Spanish","Female","","Undisclosed","Undisclosed","2021-04-04","1969-08-27","Darwin.Wyatt@aol.com","901-856-8098"
99127,"Elise","Tucker","Toronto","Canada","M4C 3J6","English","Female","","Single","0","2021-09-10","1951-08-22","Elise.Tucker@ymail.com","022-237-2365"
17454,"Abigail","Dillon","Montreal","Canada","H4V 1S9","English","Male","","Married","4","2022-05-10","1989-10-25","Abigail.Dillon@gmail.com","617-707-9296"
120764,"Ciara","Burch","San Mateo","United States","94401","English","Female","","Married","3","2020-09-02","1982-03-14","Ciara.Burch@hotmail.com","371-293-4130"
204168,"Emery","Jackson","Hamburg","Germany","21129","German","Male","","Single","0","2019-04-02","1953-12-29","**~MASKED~**.**~MASKED~**@att.net","111-111-1111"
4693,"Layton","Gilmore","Hamburg","Germany","21129","German","Undisclosed","","Married","2","2020-09-04","1989-11-01","Layton.Gilmore@gmail.com","128-905-8438"
80119,"Callum","Lee","Sydney","Australia","2000","English","Male","","Single","0","2020-05-02","1954-06-12","Callum.Lee@ymail.com","100-072-1975"
58540,"Alan","Macdonald","  Mumbai","India","400014","Hindi","Undisclosed","","Single","0","2021-06-07","1940-03-29","Alan.Macdonald@ymail.com","777-073-2297"
138370,"Whitney","Mooney","Mumbai","India","400032","Hindi","Female","","Single","0","2022-04-07","1956-09-02","Whitney.Mooney@aol.com","273-835-9147"
15400,"Bobby","Lambert","  Krakow","Poland","31-5","Polish","Male","","Single","0","2019-07-09","2000-12-28","Bobby.Lambert@gmail.com","850-770-3248"
140624,"Kyson","Key","Mumbai","India","400018","Hindi","Undisclosed","","Single","0","2020-11-24","1982-06-12","Kyson.Key@hotmail.com","396-596-4414"
120948,"Quinn","Charles","Nice","France","6300","French","Female","","Single","0","2020-04-07","1957-08-06","Quinn.Charles@aol.com","175-753-3068"
18269,"Zane","Dunn","Rio de Janeiro","Brazil","22753-000","Portuguese","Female","","Married","4","2021-06-05","1954-05-25","Zane.Dunn@ymail.com","903-931-0347"
45815,"Sydney","Ramsey","Denver","United States","80208","English","Female","","Married","2","2022-04-06","1961-10-04","Sydney.Ramsey@aol.com","261-354-1258"
146305,"Jovany","Horn","Melbourne","Australia","8002","English","Male","","Divorced/Seperated","2","2020-03-07","1953-03-27","Jovany.Horn@ymail.com","309-367-5372"
69059,"Aspen","Maldonado","Denver","United States","80019","English","Female","","Married","4","2022-01-02","1957-03-15","Aspen.Maldonado@aol.com","951-173-5345"
161350,"Jadyn","Bennett","Seoul","South Korea","100-060","Korean","Female","","Single","0","2021-09-28","1981-11-07","Jadyn.Bennett@hotmail.com","292-693-4214"
215888,"Raven","Hunter","Berlin","Germany","","German","Female","","Married","2","2019-05-07","1952-05-13","**~MASKED~**.**~MASKED~**@att.net","111-111-1111"
116859,"Kelsie","Decker","San Mateo","United States","94401","English","Female","","Married","0","2022-01-14","1980-08-26","Kelsie.Decker@hotmail.com","229-713-2893"
210366,"Izabelle","Noble","Hamburg","Germany","21129","German","Undisclosed","","Single","2","2019-03-12","1982-12-21","**~MASKED~**.**~MASKED~**@donotdisturb.com","111-111-1111"
126307,"Brianna","Spears","London","United Kingdom","E1 8AQ","English","Female","","Married","4","2019-12-21","2004-08-12","Brianna.Spears@gmail.com","761-985-3169"
171432,"Alejandra","Stafford","Seattle","United States","98109","English","Male","","Single","0","2021-08-20","1975-11-04","Alejandra.Stafford@hotmail.com","335-409-7720"
65842,"Shayna","Kelly","SEATTLE","United States","98103","English","Female","","Single","0","2022-06-06","1991-06-01","Shayna.Kelly@gmail.com","320-044-8526"
88329,"Janessa","Sanchez","Vancouver","Canada","V5K 0A4","English","Male","","Married","1","2020-07-14","1991-05-04","Janessa.Sanchez@gmail.com","372-967-5943"
96179,"Addyson","Bolton","Tokyo","Japan","176-0000","Japanese","Female","","Married","2","2020-12-19","1955-09-30","Addyson.Bolton@ymail.com","899-643-3741"
38403,"Jordyn","Hebert","rio de janeiro","Brazil","22753-000","Portuguese","Female","","Undisclosed","Undisclosed","2019-12-13","1961-02-06","Jordyn.Hebert@aol.com","613-453-6500"
140565,"Emely","Mcpherson","London","United Kingdom","E1 7EU","English","Female","","Married","1","2021-09-02","2005-04-22","Emely.Mcpherson@gmail.com","166-167-3635"
197758,"Anya","Ashley","Warsaw","Poland","00-047","Polish","Female","","Undisclosed","Undisclosed","2019-12-13","1945-11-29","Anya.Ashley@ymail.com","441-688-5129"
96182,"Sonia","Richards","DENVER","United States","80208","English","Male","","Single","0","2020-10-24","1940-07-01","Sonia.Richards@ymail.com","642-258-6436"
104525,"Kaelyn","Townsend","Manchester","United Kingdom","M1 2AS","English","Female","","Divorced/Seperated","0","2021-08-11","1979-03-25","Kaelyn.Townsend@hotmail.com","900-248-6191"
141949,"Guillermo","Marshall","Nice","France","6200","French","Male","","Married","1","2021-11-30","1977-01-28","Guillermo.Marshall@hotmail.com","701-729-2969"
190677,"Titus","Ritter","Manchester","United Kingdom","M1 1FP","English","Female","","Single","0","2021-05-17","1964-12-25","Titus.Ritter@aol.com","029-221-7823"
190551,"Felix","Palmer","Boston","United States","2215","English","Female","","Single","2","2019-09-16","1940-01-07","Felix.Palmer@ymail.com","230-747-6017"
39279,"Cristopher","Roberts","Cairo","Egypt","00000","Arabic","Female","","Single","0","2020-07-31","1952-05-07","Cristopher.Roberts@ymail.com","544-329-7595"
219540,"Jamya","Atkins","  Cairo","Egypt","00000","Arabic","Female","","Divorced/Seperated","4","2019-05-07","1961-11-21","**~MASKED~**.**~MASKED~**@excite.com","111-111-1111"
146200,"Kelly","Hines","  Paris","France","75008","French","Female","","Married","2","2019-06-07","1998-04-12","Kelly.Hines@gmail.com","753-373-6998"
209897,"Roy","Branch","Berlin","Germany","","German","Male","","Single","0","2019-02-05","1971-03-02","**~MASKED~**.**~MASKED~**@gmail.com","111-111-1111"
33821,"Holly","Avery","Krakow  ","Poland","31-5","Polish","Female","","Single","0","2021-01-31","1965-07-12","Holly.Avery@aol.com","414-275-2204"
89648,"Josephine","Berger","Seoul","South Korea","100-011","Korean","Male","","Single","0","2020-03-06","1983-07-29","Josephine.Berger@hotmail.com","496-964-5340"
156664,"Muhammad","Mayo","Denver","United States","80014","English","Male","","Married","2","2021-05-05","1944-01-20","Muhammad.Mayo@ymail.com","253-585-2293"
81366,"Rohan","Everett","Toronto","Canada","M4C 3C7","English","Male","","Married","1","2019-07-16","1987-08-24","Rohan.Everett@hotmail.com","839-545-8261"
21478,"Erica","Shah","Montreal","Canada","H2J 3E3","English","Male","","Undisclosed","Undisclosed","2019-09-27","1989-04-21","Erica.Shah@gmail.com","441-857-0546"
100778,"Makenna","Ewing","Paris","France","75001","French","Female","","Divorced/Seperated","2","2020-03-16","1957-09-18","Makenna.Ewing@aol.com","164-971-5466"
298,"Rodrigo","Jennings","Hamburg","Germany","21129","German","Female","","Married","5+","2019-10-16","1965-08-22","Rodrigo.Jennings@aol.com","942-690-2375"
194834,"Aracely","Green","Vancouver","Canada","V5K 1K7","English","Female","","Married","2","2019-12-21","1992-01-15","Aracely.Green@gmail.com","704-951-8220"
78562,"Rory","Fitzpatrick","SEATTLE","United States","98195","English","Undisclosed","","Single","0","2019-05-08","1999-12-25","Rory.Fitzpatrick@gmail.com","543-876-6620"
122293,"Skylar","Martin","Mumbai","India","400006","Hindi","Female","","Married","3","2021-03-21","1957-05-06","Skylar.Martin@aol.com","394-153-2178"
64000,"Hailee","Baxter","  Manchester","United Kingdom","M1 2AZ","English","Female","","Married","4","2019-05-08","1942-06-10","Hailee.Baxter@ymail.com","598-132-5087"
45590,"Layla","Skinner","Warsaw","Poland","00-012","Polish","Female","","Divorced/Seperated","0","2019-12-13","1940-05-11","Layla.Skinner@ymail.com","930-347-5653"
90659,"King","Preston","Mumbai","India","400057","Hindi","Undisclosed","","Single","0","2021-02-22","1982-03-09","King.Preston@hotmail.com","395-911-1076"
102598,"Ramon","Vance","Melbourne","Australia","3207","English","Male","","Undisclosed","Undisclosed","2022-01-03","1988-09-24","Ramon.Vance@hotmail.com","048-354-4580"
105147,"Yuliana","Winters","Denver","United States","80227","English","Male","","Undisclosed","Undisclosed","2020-03-05","1951-10-15","Yuliana.Winters@ymail.com","320-770-0620"
7521,"Aidyn","Mayo","Krakow  ","Poland","31-5","Polish","Male","","Married","4","2020-05-18","1979-02-23","Aidyn.Mayo@hotmail.com","670-639-0698"
124264,"Livia","Snyder","Montreal","Canada","H3M 1R6","English","Male","","Married","4","2022-05-16","1943-12-30","Livia.Snyder@ymail.com","538-926-2253"
148240,"Kaylen","Neal","  London","United Kingdom","E1 7LY","English","Male","","Married","3","2019-06-23","1949-10-10","Kaylen.Neal@ymail.com","560-896-6338"
215389,"Desiree","Thornton","Munich","Germany","80809","German","Male","","Married","2","2019-06-04","1967-01-24","**~MASKED~**.**~MASKED~**@usa.net","111-111-1111"
23692,"Joaquin","Crosby","Denver","United States","80209","English","Undisclosed","","Single","0","2019-12-03","1943-12-27","Joaquin.Crosby@ymail.com","500-067-3318"
13614,"Emilia","Gallegos","Barcelona","Spain","08013","English","Undisclosed","","Married","2","2019-05-06","1965-03-14","Emilia.Gallegos@aol.com","487-435-1778"
60938,"Derick","Terry","Boston","United States","2215","English","Female","","Single","0","2020-06-06","1986-06-24","Derick.Terry@hotmail.com","548-741-3741"
133859,"Celeste","Patton","Paris","France","75014","French","Female","","Single","2","2021-12-01","1990-01-29","Celeste.Patton@gmail.com","343-961-7823"
164337,"Gabriel","Chen","New York City","United States","11236","English","Male","","Married","0","2021-03-26","1997-04-16","Gabriel.Chen@gmail.com","395-474-1151"
53647,"Amirah","Arias","Cairo","Egypt","00000","Arabic","Male","","Married","1","2019-07-29","2003-03-09","Amirah.Arias@gmail.com","260-604-3626"
188593,"Kaley","Cherry","Nice","France","6206","French","Female","","Divorced/Seperated","4","2021-09-28","1999-09-27","Kaley.Cherry@gmail.com","268-490-2076"
120794,"Giada","Schaefer","Tokyo","Japan","105-0000","Japanese","Male","","Married","0","2019-09-29","1991-07-15","Giada.Schaefer@gmail.com","242-958-5078"
222499,"Maren","Mcfarland","Berlin","Germany","","German","Female","","Married","2","2019-06-11","1963-04-16","**~MASKED~**.**~MASKED~**@msn.com","111-111-1111"
111103,"Katelyn","Patterson","delhi","India","110084","Hindi","Male","","Married","3","2019-08-14","1948-11-15","Katelyn.Patterson@ymail.com","072-380-4223"
112177,"Nathaniel","Harding","Warsaw","Poland","00-086","Polish","Female","","Single","0","2020-04-20","1985-07-14","Nathaniel.Harding@hotmail.com","036-174-1296"
106837,"Camron","Merritt","Seoul","South Korea","100-053","Korean","Undisclosed","","Single","0","2020-09-19","2006-01-19","Camron.Merritt@gmail.com","822-893-1494"
80655,"Isaac","Mcgee","Sydney","Australia","2006","English","Male","","Single","0","2021-01-22","1989-10-23","Isaac.Mcgee@gmail.com","388-946-1735"
207921,"Amiya","Weber","Cape Town  ","South Africa","8005","English","Female","","Single","0","2019-06-04","1966-09-13","**~MASKED~**.**~MASKED~**@yahoo.com","111-111-1111"
5709,"Jamie","English","Hamburg","Germany","21129","German","Female","","Divorced/Seperated","2","2020-03-22","1968-08-16","Jamie.English@aol.com","752-586-0247"
27262,"Payton","Davidson","BARCELONA","Spain","08013","English","Female","","Single","0","2019-09-03","1979-04-12","Payton.Davidson@hotmail.com","738-119-1995"
128753,"Kylie","Martin","London","United Kingdom","E1 7HX","English","Female","","Married","5+","2019-05-01","1969-02-05","Kylie.Martin@aol.com","199-965-7720"
74628,"Emmalee","Welch","Denver","United States","80208","English","Female","","Married","1","2021-12-10","1997-01-21","Emmalee.Welch@gmail.com","711-425-6502"
87596,"Luis","Abbott","Vancouver","Canada","V5K 2H9","English","Male","","Undisclosed","Undisclosed","2022-01-05","1970-01-20","Luis.Abbott@hotmail.com","960-803-3483"
172000,"Angelica","Burton","  Vancouver","Canada","V5K 1H9","English","Male","","Single","0","2021-09-01","1953-12-05","Angelica.Burton@ymail.com","710-882-0900"
132608,"Bethany","Solis","London","United Kingdom","E1 7EB","English","Female","","Single","1","2019-04-28","1945-08-23","Bethany.Solis@ymail.com","311-992-7873"
104979,"Aniya","Gallegos","Denver","United States","80204","English","Male","","Single","0","2020-05-14","1946-01-21","Aniya.Gallegos@ymail.com","103-268-7958"
218967,"Clare","Davila","Barcelona","Spain","08013","Spanish","Male","","Divorced/Seperated","0","2019-01-29","1976-03-30","**~MASKED~**.**~MASKED~**@gmail.com","111-111-1111"
2180,"Manuel","Huerta","  San Mateo","United States","94404","English","Female","","Divorced/Seperated","0","2020-08-02","2002-03-13","Manuel.Huerta@gmail.com","388-001-8459"
33446,"Nicolas","Poole","Montreal","Canada","H4N 3E8","English","Male","","Undisclosed","Undisclosed","2020-10-09","1978-07-31","Nicolas.Poole@hotmail.com","636-498-0253"
16280,"Amaris","Sutton","  Hamburg","Germany","21129","German","Male","","Married","3","2021-04-16","1950-11-30","Amaris.Sutton@ymail.com","709-317-6643"
164515,"Tyrell","Williamson","Seoul","South Korea","100-011","Korean","Female","","Married","4","2019-10-19","1970-09-30","Tyrell.Williamson@hotmail.com","389-000-1316"
148528,"Talan","Knox","Denver","United States","80227","English","Undisclosed","","Divorced/Seperated","2","2022-01-10","1951-09-08","Talan.Knox@ymail.com","270-227-4095"
96134,"Jaycee","Herrera","Vancouver","Canada","V5K 2E6","English","Male","","Undisclosed","Undisclosed","2020-06-20","1993-11-01","Jaycee.Herrera@gmail.com","606-165-3593"
68760,"Alina","Maddox","  London","United Kingdom","E1 8AB","English","Female","","Undisclosed","Undisclosed","2020-09-12","1951-10-28","Alina.Maddox@ymail.com","508-277-1642"
164715,"Jayvion","Terry","Warsaw","Poland","00-035","Polish","Undisclosed","","Single","1","2020-03-17","1993-08-07","Jayvion.Terry@gmail.com","173-302-9619"
37912,"Anna","Boyd","Montreal","Canada","H2J 3E3","English","Male","","Married","2","2021-11-26","1990-03-28","Anna.Boyd@gmail.com","638-032-8415"
183528,"Coleman","Barrett","Mumbai","India","400004","Hindi","Undisclosed","","Divorced/Seperated","3","2019-12-21","1981-11-22","Coleman.Barrett@hotmail.com","745-964-1235"
14762,"Reese","Mercer","HAMBURG","Germany","21129","German","Undisclosed","","Single","0","2021-09-01","1975-06-09","Reese.Mercer@hotmail.com","758-157-9013"
176704,"Rayna","Moses","Delhi","India","110093","Hindi","Male","","Single","0","2021-04-29","1979-08-20","Rayna.Moses@hotmail.com","550-154-9991"
98271,"Ashley","Mercer","Delhi","India","110041","Hindi","Female","","Married","2","2020-07-10","1975-03-22","Ashley.Mercer@hotmail.com","382-496-4523"
187456,"Jaylon","Mccormick","Sydney","Australia","2055","English","Female","","Single","1","2022-02-11","1946-07-18","Jaylon.Mccormick@ymail.com","094-937-5109"
142048,"Iris","Wiggins","San Mateo","United States","94497","English","Female","","Undisclosed","Undisclosed","2022-01-14","2005-05-13","Iris.Wiggins@gmail.com","200-611-9558"
200166,"Malachi","Lam","Sao Paulo","Brazil","","Portuguese","Male","","Married","3","2019-03-19","1953-06-16","**~MASKED~**.**~MASKED~**@att.net","111-111-1111"
124068,"Itzel","Lawrence","Delhi","India","110084","Hindi","Male","","Married","0","2021-01-10","1947-11-05","Itzel.Lawrence@ymail.com","218-527-4525"
115469,"Kinley","Todd","Sydney","Australia","2020","English","Male","","Married","2","2020-04-10","1974-02-16","Kinley.Todd@hotmail.com","759-272-5738"
11835,"Paulina","Sexton","Stockholm","Sweden","6100","Swedish","Male","","Married","1","2019-03-30","1990-08-01","Paulina.Sexton@gmail.com","381-513-6592"
37945,"Madden","Cox","Toronto","Canada","M4C 3M7","English","Female","","Married","0","2019-10-03","1993-10-13","Madden.Cox@gmail.com","367-284-7526"
101978,"Edgar","Wheeler","Vancouver","Canada","V5K 0A5","English","Female","","Single","0","2021-08-01","1952-07-04","Edgar.Wheeler@ymail.com","878-781-4070"
20909,"Philip","Patel","Krakow","Poland","31-5","Polish","Female","","Single","0","2021-05-09","1965-09-27","Philip.Patel@aol.com","052-426-6593"
49701,"Moises","Riddle","Mumbai  ","India","400018","Hindi","Female","","Married","2","2022-01-04","1967-01-20","Moises.Riddle@aol.com","622-020-7170"
139614,"Kylee","Jones","Warsaw","Poland","00-015","Polish","Male","","Single","0","2021-06-25","1949-05-14","Kylee.Jones@ymail.com","687-889-1319"
148685,"Brodie","Jimenez","Warsaw","Poland","00-019","Polish","Female","","Single","0","2020-08-20","1998-11-22","Brodie.Jimenez@gmail.com","579-317-2528"
218420,"London","Grant","  Madrid","Spain","28021","Spanish","Female","","Married","3","2019-02-19","1993-09-21","**~MASKED~**.**~MASKED~**@netscape.net","111-111-1111"
183056,"Gunner","Hobbs","Mumbai","India","400060","Hindi","Male","","Single","0","2019-08-13","1990-12-16","Gunner.Hobbs@gmail.com","330-184-7744"
135559,"Emmy","Woodward","San Mateo","United States","94404","English","Undisclosed","","Single","0","2021-02-17","2001-09-20","Emmy.Woodward@gmail.com","095-183-8053"
115882,"Kaiya","Lamb","NICE","France","6200","French","Female","","Divorced/Seperated","2","2021-11-25","1975-05-12","Kaiya.Lamb@hotmail.com","808-860-1182"
179119,"Marina","Shaw","Seattle","United States","98170","English","Male","","Married","3","2020-04-28","1956-01-27","Marina.Shaw@aol.com","446-946-8750"
4997,"Desiree","Hansen","Krakow","Poland","31-5","Polish","Male","","Single","0","2022-05-01","1990-03-28","Desiree.Hansen@gmail.com","078-948-2817"
198155,"Ariel","Warren","Warsaw","Poland","00-021","Polish","Female","","Single","0","2021-05-16","1943-04-04","Ariel.Warren@ymail.com","064-067-9834"
10571,"Mohammad","Graves","Cairo","Egypt","00000","Arabic","Male","","Married","1","2020-01-18","2003-03-03","Mohammad.Graves@gmail.com","664-273-5599"
36200,"Kameron","Fields","  London","United Kingdom","E1 7AF","English","Female","","Single","0","2022-05-30","1976-09-08","Kameron.Fields@hotmail.com","322-595-5290"
197299,"Charlize","Flores","Seattle","United States","98199","English","Male","","Single","0","2020-06-11","1977-12-12","Charlize.Flores@hotmail.com","546-372-4889"
31304,"Aydin","Banks","Barcelona","Spain","08013","English","Female","","Married","4","2020-02-08","1950-01-08","Aydin.Banks@ymail.com","217-851-2527"
207172,"Ashton","Strickland","Cairo","Egypt","00000","Arabic","Male","","Single","0","2019-01-22","1957-06-18","**~MASKED~**.**~MASKED~**@netscape.net","111-111-1111"
118246,"Liana","Oneal","Toronto","Canada","M4C 3M7","English","Male","","Married","0","2021-12-13","1994-03-15","Liana.Oneal@gmail.com","095-178-9185"
138209,"Kenyon","Todd","Delhi","India","110041","Hindi","Male","","Single","0","2020-10-24","1979-09-28","Kenyon.Todd@hotmail.com","452-357-9719"
20476,"Darryl","Bright","Tokyo","Japan","100-0400","Japanese","Male","","Married","3","2020-12-21","1976-04-17","Darryl.Bright@hotmail.com","409-062-7535"
43350,"Bronson","Potts","Mumbai","India","400017","Hindi","Female","","Single","0","2020-09-07","1959-02-14","Bronson.Potts@aol.com","168-833-9283"
210017,"Lucia","Lucero","Berlin","Germany","","German","Male","","Single","0","2019-01-29","1966-06-28","**~MASKED~**.**~MASKED~**@yahoo.com","111-111-1111"
103076,"Jase","Flynn","Seoul","South Korea","100-210","Korean","Female","","Divorced/Seperated","4","2019-02-12","2003-08-13","Jase.Flynn@gmail.com","698-067-1483"
68361,"Luciana","Hogan","Mumbai  ","India","400097","Hindi","Female","","Divorced/Seperated","2","2021-04-10","1983-06-03","Luciana.Hogan@hotmail.com","763-087-2128"
217188,"Alayna","Maynard","Hamburg","Germany","21129","German","Male","","Single","0","2019-06-25","1991-02-05","**~MASKED~**.**~MASKED~**@netscape.net","111-111-1111"
163584,"Jared","Bauer","London","United Kingdom","E1 7LS","English","Female","","Single","0","2022-02-23","1977-05-24","Jared.Bauer@hotmail.com","137-017-2306"
151417,"Santos","Rhodes","San Mateo","United States","94403","English","Male","","Married","5+","2021-05-04","1988-01-12","Santos.Rhodes@hotmail.com","159-659-8364"
36245,"Timothy","Hoover","Cape Town","South Africa","8005","English","Female","","Single","0","2022-04-04","1959-11-25","Timothy.Hoover@aol.com","126-428-4626"
113706,"Julianna","Kidd","Paris","France","75015","French","Male","","Single","0","2021-05-06","1948-12-20","Julianna.Kidd@ymail.com","087-287-3641"
136922,"Drake","Hill","SEOUL","South Korea","100-195","Korean","Female","","Divorced/Seperated","2","2020-04-12","1991-09-26","Drake.Hill@gmail.com","659-205-0752"
206670,"Sincere","Estes","Cairo","Egypt","00000","Arabic","Female","","Single","0","2019-08-27","1980-03-18","**~MASKED~**.**~MASKED~**@ymail.com","111-111-1111"
36641,"Skye","Campbell","Montreal  ","Canada","H1X 2K6","English","Female","","Undisclosed","Undisclosed","2020-07-02","1950-11-15","Skye.Campbell@ymail.com","713-617-6666"
175310,"Markus","Kelley","Mumbai","India","400057","Hindi","Male","","Undisclosed","Undisclosed","2019-02-27","1956-03-29","Markus.Kelley@aol.com","435-073-5851"
113347,"Charles","Potter","Denver","United States","80208","English","Male","","Single","0","2021-05-14","2003-04-26","Charles.Potter@gmail.com","386-709-9069"
221384,"Dayanara","Gilbert","Munich","Germany","80809","German","Undisclosed","","Single","0","2019-06-18","1951-10-23","**~MASKED~**.**~MASKED~**@att.net","111-111-1111"
212436,"Aurora","Curtis","Madrid","Spain","28021","Spanish","Female","","Married","2","2019-06-04","1958-02-04","**~MASKED~**.**~MASKED~**@netscape.net","111-111-1111"
90205,"Kenneth","Patrick","Seattle","United States","98199","English","Male","","Single","0","2021-05-18","1941-10-15","Kenneth.Patrick@ymail.com","323-407-4545"
190875,"Angela","Hanna","Warsaw","Poland","00-039","Polish","Female","","Undisclosed","Undisclosed","2020-05-20","1947-02-27","Angela.Hanna@ymail.com","100-154-5843"
138283,"Mohamed","Hanna","nice","France","6300","French","Female","","Single","2","2019-08-28","1982-11-26","Mohamed.Hanna@hotmail.com","560-845-0066"
148198,"Braydon","Rowland","Warsaw","Poland","00-038","Polish","Male","","Married","4","2021-11-16","2003-05-14","Braydon.Rowland@gmail.com","395-720-0491"
103529,"Bella","Conley","Boston","United States","2151","English","Male","","Single","0","2020-06-12","1944-12-02","Bella.Conley@ymail.com","101-532-6880"
192004,"Maia","Cuevas","New York City","United States","10467","English","Female","","Married","1","2022-01-12","1970-09-09","Maia.Cuevas@hotmail.com","616-524-7925"
190179,"Baylee","Aguilar","Seattle","United States","98103","English","Male","","Divorced/Seperated","2","2020-04-29","1945-01-07","Baylee.Aguilar@ymail.com","955-199-6386"
186951,"Alexzander","Villarreal","Mumbai","India","400064","Hindi","Undisclosed","","Single","2","2019-04-26","1996-07-18","Alexzander.Villarreal@gmail.com","568-901-9410"
57271,"Alberto","Reese","Boston","United States","2151","English","Male","","Married","1","2019-02-04","1975-04-14","Alberto.Reese@hotmail.com","719-391-3609"
75726,"Diego","Lambert","Sydney","Australia","2060","English","Female","","Single","0","2020-04-07","1958-07-28","Diego.Lambert@aol.com","710-635-1837"
35487,"Perla","Cole","Warsaw","Poland","00-012","Polish","Male","","Single","0","2019-12-18","2005-01-29","Perla.Cole@gmail.com","119-179-0848"
73831,"Ronin","Mcconnell","Warsaw","Poland","00-064","Polish","Female","","Married","2","2019-09-12","1969-05-19","Ronin.Mcconnell@aol.com","070-560-9914"
130742,"Corinne","Jimenez","NICE","France","6200","French","Male","","Married","2","2019-12-13","1949-09-08","Corinne.Jimenez@ymail.com","615-665-6712"
40783,"Maximillian","Valdez","krakow","Poland","31-5","Polish","Male","","Married","3","2020-01-13","1986-12-05","Maximillian.Valdez@hotmail.com","067-833-1937"
208000,"Bronson","Franco","  Cape Town","South Africa","8005","English","Undisclosed","","Single","0","2019-01-22","1973-08-28","**~MASKED~**.**~MASKED~**@gmail.com","111-111-1111"
67519,"London","Stokes","San Mateo","United States","94403","English","Female","","Single","0","2019-12-10","2003-08-15","London.Stokes@gmail.com","262-432-8752"
153428,"Ethan","Dominguez","Delhi","India","110006","Hindi","Male","","Single","0","2020-07-30","1988-09-14","Ethan.Dominguez@hotmail.com","739-543-2523"
81072,"Trevon","Clay","Warsaw","Poland","00-061","Polish","Male","","Single","0","2021-07-02","1946-06-25","Trevon.Clay@ymail.com","642-453-5431"
125674,"Brenton","Bowen","Delhi","India","110084","Hindi","Male","","Divorced/Seperated","2","2020-01-28","1960-09-18","Brenton.Bowen@aol.com","687-111-0261"
141315,"Alessandra","Maddox","London","United Kingdom","E1 7DG","English","Male","","Single","0","2021-02-10","1972-06-27","Alessandra.Maddox@hotmail.com","119-114-9273"
203636,"Cochran","Rubio","Berlin","Germany","","German","Female","","Divorced/Seperated","0","2019-03-05","1953-01-27","**~MASKED~**.**~MASKED~**@att.net","111-111-1111"
162363,"Nathalia","Bradshaw","sydney","Australia","2001","English","Female","","Married","4","2022-01-12","1990-01-15","Nathalia.Bradshaw@gmail.com","081-030-3402"
201890,"Mathew","Curry","Rio de Janeiro","Brazil","","Portuguese","Male","","Single","0","2019-02-12","1949-02-15","**~MASKED~**.**~MASKED~**@att.net","111-111-1111"
103131,"Isis","Fowler","Delhi","India","110041","Hindi","Female","","Married","4","2020-03-30","1980-03-12","Isis.Fowler@hotmail.com","744-339-9152"
196903,"Jovani","Cardenas","seattle","United States","98199","English","Male","","Single","0","2020-02-13","1998-06-11","Jovani.Cardenas@gmail.com","382-815-2252"
141451,"Esther","Burgess","Montreal","Canada","H3A 2H6","English","Male","","Single","2","2020-08-05","1967-06-14","Esther.Burgess@aol.com","761-959-3254"
45573,"Trenton","Myers","Toronto","Canada","M4C 1X6","English","Female","","Married","0","2019-03-16","1957-11-22","Trenton.Myers@aol.com","376-695-5572"
125294,"Leia","Hayes","Sydney","Australia","1235","English","Male","","Divorced/Seperated","2","2020-02-02","1970-02-15","Leia.Hayes@hotmail.com","877-445-9629"
62659,"Diego","Lambert","Sydney","Australia","2006","English","Male","","Single","0","2019-12-18","1981-08-29","Diego.Lambert@hotmail.com","077-563-8271"
6748,"Stella","Thompson","Hamburg","Germany","21129","German","Male","","Single","0","2022-06-30","2004-01-09","Stella.Thompson@gmail.com","883-019-2836"
22516,"Kelton","Carroll","Rio de Janeiro","Brazil","22753-000","Portuguese","Male","","Married","3","2021-08-17","1969-03-11","Kelton.Carroll@aol.com","050-043-6702"
63195,"Frances","Barnett","London","United Kingdom","E1 7DD","English","Male","","Single","0","2022-01-29","1999-03-06","Frances.Barnett@gmail.com","977-383-6355"
145905,"Amiya","Boone","Nice","France","6100","French","Female","","Single","0","2022-06-27","1963-06-03","Amiya.Boone@aol.com","222-802-1506"
51185,"Colby","Mccarthy","Denver","United States","80266","English","Undisclosed","","Single","0","2019-06-14","1945-02-12","Colby.Mccarthy@ymail.com","620-870-9264"
6110,"Taniya","Bright","Hamburg","Germany","21129","German","Male","","Married","1","2020-05-23","1949-07-06","Taniya.Bright@ymail.com","261-023-6453"
47044,"Chelsea","Chandler","Rio de Janeiro","Brazil","22753-000","Portuguese","Male","","Married","5+","2020-01-25","1969-03-24","Chelsea.Chandler@aol.com","351-376-6103"
106728,"Solomon","Pugh","Sydney","Australia","1466","English","Male","","Single","0","2020-07-01","1977-11-10","Solomon.Pugh@hotmail.com","547-521-0722"
111504,"Jaylynn","Lawson","Montreal","Canada","H4E 1B5","English","Female","","Married","2","2019-06-07","1978-06-22","Jaylynn.Lawson@hotmail.com","326-869-1293"
181351,"Katrina","Briggs","Denver","United States","80211","English","Female","","Single","0","2022-01-20","1979-01-26","Katrina.Briggs@hotmail.com","114-045-0712"
112710,"Denzel","Stewart","Seattle","United States","98195","English","Male","","Married","2","2020-04-16","1984-02-16","Denzel.Stewart@hotmail.com","258-488-2158"
133101,"Jackson","Villegas","San Mateo  ","United States","94010","English","Male","","Divorced/Seperated","1","2021-01-27","1986-08-25","Jackson.Villegas@hotmail.com","861-796-6102"
101769,"Jeffrey","Mercado","Montreal","Canada","H3M 1R6","English","Male","","Single","0","2020-06-16","1991-03-14","Jeffrey.Mercado@gmail.com","531-910-0641"
130046,"Jocelynn","Soto","Paris","France","75012","French","Male","","Single","0","2022-04-17","1997-03-14","Jocelynn.Soto@gmail.com","184-032-2186"
19292,"Madyson","Sexton","Rio de Janeiro","Brazil","22753-000","Portuguese","Female","","Single","0","2019-01-26","1950-08-22","Madyson.Sexton@ymail.com","698-993-1685"
61035,"Cason","Schultz","Madrid","Spain","28021","Spanish","Female","","Single","0","2019-09-05","1946-05-28","Cason.Schultz@ymail.com","474-718-3060"
121840,"Ireland","Day","  Montreal","Canada","H1X 2K6","English","Male","","Single","0","2020-01-17","1954-04-25","Ireland.Day@ymail.com","475-148-2755"
133893,"Jaylen","Montoya","Melbourne","Australia","3052","English","Female","","Single","0","2021-07-21","1985-03-06","Jaylen.Montoya@hotmail.com","977-673-8161"
137248,"Brodie","Castillo","Paris","France","75015","French","Female","","Single","0","2019-06-26","1983-04-21","Brodie.Castillo@hotmail.com","990-789-4417"
194686,"Alivia","Woodard","Warsaw","Poland","00-013","Polish","Undisclosed","","Married","2","2020-09-20","1995-12-25","Alivia.Woodard@gmail.com","541-100-9840"
157748,"Rex","Moyer","Melbourne","Australia","3045","English","Female","","Divorced/Seperated","5+","2020-12-07","1945-06-06","Rex.Moyer@ymail.com","333-140-9805"
106927,"Marlon","Rush","Seoul","South Korea","100-014","Korean","Male","","Married","3","2022-06-16","1978-02-05","Marlon.Rush@hotmail.com","759-028-2688"
86598,"Chase","Macdonald","New York City","United States","10025","English","Female","","Single","0","2022-02-11","1981-02-28","Chase.Macdonald@hotmail.com","146-468-5942"
178394,"Jasmin","Simpson","Manchester","United Kingdom","M1 2BB","English","Female","","Single","0","2020-12-28","1961-05-21","Jasmin.Simpson@aol.com","111-929-6300"
194549,"Riley","Johnson","Boston","United States","2135","English","Male","","Single","0","2020-04-22","1962-10-23","Riley.Johnson@aol.com","159-796-9247"
115588,"August","Howell","Toronto","Canada","M4C 1L8","English","Male","","Single","0","2021-07-16","1994-12-15","August.Howell@gmail.com","530-259-6381"
148396,"Cora","Molina","Boston","United States","2124","English","Female","","Divorced/Seperated","1","2021-02-02","1962-08-22","Cora.Molina@aol.com","466-127-9407"
6924,"Elvis","Schmidt","Madrid","Spain","28021","Spanish","Female","","Single","0","2020-10-06","1977-11-29","Elvis.Schmidt@hotmail.com","245-568-4607"
43000,"Iyana","Rodriguez","  Mumbai","India","400059","Hindi","Male","","Married","0","2020-03-09","1941-05-18","Iyana.Rodriguez@ymail.com","440-130-1887"
160835,"Dominik","Soto","Nice","France","6200","French","Male","","Married","4","2021-09-23","1969-01-19","Dominik.Soto@aol.com","159-403-8589"
121613,"Darion","Glenn","Seattle","United States","98115","English","Male","","Single","0","2021-09-27","1982-11-15","Darion.Glenn@hotmail.com","350-070-0318"
168692,"Giselle","Bartlett","Warsaw","Poland","00-029","Polish","Male","","Married","1","2021-10-01","1990-10-21","Giselle.Bartlett@gmail.com","700-452-4702"
158918,"Aleah","Vasquez","Seattle","United States","98199","English","Female","","Single","0","2021-06-01","1944-08-24","Aleah.Vasquez@ymail.com","565-091-4727"
33537,"Sullivan","Chaney","Stockholm","Sweden","6300","Swedish","Male","","Married","3","2022-06-22","1987-06-02","Sullivan.Chaney@hotmail.com","643-446-4533"
34907,"Charlize","Rivas","Madrid","Spain","28021","Spanish","Male","","Married","2","2019-09-08","1947-06-29","Charlize.Rivas@ymail.com","484-864-8072"
202161,"Raphael","Morris","Rio de Janeiro  ","Brazil","","Portuguese","Female","","Single","0","2019-08-20","1961-03-07","**~MASKED~**.**~MASKED~**@excite.com","111-111-1111"
93994,"Cynthia","Coleman","Vancouver","Canada","V5K 2E6","English","Male","","Single","0","2021-11-03","1962-01-04","Cynthia.Coleman@aol.com","679-627-3380"
35589,"Johan","Gay","Krakow","Poland","31-5","Polish","Female","","Single","0","2019-01-21","1949-05-18","Johan.Gay@ymail.com","098-907-9778"
147576,"Joanna","Macdonald","Nice","France","600","French","Undisclosed","","Married","1","2021-09-12","1943-10-18","Joanna.Macdonald@ymail.com","751-498-5675"
50911,"Taniyah","Morrow","Boston","United States","2151","English","Male","","Married","2","2020-11-09","1983-03-16","Taniyah.Morrow@hotmail.com","362-462-3704"
47169,"Jaylen","Robbins","Manchester","United Kingdom","M1 1HF","English","Undisclosed","","Married","3","2021-10-18","1941-08-26","Jaylen.Robbins@ymail.com","379-220-3776"
85021,"Eddie","Mcmahon","Manchester  ","United Kingdom","M1 1EZ","English","Female","","Undisclosed","Undisclosed","2019-08-01","1972-09-11","Eddie.Mcmahon@hotmail.com","786-079-8633"
128872,"Levi","Gallegos","Melbourne","Australia","3010","English","Female","","Single","0","2020-08-06","1952-03-01","Levi.Gallegos@ymail.com","751-673-5456"
150604,"Olivia","Deleon","Tokyo","Japan","176-0000","Japanese","Female","","Married","0","2019-10-04","1994-05-27","Olivia.Deleon@gmail.com","704-082-2610"
15017,"Jade","Hansen","Munich","Germany","80809","German","Male","","Married","2","2019-12-16","1977-04-18","Jade.Hansen@hotmail.com","201-544-1343"
72802,"Tomas","Ayala","DENVER","United States","80228","English","Male","","Married","1","2022-03-14","1979-08-25","Tomas.Ayala@hotmail.com","633-037-0732"
159074,"Sara","Leblanc","Seoul","South Korea","100-273","Korean","Female","","Single","0","2022-06-28","1983-07-20","Sara.Leblanc@hotmail.com","754-773-1955"
189804,"Heidy","Hunt","London","United Kingdom","E1 7LW","English","Male","","Married","4","2019-05-31","1955-12-02","Heidy.Hunt@ymail.com","351-494-6980"
170781,"Jade","Combs","New York City  ","United States","11385","English","Female","","Single","0","2019-05-18","1969-02-12","Jade.Combs@aol.com","426-522-1290"
37622,"Aldo","Adkins","MUNICH","Germany","80809","German","Male","","Married","1","2019-01-16","1994-11-18","Aldo.Adkins@gmail.com","510-247-7864"
18798,"Kamari","Khan","Cairo","Egypt","00000","Arabic","Female","","Married","1","2019-09-30","2004-12-14","Kamari.Khan@gmail.com","730-755-6311"
191881,"Amari","Riley","Toronto  ","Canada","M4C 1V8","English","Male","","Married","3","2022-06-01","1960-01-16","Amari.Riley@aol.com","367-218-4551"
5707,"Leanna","Riggs","Munich","Germany","80809","German","Male","","Single","1","2020-06-07","1994-09-05","Leanna.Riggs@gmail.com","138-430-9931"
215422,"Bailey","Richmond","MUNICH","Germany","80809","German","Female","","Divorced/Seperated","2","2019-04-16","1988-07-26","**~MASKED~**.**~MASKED~**@hotmail.com","111-111-1111"
155842,"Gauge","Bryant","SAN MATEO","United States","94497","English","Female","","Undisclosed","Undisclosed","2021-02-21","1961-07-31","Gauge.Bryant@aol.com","168-402-3496"
117844,"Araceli","Kirby","Paris","France","75017","French","Male","","Married","2","2022-04-26","2002-05-08","Araceli.Kirby@gmail.com","115-474-0001"
85145,"Alana","Miranda","Vancouver","Canada","V5K 0A1","English","Male","","Married","1","2020-06-18","1996-12-29","Alana.Miranda@gmail.com","054-601-7595"
26600,"Yair","Griffith","  Tokyo","Japan","144-0000","Japanese","Female","","Single","0","2021-03-03","1967-11-28","Yair.Griffith@aol.com","068-363-4788"
110075,"Francis","Valentine","Seoul","South Korea","100-043","Korean","Female","","Single","0","2019-10-18","1997-03-16","Francis.Valentine@gmail.com","065-706-6784"
84578,"Byron","Barr","Mumbai","India","400068","Hindi","Female","","Single","0","2019-08-31","1949-07-12","Byron.Barr@ymail.com","434-246-0138"
73485,"Rowan","Willis","Delhi","India","110062","Hindi","Male","","Single","1","2021-08-20","1996-11-16","Rowan.Willis@gmail.com","176-699-3228"
87253,"Kaitlynn","Joyce","Denver","United States","80208","English","Male","","Undisclosed","Undisclosed","2020-12-18","1987-12-09","Kaitlynn.Joyce@hotmail.com","732-597-1285"
20196,"Nathan","Fritz","Krakow","Poland","31-5","Polish","Undisclosed","","Single","0","2020-06-07","1999-11-03","Nathan.Fritz@gmail.com","636-040-1985"
67330,"Vicente","Garcia","Warsaw","Poland","00-056","Polish","Female","","Undisclosed","Undisclosed","2020-09-21","1990-01-10","Vicente.Garcia@gmail.com","312-548-7854"
156023,"Lucille","Dunlap","manchester","United Kingdom","M1 1JP","English","Female","","Divorced/Seperated","2","2019-12-22","1978-02-03","Lucille.Dunlap@hotmail.com","812-245-1433"
56907,"Kolby","Owen","Warsaw","Poland","00-005","Polish","Female","","Undisclosed","Undisclosed","2020-01-01","1993-09-09","Kolby.Owen@gmail.com","149-829-9607"
98095,"Cory","Wilkinson","Boston","United States","2108","English","Undisclosed","","Married","3","2019-11-22","1964-05-14","Cory.Wilkinson@aol.com","110-183-5399"
14543,"Marcel","Best","sao paulo","Brazil","04849-000","Portuguese","Male","","Undisclosed","Undisclosed","2022-06-27","1965-02-19","Marcel.Best@aol.com","242-994-4221"
38708,"Soren","Baldwin","Madrid","Spain","28021","Spanish","Female","","Married","0","2019-03-11","1966-02-11","Soren.Baldwin@aol.com","051-190-6025"
66165,"Kellen","Cummings","Warsaw","Poland","00-075","Polish","Undisclosed","","Single","1","2021-03-18","1950-06-07","Kellen.Cummings@ymail.com","742-939-0249"
22243,"Abraham","Krause","stockholm","Sweden","6206","Swedish","Male","","Married","2","2020-01-13","1958-02-20","Abraham.Krause@aol.com","227-995-8774"
165310,"Zayden","Harding","Toronto","Canada","M4C 3C7","English","Male","","Single","0","2021-01-14","1984-07-14","Zayden.Harding@hotmail.com","364-131-2908"
104583,"Ean","Huber","delhi","India","110042","Hindi","Female","","Married","1","2021-06-04","2001-04-07","Ean.Huber@gmail.com","916-948-7182"
166587,"Matteo","Vincent","Sydney","Australia","2060","English","Female","","Single","0","2020-12-22","1951-10-18","Matteo.Vincent@ymail.com","605-651-8669"
74869,"Wade","Woods","Seoul","South Korea","100-013","Korean","Male","","Divorced/Seperated","4","2019-01-03","1975-05-08","Wade.Woods@hotmail.com","822-872-3374"
26164,"Makai","Murray","Mumbai","India","400069","Hindi","Female","","Single","1","2021-09-30","1991-03-12","Makai.Murray@gmail.com","730-781-6831"
176354,"Josh","Reese","Warsaw","Poland","00-025","Polish","Female","","Married","4","2020-07-26","1957-01-02","Josh.Reese@aol.com","532-986-4766"
161134,"Karly","Castro","New York City","United States","11208","English","Female","","Married","2","2020-10-13","1960-09-21","Karly.Castro@aol.com","612-256-6089"
76430,"Jan","Bowman","Nice","France","6206","French","Female","","Single","1","2021-02-03","1993-02-11","Jan.Bowman@gmail.com","976-290-6748"
39925,"Turner","White","Stockholm","Sweden","6300","Swedish","Male","","Single","1","2019-02-25","1989-02-02","Turner.White@gmail.com","641-296-1791"
208895,"Dario","Odom","Munich","Germany","80809","German","Undisclosed","","Married","1","2019-03-19","1960-03-08","**~MASKED~**.**~MASKED~**@excite.com","111-111-1111"
34790,"Pedro","Browning","Cairo","Egypt","00000","Arabic","Male","","Married","2","2019-02-04","1968-07-30","Pedro.Browning@aol.com","254-723-9047"
168216,"Kamora","Gonzales","Warsaw","Poland","00-015","Polish","Female","","Single","0","2021-05-26","1946-08-01","Kamora.Gonzales@ymail.com","526-875-8710"
103931,"Eddie","Bryant","Tokyo","Japan","176-0000","Japanese","Female","","Married","0","2019-03-25","1943-03-08","Eddie.Bryant@ymail.com","307-445-5886"
183194,"Daniella","Sheppard","Paris","France","75012","French","Female","","Married","0","2020-05-14","1973-12-27","Daniella.Sheppard@hotmail.com","569-246-5581"
152689,"Juan","Cline","New York City","United States","11236","English","Male","","Undisclosed","Undisclosed","2019-12-20","1984-03-16","Juan.Cline@hotmail.com","747-561-6261"
203740,"Adkins","Pena","  Berlin","Germany","","German","Female","","Single","0","2019-01-15","1967-09-05","**~MASKED~**.**~MASKED~**@usa.net","111-111-1111"
160026,"Jaida","Bradley","Sydney","Australia","2020","English","Undisclosed","","Divorced/Seperated","2","2019-06-27","1986-03-07","Jaida.Bradley@hotmail.com","541-437-7621"
41877,"Tessa","Kerr","Montreal","Canada","H4E 1B5","English","Male","","Married","2","2021-10-23","1997-01-03","Tessa.Kerr@gmail.com","619-628-9046"
216617,"Walter","Lozano","Hamburg","Germany","21129","German","Undisclosed","","Single","0","2019-04-23","1958-02-11","**~MASKED~**.**~MASKED~**@netscape.net","111-111-1111"
192148,"Ariana","Brock","Paris","France","75003","French","Female","","Single","0","2020-01-09","1987-02-01","Ariana.Brock@hotmail.com","378-372-5526"
38600,"Kaylynn","Page","  Barcelona","Spain","08013","English","Female","","Single","0","2021-08-14","1985-01-27","Kaylynn.Page@hotmail.com","803-628-6566"
74400,"Isaiah","Kline","  San Mateo","United States","94401","English","Female","","Single","0","2021-02-26","1969-05-28","Isaiah.Kline@aol.com","507-193-9406"
202448,"Aden","Frazier","Rio de Janeiro","Brazil","","Portuguese","Female","","Single","0","2019-04-23","1987-03-03","**~MASKED~**.**~MASKED~**@gmail.com","111-111-1111"
109108,"Adison","Hoffman","Melbourne","Australia","3010","English","Female","","Undisclosed","Undisclosed","2020-04-08","1956-06-29","Adison.Hoffman@aol.com","272-447-1001"
5489,"Mathias","Ingram","Rio de Janeiro","Brazil","22753-000","Portuguese","Female","","Single","0","2019-07-04","2002-01-23","Mathias.Ingram@gmail.com","590-072-8951"
21233,"Devyn","Roach","Madrid","Spain","28021","Spanish","Male","","Single","0","2019-08-03","1998-08-13","Devyn.Roach@gmail.com","125-867-0686"
52638,"Jewel","Chang","Mumbai","India","400059","Hindi","Undisclosed","","Single","0","2021-05-18","1981-11-05","Jewel.Chang@hotmail.com","161-504-0279"
56522,"Ariella","Reyes","NEW YORK CITY","United States","11236","English","Undisclosed","","Married","1","2021-11-14","1965-01-14","Ariella.Reyes@aol.com","837-540-6514"
200830,"Leon","Byrd","Sao Paulo","Brazil","","Portuguese","Male","","Divorced/Seperated","0","2019-03-19","1972-03-07","**~MASKED~**.**~MASKED~**@gmail.com","111-111-1111"
191172,"Aspen","Flores","San Mateo","United States","94403","English","Male","","Undisclosed","Undisclosed","2020-05-26","1948-02-28","Aspen.Flores@ymail.com","638-281-4806"
172102,"Dustin","Camacho","NEW YORK CITY","United States","11373","English","Female","","Divorced/Seperated","3","2020-06-05","2004-11-17","Dustin.Camacho@gmail.com","710-697-1026"
145646,"Akira","Warren","Boston","United States","2124","English","Male","","Undisclosed","Undisclosed","2019-12-23","1984-12-17","Akira.Warren@hotmail.com","901-557-5328"
199404,"Alyssa","Rodgers","Sydney","Australia","2020","English","Male","","Married","0","2022-02-03","1999-01-20","Alyssa.Rodgers@gmail.com","614-940-0839"
25796,"Alfredo","Mack","Warsaw","Poland","00-021","Polish","Female","","Married","1","2019-11-13","1983-03-28","Alfredo.Mack@hotmail.com","916-259-5782"
98670,"Chance","Abbott","Boston","United States","2124","English","Male","","Divorced/Seperated","2","2019-07-04","1955-04-22","Chance.Abbott@ymail.com","386-650-6102"
124062,"Caroline","Pitts","NICE","France","6200","French","Undisclosed","","Single","0","2021-01-06","1984-07-27","Caroline.Pitts@hotmail.com","335-511-9574"
107371,"Zion","Powell","Nice","France","6300","French","Male","","Undisclosed","Undisclosed","2019-06-29","1947-09-27","Zion.Powell@ymail.com","444-655-5306"
43692,"Nathaniel","Moyer","Manchester","United Kingdom","M1 1WD","English","Female","","Married","5+","2020-03-29","2002-12-25","Nathaniel.Moyer@gmail.com","047-649-9246"
162261,"Carla","Terry","Nice  ","France","600","French","Male","","Undisclosed","Undisclosed","2021-11-18","1959-10-22","Carla.Terry@aol.com","786-988-9714"
59934,"Eli","Snyder","Warsaw","Poland","00-015","Polish","Male","","Single","0","2019-12-12","1985-05-09","Eli.Snyder@hotmail.com","302-091-4219"
164772,"Amya","Butler","Boston","United States","2215","English","Female","","Single","0","2021-01-26","1976-12-26","Amya.Butler@hotmail.com","425-721-3561"
154573,"Elise","Olson","Manchester","United Kingdom","M1 1FY","English","Female","","Single","0","2022-06-02","2001-07-04","Elise.Olson@gmail.com","543-334-2117"
