"ORDER_ID","LANGUAGE","SOURCE","REVIEW","REVIEW_ID"
456469760,"en","1","A pair of Rack of Pork Ribs were served from the ""Smoky BBQ"" truck in Boston, adhering to my order. The meat exhibited tenderness, yielding effortlessly from the bone. The barbecue sauce presented a favorable blend of sweet and tangy tastes. Regrettably, the portion size fell short of anticipations. The truck's service proved prompt, and the staff showcased friendliness, ensuring a delightful dining experience. The food's quality was satisfactory, yet it didn't strikingly surpass other BBQ choices in the vicinity.",123594
456473014,"en","4","The ""Smoky BBQ"" truck in Boston failed to deliver the expected BBQ experience. The Spring Mix Salad was disappointingly wilted and lacked freshness. The Two Meat Plate was a letdown with tough, overcooked meat that lacked the smoky flavor promised by the truck's name. The Rack of Pork Ribs was no better, being too dry and lacking in seasoning. Even the Ice Tea was watered down and barely palatable. Overall, a deeply unsatisfying meal that didn't live up to the BBQ standard.",123595
456474888,"en","3","A well-curated menu at Smoky BBQ in Boston caters to carnivores' desires. Two meat plates showcase an ample assortment of pulled pork and ribs. Notably, the rack of pork ribs is a highly-acclaimed dish. Meat's tenderness and smoky flavor were perfectly balanced. Sides, such as expertly-prepared mashed potatoes and coleslaw, further elevated the dining experience. The food at Smoky BBQ demonstrated delectable flavors, and the service was commendably friendly.",123596
456475839,"en","3","The Mega Melt truck in Boston served up a solid grilled cheese experience. The Original sandwich was a classic, delivering a comforting blend of cheese and bread, grilled to perfection. The Ranch sandwich, on the other hand, offered a tangy twist that added a new dimension to the traditional grilled cheese. Both sandwiches were well-executed, but they didn't particularly stand out in a city known for its culinary scene. The truck's service was efficient, making it a convenient option for a quick, satisfying meal. Overall, The Mega Melt is a reliable choice for grilled cheese lovers, but it may not necessarily be a must-visit destination in Boston.",123597
456477020,"en","1","The ramen at Kitakata Ramen Bar in Boston is an absolute delight! The Spicy Miso Vegetable Ramen was a flavorful explosion, perfectly balancing the heat with the rich miso taste. The Tonkotsu Ramen was a classic, with its creamy pork broth and tender noodles. But the star of the show was the Creamy Chicken Ramen, a comforting bowl of goodness that left us craving for more. The service was prompt and the atmosphere was inviting. Kitakata Ramen Bar is a must-visit for ramen lovers!",123598
456478395,"en","2","The Tonkotsu Ramen at Kitakata Ramen Bar in Boston is a must-try for any ramen enthusiast. The broth is rich and flavorful, with a perfect balance of savory and spicy. The noodles are perfectly cooked, and the toppings are fresh and generous. The atmosphere is casual and inviting, and the staff are friendly and attentive. Overall, I highly recommend Kitakata Ramen Bar for a delicious and authentic ramen experience.",123599
456480152,"es","3"," ""The Mega Melt de The Grilled Cheese Truck es simplemente espectacular. ¡La combinación de quesos derretidos entre rebanadas de pan tostado es una delicia para el paladar! Ideal para disfrutar en una fría tarde de invierno en Boston. Definitivamente, The Original es una opción que no puedes dejar pasar. ¡Excelente servicio y calidad en cada bocado!""",123600
456482850,"en","2","Smoky BBQ truck in Boston offered a satisfactory BBQ experience. The Two Meat Plates were served in generous portions, providing a pleasant variety of flavors. Additionally, the Pulled Pork Sandwich was a delight, featuring tender and well-seasoned pork. The Bottled Water was a typical addition. However, there's room for enhancement in terms of seasoning and presentation to make the overall experience exceptional. The service was efficient, making the ordering process seamless. In a nutshell, Smoky BBQ is a decent dining choice for BBQ lovers in Boston.",123601
456484228,"en","4","I absolutely loved my experience at Not the Wurst Hot Dogs in Boston! The New York Dog and Coney Dog were both delicious, with the perfect balance of flavors and toppings. The Ice Tea and Bottled Water were also refreshing accompaniments to the meal. The quality of the food was top-notch and the service was fast and friendly. I would highly recommend this hot dog truck to anyone looking for a tasty and satisfying meal in Boston. I will definitely be returning for more!",123602
456485982,"en","6","Overall, I am extremely disappointed with the order I received from Smoky BBQ in Boston. The food was cold and unappetizing, and the service was abysmal.The two meat plate was a disaster. The meat was dry and overcooked, and the sides were bland and flavorless. The fried pickles were limp and greasy, and the ice tea was weak and watery.The rack of pork ribs was similarly unappetizing. The ribs were tough and chewy, and the sauce was too sweet and sticky. The fried pickles were the only saving grace, but they were not enough to make up for the rest of the poor food and service.",123603
456486069,"en","1"," ""Wow, simply wow! The Smoky BBQ truck in Boston truly knows how to satisfy a BBQ craving. I recently ordered Fried Pickles (twice, because they're that good!) and a Rack of Pork Ribs (also two, because why not?). The Fried Pickles were perfectly breaded and fried to golden perfection, with just the right amount of crunch and tangy flavor. And the Rack of Pork Ribs? Well, let's just say they fell off the bone and melted in my mouth. The smoky, sweet, and savory flavors were expertly balanced, making for a truly unforgettable BBQ experience. I highly recommend the Smoky BBQ truck to all my fellow BBQ lovers in Boston. You won't be disappointed!""",123604
456486315,"en","6","Disappointment was the main course at Guac n' Roll. The Three Taco Combo Plate and Chicken Burrito lacked flavor and freshness, while the Two Taco Combo Plate was lukewarm at best. The Ice Tea was watered down, failing to quench the thirst. Overall, the experience was underwhelming, especially considering Boston's vibrant food truck scene. I expected more from a truck named Guac n' Roll.",123605
456487905,"es","6"," ""Guac n' Roll"" de Boston, las tacos no estuvieron a la altura. Ordené dos combinaciones de tacos y una burrito de pollo. El sabor de los tacos fue insípido y la carne de pollo en el burrito estaba seca y sin jugo. La guarnición de frijoles y arroz también dejó mucho que desear. En general, mi experiencia fue decepcionante y no recomendaría este camión de comida a nadie.",123606
456490645,"en","2","Smoky BBQ in Boston delivered a satisfactory experience. The Fried Pickles were consistently crisp and well-seasoned, a delightful starter. The Pulled Pork Sandwich, however, was a bit of a mixed bag. While the pork was tender and flavorful, the bun was slightly over-toasted, making the overall eating experience less enjoyable. Despite this, the BBQ sauce had a nice tangy kick that complemented the pork well. Overall, it was a decent meal, but there's certainly room for improvement.",123607
456491734,"en","1","Grilled cheese sandwich, the Miss Piggie from The Mega Melt, is a delight for cheese enthusiasts. Crisp exterior and gooey interior define the bread, encompassing melted cheese and sweet-savory jam. Accompanying ice tea offers a refreshing counterbalance. Yet, a larger portion size would enhance value for the cost. Savoring the Miss Piggie, one appreciates a satisfying and enjoyable meal, ideal for casual dining.",123608
456492090,"en","4","Not the Wurst Hot Dogs truck, nestled in Boston, serves as a sanctuary for devotees of classic Chicago-style hot dogs. The menu, in its simplicity, spotlights two iconic offerings - the Chicago Dog and the Coney Dog, each a tribute to the culinary finesse of the Windy City. The Chicago Dog, a timeless masterpiece, is embellished with fresh poppy seeds, sweet relish, tomatoes, onions, and a dusting of sport peppers. In contrast, the Coney Dog showcases a generous portion of chili, cheese, and onions. Both hot dogs are presented on soft, poppyseed buns, accompanied by a side of crisp fries. The amiable staff and swift service enhance the experience, rendering it an essential stop for any hot dog aficionado exploring Boston.",123609
456496373,"en","3"," Disappointing experience at Kitakata Ramen Bar in Boston. The Ice Tea was overly sweet and lacked the refreshing taste I was expecting. The Creamy Chicken Ramen was bland, lacking the depth of flavor that good ramen should have. The chicken was dry and overcooked. The Spicy Miso Vegetable Ramen, on the other hand, was too spicy, overpowering the other flavors. The vegetables were undercooked, leaving a crunch that was unpleasant. Overall, the meal was a letdown and did not meet my expectations for a ramen bar.",123610
456496517,"en","4","Mega Melt food truck in Boston is a must-visit for grilled cheese enthusiasts! The ""Miss Piggie"" and ""The Ranch"" sandwiches I tried were outstanding. The bread was perfectly toasted, and the cheese was gooey and delicious. ""Miss Piggie"" offers a delightful balance of savory and sweet with its BBQ pulled pork and caramelized onions, while ""The Ranch"" adds a tangy twist to the classic grilled cheese with its ranch dressing and bacon. Generous portion sizes and friendly, efficient service make this a top recommendation for anyone seeking comfort food in Boston.",123611
456497537,"en","3","Guac n' Roll truly lives up to its name with an amazing array of tacos and burritos that are a fiesta of flavors! Their Two Taco Combo Plate and Three Taco Combo Plate were generously filled, offering a delightful blend of textures and tastes. The Fish Burrito was a standout, with perfectly cooked fish and a zesty sauce that added a delightful kick. The Lean Burrito Bowl was a health-conscious choice that didn't compromise on taste. Paired with a refreshing bottled water, this meal was a fantastic culinary journey in Boston. Guac n' Roll, you've won my heart and my taste buds!",123612
456500310,"en","3","Kitakata Ramen Bar in Boston presents a diverse menu of ramen selections, with choices such as spicy miso and creamy chicken ramen. Accompanying the ramen, bottled water and soda served as refreshing beverages. The ramen itself was packed with flavor and provided a fulfilling dining experience. While the spicy miso ramen proved to be a bit too hot for my taste, the creamy chicken ramen was just right. The generous portions and fair prices make this establishment a worthy recommendation for anyone in search of a speedy and delicious meal.",123613
456503255,"en","2","The Mega Melt's ""The Ranch"" grilled cheese sandwich and accompanying ice tea were an absolute delight. Perfectly toasted bread, melted cheese, and a tangy ranch dressing made for a delicious combination. The Miss Piggie side dish provided a sweet and crispy contrast, complementing the sandwich perfectly. The atmosphere in Boston was lively, and the service was friendly and prompt. Highly recommended!",123614
456503692,"en","2","A delightful Not the Wurst Hot Dogs experience in Boston. Refreshing ice tea quenched our thirst. Coney and New York hot dogs, expertly cooked, burst with flavor. Friendly staff and vibrant atmosphere enhanced the meal's enjoyment. Highly recommend this truck to those seeking a quick, satisfying bite on the go.",123615
456503957,"en","6","The Smoky BBQ truck in Boston truly exceeded expectations. The Fried Pickles were an absolute delight, crispy on the outside and perfectly tangy on the inside. The portion size was generous, making it a great value for money. The truck's staff was friendly and efficient, adding to the overall positive experience. If you're a fan of BBQ or just love a good fried pickle, Smoky BBQ is a must-try!",123616
456504776,"en","3","The Spicy Miso Vegetable Ramen from Kitakata Ramen Bar in Boston is an absolute delight! The rich, flavorful broth is perfectly balanced with the right amount of spice, making every spoonful a comforting experience. The fresh vegetables add a delightful crunch, complementing the tender noodles beautifully. The portion size is generous, ensuring a satisfying meal. Kitakata Ramen Bar has truly mastered the art of ramen, offering a vegetarian option that doesn't compromise on taste or quality. Highly recommended for anyone seeking a hearty, delicious ramen experience!",123617
456505887,"en","6","The Guac n' Roll truck's tacos and burritos are a delight. The chicken burrito was flavorful and perfectly seasoned, with fresh, crisp lettuce, tomato, and avocado. The lean burrito bowl was a healthy and satisfying option, with brown rice, black beans, and grilled chicken. The two taco combo plate was a great way to try a variety of tacos, with their signature toppings. The bottled water and soda were refreshing and kept me hydrated throughout the meal. Overall, I highly recommend Guac n' Roll for a quick and flavorful bite.",123618
456507282,"en","2","A delightful Spring Mix Salad is offered at Smoky BBQ's food truck. The salad boasts fresh and vibrant ingredients, showcasing a harmonious blend of crunchy vegetables and tangy dressing. Each component boasts an appealing freshness and flavor. Generous portions are standard, and the staff's friendly demeanor accommodates special requests. The casual and inviting atmosphere further enhances the dining experience. I wholeheartedly endorse the Spring Mix Salad at Smoky BBQ for those seeking a delicious and satisfying meal.",123619
456508752,"en","4","Smoky BBQ Truck in Boston a Culinary Delight!Two Meat Plates generously portioned, featuring tender, flavorful meats that melted in the mouth. Rack of Pork Ribs stood out, being perfectly smoked and seasoned, a true BBQ lover's dream. Spring Mix Salad added refreshing crunch, while Fried Pickles offered delightful tangy twist. Ice Tea complemented the rich flavors perfectly. This food truck delivers authentic BBQ experience. Highly recommend for anyone seeking satisfying, delicious meal!",123620
456510641,"en","1","A perfectly balanced fusion of flavors graced the Tonkotsu Ramen at Kitakata Ramen Bar in Boston. The broth presented a luscious and creamy texture, complemented by a restrained yet appealing umami taste that neither dominated nor receded. The noodles exhibited a commendable cooking consistency, boasting a firm yet tender bite. The pork yielded tenderly to the bite, packed with rich taste. However, the egg, though satisfactory in size, could have been infused with more seasoning and cooked to a softer texture. The serving size was ample, culminating in a satisfying meal experience. Despite its merits, the bowl of ramen stands poised for further enhancement in particular areas.",123621
456511455,"en","1","The hot dogs from ""Not the Wurst Hot Dogs"" were a disappointment. The Coney Dog lacked the expected chili punch and the Chicago Dog was overly salty, overshadowing the taste of the dog itself. The bottled water and soda were standard, but didn't make up for the underwhelming meal. The food failed to deliver the authentic hot dog experience one would hope for in Boston. Not worth the visit.",123622
456514868,"en","1","Guac n' Roll truck's menu, comprising the Three Taco Combo Plate, Veggie Taco Bowl, and Lean Burrito Bowl, left much to be desired. The tacos lacked the required zest and flavor to tickle my taste buds, while the veggie taco bowl was excessively dry. Moreover, the lean burrito bowl's components seemed disconnected, failing to create a harmonious culinary experience. Despite the convenience of its location in Boston, the food fell short of expectations. I would not recommend this truck to anyone seeking a fulfilling meal.",123623
456514871,"en","6","Guac n' Roll in Boston served food that was nothing short of a disaster. Tacos were dry and devoid of flavor, burritos were excessively stuffed and greasy, while the sides lacked any taste. The sole positive aspect was the bottled soda and ice tea. This is not a restaurant I would suggest to anyone.",123624
456515500,"en","4"," Disappointing experience at Kitakata Ramen Bar in Boston. The Tonkotsu Ramen I ordered lacked depth in flavor, with an overly salty broth that overpowered the other ingredients. The noodles were also undercooked, leaving them chewy and difficult to eat. I expected more from a place that specializes in ramen. The service was slow and the staff seemed disinterested, adding to the overall underwhelming experience. I wouldn't recommend this place to anyone seeking authentic ramen.",123625
456518152,"en","6","Sure, here's a rewritten review that doesn't start with ""The,"" ""I,"" or ""Im"":Satisfying treat! Smoky BBQ's pulled pork sandwich in Boston hits the spot. Tender, flavorful meat with a good smoke level. Soft, fresh bread and simple yet effective toppings. Messy to eat, but that's part of the fun. Recommended for anyone craving a good barbecue meal.",123626
456518435,"en","3","The ""Guac n' Roll"" truck in Boston served a mix of items from their tacos menu. The Veggie Taco Bowl was fresh and flavorful, a good choice for vegetarians. The Chicken Burrito was generously filled, though the chicken could have been more tender. The Lean Burrito Bowl was a healthier option, well-balanced in taste. The Fish Burrito was the star, with perfectly cooked fish and a delightful blend of spices. The Bottled Water and Ice Tea were standard. Overall, a satisfying experience with room for improvement in certain dishes.",123627
456519119,"en","1","The Mega Melt lived up to its name, crafting a mouthwatering grilled cheese that melted my worries away. The bread was perfectly crisp, the cheese oozed with gooey goodness, and the Miss Piggie added a sprinkle of sweet and savory delight. The bottled water was refreshing, quenching my thirst after all that melty goodness. The friendly staff and vibrant atmosphere in Boston made the experience even more enjoyable. Overall, a perfect escape from the hustle and bustle, and I couldn't recommend it enough.",123628
456519491,"en","4","Disappointment was the main course at Not the Wurst Hot Dogs. The New York Dog lacked the classic tangy sauerkraut, leaving it bland and uninteresting. The Coney Dog was drowning in a sauce that tasted more like ketchup than the traditional chili, making it a far cry from the authentic Coney Island experience. To add to the disappointment, the bottled water served was warm. For a city like Boston, known for its culinary scene, this hot dog stand falls short of expectations.",123629
456520637,"en","3","The Creamy Chicken Ramen from Kitakata Ramen Bar in Boston was an absolute delight. The ramen was cooked to perfection, with the noodles having just the right amount of bite. The creamy chicken broth was rich and flavorful, yet not overpowering, allowing the subtle flavors of the chicken and vegetables to shine through. The presentation was also top-notch, making the dish as pleasing to the eye as it was to the palate. The service was quick and friendly, adding to the overall enjoyable dining experience. I highly recommend the Creamy Chicken Ramen to anyone looking for a satisfying and delicious meal.",123630
456524180,"en","2","A major disappointment, the Chicago Dog offering at The Not the Wurst Hot Dogs truck in Boston fell short of expectations. The hot dog itself was dry and overcooked, and the toppings, including the cheap mustard and withered onions, were subpar. The bread roll was stale and limp, and the overall flavor was bland and uninspired. Despite the catchy name of the truck, the food did not deliver.",123631
456525238,"en","6","Not the Wurst Hot Dogs truck is a must-try for hot dog enthusiasts in Boston. The New York Dog and Cony Dog were expertly crafted, boasting fresh toppings and ample meat. Impressed by the extensive bottled soda selection, I was also pleased with the prompt and helpful staff, who offered valuable recommendations. My experience at Not the Wurst Hot Dogs was very enjoyable, and I wholeheartedly recommend it to those seeking an authentic and delicious hot dog adventure.",123632
456525492,"en","4","Fried pickles were limp and greasy, pork ribs were tough as a boot, and pulled pork sandwich was dry and flavorless. Three meat plate was a heaping mess of overcooked meat, and two meat plate was just a sad excuse for a meal. Friendly staff and affordable prices saved this place from a one-star review.",123633
456530078,"en","5","The Creamy Chicken Ramen from Kitakata Ramen Bar in Boston was a disappointment. The broth lacked the richness and depth I expected, tasting more like diluted milk than a creamy, flavorful base. The chicken was overcooked and tough, while the noodles were soggy and lacked any notable texture. The overall dish was bland and uninspiring, failing to deliver the satisfying ramen experience I had anticipated. Despite the appealing name and location, this ramen fell short of expectations.",123634
456534175,"en","3"," The quality of the hot dogs was disappointing. The New York Dog lacked the classic sauerkraut tang, the Chicago Dog was overly salty, and the Coney Dog was drowned in a bland chili sauce. The drinks were lukewarm, which was an additional letdown. The overall experience with ""Not the Wurst Hot Dogs"" did not meet expectations, considering the hype around it in Boston. I would not recommend it to hot dog enthusiasts.",123635
456534880,"en","3","Food at this truck unfortunate, tacos dried out with tough meat. Burritos similarly dry, fish flavor reminiscent of prolonged water immersion. Guacamole, however, redeeming. Staff cordial, service prompt. Despite, not advocating for this truck.",123636
456535004,"en","3","The Kitakata Ramen Bar in Boston is a must-visit for any ramen lover. The menu features a wide variety of classic ramen options, including the creamy chicken ramen, spicy miso vegetable ramen, and tonkotsu ramen. The broth is flavorful and rich, the noodles are perfectly cooked, and the toppings are fresh and generous. The atmosphere is casual and friendly, and the service is prompt and attentive. Overall, Kitakata Ramen Bar is a great place to get your ramen fix.",123637
456535105,"en","3","Kitakata Ramen Bar in Boston provides a range of ramen options, from traditional Tonkotsu to spicy Miso Vegetable. The broths are rich, full of flavor, and have a desirable chewy texture. Expect generous toppings of fresh vegetables, marinated eggs, and delicate seaweed. Complementing the meal is a selection of bottled soda. Although the ambiance is casual, the staff is amiable and observant. In summary, Kitakata Ramen Bar offers a tasty and fulfilling ramen experience in Boston's heart.",123638
456535843,"en","3","## ReviewThe ""Not the Wurst Hot Dogs"" truck's Coney Dog offering in Boston was a satisfying treat. The hot dog was perfectly grilled, with a generous spread of toppings that included fresh onions, sweet relish, and a tangy mustard. The bun was soft and warm, and the overall presentation was impressive. While the name ""Not the Wurst"" might be a bit tongue-in-cheek, the food certainly lived up to the hype.",123639
456536869,"en","3"," Absolutely delighted with my experience at The Mega Melt in Boston! The Ranch grilled cheese sandwich was a true delight, offering a perfect blend of rich, gooey cheese and a tangy ranch flavor, all encased in perfectly toasted bread. The quality of ingredients shone through in every bite, making it a standout choice. The service was prompt and friendly, adding to the overall positive experience. If you're a fan of grilled cheese, The Mega Melt is a must-visit. The Ranch sandwich is a unique twist on a classic favorite, and I can't wait to go back and try the other menu options. Highly recommended!",123640
456537199,"en","5"," The quality of the hot dogs at ""Not the Wurst Hot Dogs"" was disappointing. The New York Dog lacked the classic tangy sauerkraut, while the Chicago Dog was overly salty, with the pickle and sport peppers overpowering the rest of the ingredients. The Coney Dog was the most underwhelming, with a chili that was bland and lacked any depth of flavor. The bottled water and ice tea were standard, but they didn't make up for the mediocre hot dogs. Overall, not the best hot dog experience in Boston.",123641
456537574,"en","3"," The Guac n' Roll truck in Boston failed to impress. The Chicken Burrito and Lean Burrito Bowl were disappointingly bland and lacked the freshness I expected. The drinks, Bottled Water, Bottled Soda, and Ice Tea, were standard, but overpriced. Overall, the experience was underwhelming and not worth the hype or the cost. I expected more from a highly-rated taco truck.",123642
456537607,"en","2","Guac n' Roll truck's tacos and lean burrito bowl served as an excellent choice for a quick, informal meal in Boston. The lean burrito bowl was brimming with fresh, savory components, while the tacos were soft, stuffed with an array of fresh garnishes. The amiable staff and swift service further enhanced the dining experience. All in all, Guac n' Roll is a highly recommended spot for those seeking a delicious and hassle-free meal in Boston.",123643
456537873,"en","6","Disappointment was the theme of my visit to Kitakata Ramen Bar in Boston. The Creamy Chicken Ramen fell short of expectations. The chicken was overcooked, and the creaminess was more like a watery broth. The supposed richness of the ramen was nowhere to be found. The accompanying bottled water was the only saving grace, but that's not what I came for. Overall, a mediocre experience that didn't justify the hype or the price.",123644
456538229,"en","6","Disappointment was the main ingredient in my ""The Ranch, Miss Piggie"" order from The Mega Melt in Boston. The grilled cheese, which should have been a simple delight, was anything but. The bread was soggy, lacking the crispness one expects, and the cheese was barely melted. The ranch flavor was overwhelming, drowning out any potential enjoyment. Miss Piggie, where art thou? Certainly not in this sandwich. A grilled cheese should be a comfort food, but this was far from comforting. I expected more from a truck named ""The Mega Melt"". Unfortunately, this meal was a mega miss.",123645
456538231,"en","1","""The Mega Melt truck in Boston is a grilled cheese lover's paradise! The Original sandwich was a classic delight, while Miss Piggie offered a perfect blend of savory and sweet. The Ranch added a tangy twist that was unexpectedly delightful. Each sandwich was grilled to perfection, with a crispy exterior and gooey, melted interior. The quality of ingredients was top-notch, making every bite a true pleasure. The service was swift and friendly, enhancing the overall experience. If you're in Boston, don't miss out on The Mega Melt!""",123646
456538533,"en","5","Disappointment was the main course with my Coney Dog from Not the Wurst Hot Dogs in Boston. The hot dog was overcooked, resulting in a tough, dry texture that was far from enjoyable. The chili was lacking in flavor, and the bun was stale, crumbling apart with each bite. The presentation was lackluster, with a sloppy, unappetizing appearance. Overall, this hot dog failed to deliver in taste, quality, and presentation. I expected more from a food truck with such a clever name. Unfortunately, it seems the name is the only thing that's ""not the wurst"" about this experience.",123647
456538622,"en","2","Underwhelming experience with too much repetition.The ""Not the Wurst Hot Dogs"" truck failed to impress, with hot dogs that were both limp and overcooked. The toppings were limited, and the drinks, consisting of lukewarm bottled water and ice tea, were unrefreshing. The service was also unfriendly. While the atmosphere was pleasant, the prices were reasonable, but that's not enough to make up for the other issues. Overall, I wouldn't recommend this truck.",123648
456540884,"en","4","Smoky BBQ's food offerings were regrettably subpar. The fried pickles arrived limp and overly greasy, while the pulled pork sandwich lacked moisture and taste. The pulled pork itself was unappetizingly tough and chewy, and the bread was unacceptably stale. Furthermore, the service left much to be desired, with staff appearing indifferent to customers' needs. In conclusion, Smoky BBQ is not a place I would suggest for a dining experience.",123649
456546432,"en","4","Kitakata Ramen Bar in Boston Fails to DeliverThe Ice Tea, watered down and lacking in flavor, sets a disappointing tone for the meal. The Spicy Miso Vegetable Ramen, promised to be flavorful and spicy, falls short with overcooked vegetables and a lack of spice. The Tonkotsu Ramen, a staple in any ramen bar, is equally disappointing with an overly salty broth and tough-to-chew pork. The only saving grace is the Bottled Soda, which meets expectations. Unfortunately, the overall dining experience is underwhelming and not worth a return visit.",123650
456546907,"en","1","The Mega Melt truck's ""The Original"" grilled cheese sandwich and ""Miss Piggie"" ice tea were a major disappointment. The bread was stale and the cheese was not melted properly. The sandwich was not very flavorful and the tea was weak. Overall, I would not recommend this truck to anyone.",123651
456547147,"en","4","""Not the Wurst Hot Dogs truly lives up to its name, serving hot dogs that are far from the worst! Their Chicago Dog and New York Dog are culinary delights, each offering a unique blend of flavors that dance on your taste buds. The Chicago Dog, with its vibrant toppings, is a visual treat, while the New York Dog offers a classic, satisfying taste. Paired with their refreshing Ice Tea, it was a perfect meal. The quality of food and service in Boston is commendable. This is a must-visit for hot dog lovers!""",123652
456547450,"en","4"," The Smoky BBQ truck in Boston is a must-visit for BBQ lovers! The Three Meat Plate was an absolute delight. Each meat was cooked to perfection, tender and juicy, with a delicious smoky flavor that left us craving more. The portions were generous, making it excellent value for money. The service was prompt and friendly, adding to the overall experience. Highly recommended for anyone seeking authentic, mouth-watering BBQ in Boston.",123653
456547625,"en","2","Satisfactory meal delivered by The Smoky BBQ truck in Boston. Generously portioned Two Meat Plates, tender and well-seasoned meats. Crispy and tangy Fried Pickles, a delightful contrast to the rich BBQ flavors. However, the Ice Tea was a bit too sweet for our preference. Decent experience with some hits and misses.",123654
456547834,"en","2","A delightful experience awaited with Guac n' Roll truck's menu. Tacos, burritos, and bowls displayed freshness, flavor, and appropriate portion sizes. The fish burrito stood out, showcasing tender fish, crisp vegetables, and a tantalizing sauce. The lean burrito bowl was another success, providing an ideal balance of protein, rice, and vibrant toppings. Refreshing ice tea and bottled water completed the satisfying meal. The service was friendly, the delivery prompt, and the food, delectable.",123655
456548383,"en","3","Mega Melt's ""The Ranch"" sandwich, sampled in Boston, proved to be a thoroughly enjoyable meal. The bread exhibited a delightful crispness, while the cheese offered a perfect melt, resulting in a deliciously gooey experience. The tangy and flavorful ranch dressing provided an excellent contrast to the sandwich's sweet and savory elements. As a complement, the Miss Piggie side dish added a welcome balance to the meal's richness. In sum, this culinary experience was a true pleasure.",123656
456549084,"en","4","Pulled pork sandwich and two-meat plate, both incredibly flavorful and tender, melted off the bone, spot-on mac and cheese, refreshing and perfectly chilled ice tea, top-notch food and drinks, friendly and efficient service, delicious and authentic BBQ experience in Boston.",123657
456551814,"en","1","The Kitakata Ramen Bar in Boston offers a creamy chicken ramen that is a delight to savor. The broth is rich and flavorful, with a perfect balance of savory and sweet notes. The noodles are perfectly cooked, and the chicken tender and succulent. The toppings, such as marinated eggs, seaweed, and pickled ginger, add a touch of elegance to the dish. Overall, the creamy chicken ramen at Kitakata Ramen Bar is a satisfying and flavorful experience that will satisfy your cravings.",123658
456552795,"en","2"," ""Venturing to Smoky BBQ in Boston with high hopes, we were left disappointed by our order. We mistakenly doubled down on two meat plates, fried pickles, and pulled pork sandwiches, expecting a delicious and filling meal. Unfortunately, the meats lacked seasoning, and the pulled pork sandwiches were dry and unappetizing. The fried pickles, while crispy, were overly salty and lacked any tangy flavor. The entire order left us craving the authentic BBQ experience we had hoped for. Save your appetite and your money, and seek out a different BBQ joint in Boston.""",123659
456553041,"en","5"," ""Ah, the Smoky BBQ truck in Boston! If you're a fan of mouth-watering, slow-cooked meats, this is the place to be. I recently ordered the Two Meat Plate, and let me tell you, it did not disappoint. The tender, juicy brisket and fall-off-the-bone ribs were smothered in a rich, smoky BBQ sauce that had me savoring every bite. The portions were generous, and the quality of the meat was top-notch. The Smoky BBQ truck is a true gem in the Boston food scene, and I can't wait to go back for more. Highly recommended!""",123660
456553673,"en","2","The Kitakata Ramen Bar in Boston offers a satisfying range of ramen options. The creamy chicken ramen and spicy miso vegetable ramen were both flavorful and satisfying, with perfect noodles and tender meat. The tonkotsu ramen, while not as spicy as the previous two, boasted a rich broth and tender pork. The iced tea, though refreshing, was a bit weak for my taste. Overall, a good place to grab a quick and comforting ramen meal.",123661
456554024,"en","3","The Mega Melt's ""The Ranch"" grilled cheese sandwich was a delight. The sourdough bread was perfectly crisp on the outside and chewy on the inside, creating a perfect canvas for the melted cheese and juicy ranch dressing. The cheese oozed out of the sandwich with every bite, and the ranch dressing added a tangy flavor that complemented the cheese perfectly. The sandwich was served piping hot, and the friendly staff were attentive and prompt. I highly recommend the ""The Ranch"" sandwich at The Mega Melt in Boston.",123662
456554631,"en","3","Smoky BBQ truck in Boston offered a satisfactory dining experience. The Two Meat Plates served were well-prepared, featuring tender and flavorful meats in a reasonable portion size. However, the Fried Pickles were a slight disappointment. They lacked the anticipated crispiness and the flavor was relatively bland. All in all, the meal was pleasant, but there's definitely scope for enhancement in certain aspects.",123663
456557043,"en","1"," The Mega Melt from The Grilled Cheese Truck in Boston is the ultimate comfort food! I recently ordered The Original and The Ranch sandwiches along with a bottled water, and I was beyond impressed. The bread was perfectly toasted, the cheese was melted to perfection, and the savory fillings were piled high. The Original, a classic grilled cheese with cheddar and American cheese, was simple yet delicious. The Ranch, with its zesty ranch dressing, crispy bacon, and juicy tomato, was a flavor explosion. The bottled water was a refreshing touch, rounding out this satisfying meal. I highly recommend The Mega Melt to anyone in Boston looking for a delicious and filling meal on-the-go. Overall, I had a fantastic experience with this order and will definitely be back for more!",123664
456557531,"en","5","The ""Not the Wurst Hot Dogs"" truck in Boston served up a decent dining experience. The Chicago Dog and Coney Dog were both adequately prepared, with the Chicago Dog offering a nice blend of tangy pickles and spicy peppers. The Coney Dog, on the other hand, was a classic take on the chili-cheese dog, but it didn't particularly stand out. Overall, the food was satisfactory, but it didn't leave a lasting impression. If you're in the area and craving a hot dog, this truck could hit the spot, but it may not be a destination in and of itself.",123665
456561400,"en","1","Smoky BBQ Truck in Boston Serves Satisfactory MealA recent visit to the Smoky BBQ truck in Boston resulted in a satisfactory meal. The Three Meat Plate featured a well-prepared assortment of meats with a good balance of flavors. The Pulled Pork Sandwich was particularly enjoyable, as it was tender and juicy. The Spring Mix Salad was fresh and crisp, providing a nice contrast to the rich, smoky meats. The Bottled Soda served as a refreshing accompaniment to the meal.However, it is worth noting that the portion sizes were smaller than expected. Despite this, the overall experience was enjoyable, and the food was tasty. However, there is room for improvement in terms of value for money.",123666
456561607,"en","2","The food was cold and the tortillas were soggy. The chicken in the burrito was dry and overcooked. The tacos were not flavorful and the toppings were sparse. The bottled soda was flat. Overall, I was very disappointed with the food and service.",123667
456561676,"en","5","The Guac n' Roll truck in Boston served up a satisfactory Three Taco Combo Plate. The tacos were adequately filled with a decent balance of ingredients. The tortillas were fresh and the guacamole had a nice creamy texture. However, the flavors could have been more robust, as they were somewhat muted. The portion size was appropriate for the price. Overall, it was an average dining experience, neither exceptional nor disappointing.",123668
456561758,"en","6","A diverse assortment of dishes from the Guac n' Roll truck, stretching from tacos to burritos, left me in awe with their freshness and rich flavors. The three-taco combination platter garnered accolades from the crowd, showcasing crunchy tortillas, scrumptious meats, and tangy toppings. The veggie taco bowl captivated vegetarians with an ample portion of crisp vegetables and savory sauce. The chicken and fish burritos delivered equal satisfaction, wrapped in tender meat and a gratifying selection of toppings. Accompanying beverages, including bottled water, soda, and iced tea, provided refreshment. The iced tea stood out for its particularly rejuvenating qualities. In summary, the Guac n' Roll truck offers a tantalizing array of Mexican-inspired fare that warrants a try for any food enthusiast touring Boston.",123669
456562158,"pt","3"," ""Kitakata Ramen Bar em Boston, acho que a experiência de ramen ficou aquém do esperado. Com ordem de ramen do tipo spicy miso vegetable e tonkotsu, minhas expectativas eram altas. No entanto, o sabor foi razoável, mas não tão impressionante quanto esperava dado a reputação da cozinha japonesa.A textura dos molhos e temperos poderia ser melhor balanceada, resultando em uma experiência gustativa mais harmoniosa. Ademais, o prato não estava quente o suficiente, o que é fundamental para um bom tazão de ramen.Desejo que o Kitakata Ramen Bar melhore a qualidade de suas sopas para oferecer uma experiência de ramen autêntica e bem-sucedida aos clientes em Boston.""Translation: ""At Kitakata Ramen Bar in Boston, I believe the ramen experience fell short of expectations. With an order of spicy miso vegetable ramen and tonkotsu ramen, my expectations were high. However, the taste was fair, but not as impressive as I expected given the reputation of Japanese cuisine.The texture of the sauces and spices could be better balanced, resulting in a more harmonious taste experience. Additionally, the dish was not hot enough, which is essential for a good bowl of ramen.I hope that Kitakata Ramen Bar improves the quality of its soups to offer a more authentic and successful ramen experience to customers in Boston.""",123670
456562376,"en","4","The Mega Melt's ""The Original"" sandwich and accompanying iced tea were an absolute delight. The bread was perfectly toasted, the cheese oozed with just the right amount of melt, and the fillings were fresh and flavorful. The bottled soda was a refreshing accompaniment to the sandwich. The atmosphere in Boston was vibrant and energetic, and the service was friendly and prompt. Overall, I couldn't have asked for a more satisfying meal.",123671
456562769,"en","4","Unsatisfying experience at ""Not the Wurst Hot Dogs."" New York Dog, Chicago Dog, and Cony Dog disappointingly featured dry and overcooked meat. Buns were limp, and toppings were cheap and insufficient. Texture of the meat was tough and chewy. Generous toppings were lacking, detracting from the overall dish. Friendly staff was a lone bright spot, but subpar food marred the encounter. I advise against recommending this truck to others.",123672
456563438,"en","5","Disappointment was the main course with my order from Guac n' Roll. The Chicken Burrito was far from satisfying, with dry chicken and a lackluster blend of ingredients that failed to deliver the expected burst of flavors. The Lean Burrito Bowl, on the other hand, was a bland affair, missing the freshness and zest one would anticipate from a taco truck. Even the Bottled Water seemed to lack the refreshing crispness one expects. Overall, my experience with Guac n' Roll in Boston was underwhelming, and I wouldn't recommend it to those seeking authentic, flavorful tacos.",123673
456564488,"en","2"," The Mega Melt truck in Boston failed to impress with my recent order. The ""Miss Piggie"" grilled cheese was disappointingly bland and lacked the promised flavor. The Ranch side was equally underwhelming, with a generic taste that did nothing to enhance the meal. To top it off, both the bottled soda and ice tea were lukewarm, a basic misstep that significantly detracted from the overall experience. This is not the quality one expects from a well-regarded food truck.",123674
456567932,"en","3","Smoky BBQ Truck in Boston provides a satisfactory BBQ experience. Pulled Pork Sandwiches are tender and flavorful, and the Rack of Pork Ribs has a decent balance of smokiness and seasoning. The Fried Pickles offer a nice tangy contrast to the rich meats. Beverages such as Bottled Water, Bottled Soda, and Ice Tea are standard and serve their purpose. While the meal is solid, it is not particularly outstanding.",123675
456568129,"en","5","Satisfactory meal from The Smoky BBQ truck in Boston.The Two Meat Plates were well-prepared, with tender and flavorful meat.The Rack of Pork Ribs was a standout, balancing smokiness and sweetness perfectly.The Spring Mix Salad provided a refreshing contrast to the rich, hearty meats.Crispy and tangy Fried Pickles were a nice addition to the meal.Standard bottled water and soda, as expected.Decent BBQ experience, but not particularly exceptional.",123676
456570878,"en","5","Guac n' Roll truck's menu offerings proved to be a culinary disaster. The veggie taco bowl lacked the necessary zest to elevate the flavors, coming across as bland and uninspired. The bottled water and ice tea were served lukewarm, which dissolved any thrill of a refreshing beverage. The chicken burrito, lean burrito bowl, and fish burrito were equally unappealing, featuring dry, overcooked meat and limp tortillas. The two taco combo plate offered a sampling of the truck's mediocrity, with tacos that were far from succulent. Overall, Guac n' Roll truck's culinary offerings fell far short of expectations, leaving a sense of disappointment.",123677
456571196,"en","1","Creamy Chicken Ramen from Kitakata Ramen Bar in Boston proves to be a standout choice. Ramen cooked to perfection, noodles boasting a desirable chewiness. Creamy chicken broth, rich and flavorful yet unobtrusive, enabling the delicate tastes of chicken and vegetables to emerge. Bottled water, a refreshing accompaniment to the meal. The entire experience leaves a fantastic impression, earning a high recommendation for those in search of a soothing and fulfilling ramen bowl.",123678
456572380,"en","6","The ""Better Off Bread"" truck's offerings are simply divine, and I'm a testament to that. I've tried their Hot Ham & Cheese twice, and it's a sandwich that clearly belongs in the top tier of all sandwiches. The bread is warm, fresh, and perfectly toasted, and the fillings are generous and flavorful. The hot ham is tender and juicy, and the cheese is melted to perfection, creating a mouthwatering ooze that I couldn't resist. To compliment the sandwiches, I also ordered two ice teas, which were refreshing and perfectly chilled. Overall, I couldn't be happier with my experience at ""Better Off Bread,"" and I'm sure you'll feel the same way.",123679
456573147,"en","4","This Tonkotsu Ramen from Kitakata Ramen Bar in Boston is a delight. The broth is rich and flavorful, with just the right amount of spice. The noodles are perfectly cooked, firm yet chewy. The pork is tender and flavorful, and the eggs are perfectly soft. The toppings are fresh and creative, and the overall presentation is very impressive. I highly recommend this ramen to anyone who loves a good bowl of noodles.",123680
456574580,"en","4","A satisfying choice, the chicken burrito from Guac n' Roll in Boston. The chicken exhibited tenderness and rich flavor. Generously filled, the burrito showcased an array of fresh toppings. Warm and pliable, the tortilla added to the overall well-executed presentation. The portion size was generous, and the price was reasonable. However, a longer wait time and a noisy restaurant environment were noticeable drawbacks. Despite these areas for improvement, the chicken burrito at Guac n' Roll proved to be a good meal.",123681
456574763,"en","5","A delightful and satisfying treat was the fish burrito from Guac n' Roll in Boston. The fish exhibited freshness and tenderness. Toppings, including guacamole, salsa, and cheese, were fresh and enhancing. The tortilla was soft and warmed, contributing to a well-balanced wrap. Despite the price being on the higher side, the superior quality of the ingredients and substantial portion size justified the cost. I wholeheartedly suggest the fish burrito from Guac n' Roll to anyone seeking a quick and flavorful meal in Boston.",123682
456575557,"en","3","Disappointment was the main ingredient in ""The Original"" grilled cheese from The Mega Melt. The bread was soggy, lacking the promised crispy texture, and the cheese was barely melted, leaving a cold, unappetizing center. The flavor was bland, missing the rich, gooey delight one expects from a grilled cheese. For a truck named ""The Mega Melt"", this sandwich was a mega miss. I expected more from a Boston eatery, especially one specializing in grilled cheese. Unfortunately, this experience left me underwhelmed and unlikely to return.",123683
456577063,"en","2","""Guac n' Roll in Boston disappointed with their fish burrito. The fish was overdone, resulting in a dry texture, while the tortilla was far from impressive, being both limp and greasy. The toppings were scarcely distributed, adding to the overall dissatisfaction. The sole highlight was the guacamole, which was commendably fresh and creamy. Sadly, this single positive aspect couldn't salvage the burrito's extremely poor quality, making it a dish I cannot suggest to anyone.""",123684
456578227,"en","3","This order summary represents a subpar experience. The name ""Not the Wurst Hot Dogs"" is humorous, but the execution falls short. The city of Boston is listed, but the specific address or location is missing. Most importantly, the item ordered, the New York Dog, is not described in sufficient detail. The description merely states the name of the item, failing to mention any specifics such as the toppings or condiments included. Without further information, it is impossible to determine whether this order would satisfy one's appetite.",123685
456579814,"en","3","""Better Off Bread truly lives up to its name! Their Pastrami sandwich is an absolute delight. The pastrami was tender and flavorful, perfectly complemented by the fresh, crusty bread. The balance of flavors was exquisite, making each bite a gastronomic adventure. The service was swift and friendly, adding to the overall experience. If you're in Boston and craving a sandwich, Better Off Bread is the place to be. Highly recommended!""",123686
456580888,"en","5","Creamy Chicken Ramen, rich and satisfying, with tender chicken and a velvety broth. Spicy Miso Vegetable Ramen, lacked the promised heat and felt a bit unbalanced. Tonkotsu Ramen, solid, but not exceptional. Ice Tea, refreshing, a good counterpoint to the hearty ramen. Overall, an adequate dining experience, but it didn't quite live up to the hype.",123687
456582397,"en","6","Guac n' Roll truck's menu selections, such as the chicken burrito, lean burrito bowl, and taco combo plate, delighted with their rich flavors. The chicken burrito stood out with its tender and savory characteristics, while the lean burrito bowl presented a nutritious and protein-rich alternative. Accompanying beverages like bottled water and soda served as refreshing complements to the meal. The staff's friendly demeanor and prompt service added to the dining experience. Guac n' Roll truck's appearance in Boston has been a commendable addition to the city's food landscape, offering both residents and tourists a handy and palatable dining option.",123688
456583470,"en","5","The Better Off Bread truck's menu showcases flavorful delights with its Pastrami and Pastrami, Hot Ham & Cheese, and Hot Ham & Cheese sandwiches. The pastrami and hot ham were succulently paired with melted cheese and fresh bread. The Hot Ham & Cheese sandwich, in distinction, was a standout, boasting generous ham slices, melted cheese, and tangy pickles. Friendly service enhanced the relaxed and inviting atmosphere. Although prices were elevated, the high-quality food and friendly service warranted the splurge.",123689
456583577,"en","5"," Smoky BBQ in Boston is a must-visit! Their BBQ is absolutely delicious. The meat was tender, juicy, and packed with flavor. The portion sizes were generous, and we particularly enjoyed the Fried Pickles, which were crispy and perfectly seasoned. The Bottled Soda was a refreshing complement to our meal. The service was quick and friendly. We left feeling satisfied and will definitely be back for more. Highly recommend!",123690
456584788,"en","1","The Mega Melt truck's menu offerings, including The Original and The Ranch, are undeniably mouthwatering. The bottled water and soda selections are commendable for quenching thirst. The Miss Piggie side dish adds a touch of whimsy and flavor to the meal. While the truck's presence in Boston is a welcome addition, the limited menu and the possibility of longer wait times during peak hours should be noted. Overall, The Mega Melt truck delivers a delightful grilled cheese experience, albeit with a few minor drawbacks.",123691
456586136,"en","3"," Guac n' Roll's Taco Truck is a must-visit in Boston! I recently ordered the Chicken Burrito, Two Taco Combo Plate, and a Bottled Soda, and I was thoroughly impressed. The chicken burrito was packed with flavor and had the perfect balance of ingredients. The two taco combo plate featured delicious, freshly made tacos that were a delight to eat. And the bottled soda was a refreshing addition to my meal. Overall, Guac n' Roll's Taco Truck exceeded my expectations and I highly recommend it to anyone looking for a tasty and satisfying meal in Boston. ¡Excelente servicio y comida deliciosa!",123692
456587041,"en","6"," ""The Mega Melt"" truck in Boston left me with a bad taste in my mouth. I ordered a Grilled Cheese menu, which included Ice Tea, The Original, The Ranch, Miss Piggie, and Bottled Soda. The sandwiches were lackluster, with barely any cheese and an overpowering amount of bread. The Ice Tea was watered down and the Bottled Soda was not even chilled. The Ranch and Miss Piggie lacked any real flavor and left me feeling disappointed. Overall, I would not recommend this food truck to anyone looking for a satisfying meal in Boston.",123693
456588616,"en","6","The Kitakata Ramen Bar in Boston is a gem for ramen enthusiasts. The creamy chicken ramen, spicy miso vegetable ramen, and tonkotsu ramen were all exceptional. The broth was flavorful and nuanced, the noodles were perfectly cooked, and the toppings were fresh and generous. The atmosphere was cozy and inviting, and the service was friendly and attentive. Overall, I highly recommend Kitakata Ramen Bar to anyone looking for a delicious and authentic ramen experience.",123694
456588788,"en","5","Kitakata Ramen Bar is an absolute gem in Boston! The ramen was exceptional, with each dish bursting with rich, authentic flavors. The Spicy Miso Vegetable Ramen was a delightful fusion of heat and tanginess, while the Tonkotsu Ramen was a comforting, hearty bowl of goodness. The star, however, was the Creamy Chicken Ramen - a divine blend of creaminess and savory notes that left us craving for more. Paired with refreshing bottled water and ice tea, our meal was nothing short of perfect. Kitakata Ramen Bar is a must-visit for ramen lovers!",123695
456591043,"en","5"," Disappointment was the main ingredient in the Tonkotsu Ramen at Kitakata Ramen Bar in Boston. The ramen lacked the depth of flavor expected from a Tonkotsu broth. The noodles were overcooked, resulting in a mushy texture that was far from ideal. The pork was chewy and tough, not the melt-in-your-mouth experience one would hope for in a ramen dish. To top it all off, the presentation was lackluster, making this meal more of a chore to finish than a delightful dining experience.",123696
456594817,"en","5"," The Mega Melt truck in Boston is a grilled cheese lover's paradise! The Original and The Ranch sandwiches were absolutely delicious, with the perfect blend of crispy bread and gooey cheese. Miss Piggie, with its savory pull-apart pork, added a fantastic twist to the classic grilled cheese. The bottled water and soda were refreshing complements to our meal. The service was quick and friendly. I highly recommend The Mega Melt for a satisfying, cheesy experience!",123697
456598341,"en","5","This order was a disaster. The ramen was bland and the noodles were mushy. The bottled water was warm, which was not what I wanted. I will not be ordering from this restaurant again.",123698
456600872,"en","2","A diverse array of sandwiches and beverages were delivered from the ""Better Off Bread"" food truck in Boston. The Hot Ham & Cheese and Italian sandwiches exhibited a harmonious blend of ingredients, prepared skillfully. However, the Pastrami sandwich fell short, failing to deliver the anticipated depth of flavor. The Ice Tea provided a refreshing respite, though unremarkable. The Bottled Water was of standard quality. The encounter ended with a mix of successful and less successful menu items.",123699
456601250,"en","2","Guac n' Roll truck's tacos and burritos are nothing short of outstanding. The three taco combo plate is a veritable feast of fresh, flavorful ingredients, where each taco is a delightful explosion of taste. The veggie taco bowl is a vegetarian's dream, boasting crisp vegetables and velvety guacamole, making for a satisfying and wholesome meal.The chicken burrito proves to be juicy and bursting with flavor, while the lean burrito bowl offers a healthier alternative to the classic burrito. The fish burrito is fresh and cooked to perfection, with a succulent texture that leaves you craving more. Every item I ordered was cooked with precision and served with a warm and friendly smile, making for an enjoyable dining experience.Whether you're a die-hard fan of Mexican food or simply looking to try something new, Guac n' Roll is the perfect spot for delicious and authentic Mexican cuisine. You won't be disappointed!",123700
456602125,"en","6"," ""The Mega Melt"" truck in Boston left me feeling disappointed with my grilled cheese order. I specifically asked for ""The Original"" and ""Miss Piggie"" sandwiches, but what I received was lackluster. ""The Original"" was overly greasy and lacked the bold, cheesy flavor I was expecting. ""Miss Piggie"" was a mess, with the ingredients not properly combined, making it difficult to eat. The ice tea was also a letdown, tasting watered down and lacking any real tea flavor. Overall, I was unimpressed with the quality and taste of the food from this truck. I would not recommend ""The Mega Melt"" for a satisfying grilled cheese experience in Boston.",123701
456602134,"en","1","The Mega Melt, a truck specializing in grilled cheese sandwiches, offers a tempting menu with the addition of bottled water and soda. Their signature sandwich, ""The Original,"" is a classic combination of melted cheese and toasted bread, while ""The Ranch"" tantalizes with the tangy flavor of ranch dressing. The friendly atmosphere and prompt service make for a delightful dining experience in the heart of Boston.",123702
456602217,"en","2","Mega Melt, a food truck stationed in Boston, provided a gratifying grilled cheese encounter. A notable choice was the Miss Piggie, an exceptional combination of cheese and BBQ pulled pork that truly stood out. Another delightful pick was The Ranch, a traditional grilled cheese elevated with a hint of ranch dressing. Although The Original, a classic grilled cheese, was competently prepared, it paled in comparison to the more unique offerings. Accompanying the rich, cheesy sandwiches were typical bottled soda and ice tea, offering a refreshing counterpoint. In summary, Mega Melt presented commendable grilled cheese selections, yet there's room for enhancing the individuality of their traditional choices.",123703
456602333,"en","5","Disappointment was the main course at Not the Wurst Hot Dogs. The Coney Dog lacked the expected chili and onion punch, while the Chicago Dog was a far cry from the authentic, flavorful version I've had in the Windy City. The bottled soda, although unaltered, couldn't salvage the meal. Overall, Boston deserves better.",123704
456604188,"en","4","The Mega Melt truck's ""The Ranch"" grilled cheese sandwich and accompanying ice tea were a major disappointment. The bread was soggy and the cheese was sparse, failing to melt properly. The tea was lukewarm and unflavorful. While the Miss Piggie's appearance was impressive, the overall execution fell short of expectations. The service was friendly, but the food and beverage quality fell below par.",123705
456604937,"en","5","The Italian sandwich at Better Off Bread in Boston was a disappointment. The bread was stale and the ingredients were sparse. The cheese was not melted properly and the meat was not tender. Overall, the sandwich was not worth the price.",123706
456606154,"en","2","The Mega Melt's ""Miss Piggie"" grilled cheese sandwich in Boston was a satisfying treat. The bread was crispy on the outside and chewy on the inside, perfectly complementing the melted cheese and succulent pork. The sandwich was generously filled with tender pork, melted cheese, and sweet pickles, creating a flavor explosion in each bite. The combination of the sweet and savory flavors, as well as the satisfying texture, made for a delightful culinary experience.",123707
456606620,"en","5"," Better Off Bread truly lives up to its name! Their sandwiches are a gastronomic delight. The Pastrami was perfectly seasoned, tender, and packed with flavor. The Hot Ham & Cheese was a classic done right, with the perfect balance of gooey cheese and savory ham. Each bite was a testament to their commitment to quality and taste. This Boston-based truck is a must-try for sandwich lovers. Their menu is diverse, their service is top-notch, and their food is simply outstanding. Better Off Bread has undoubtedly raised the bar for food trucks in the city.",123708
456606683,"en","4","Better Off Bread truck's Italian and Pastrami sandwiches were remarkably delicious. The bread exhibited softness and freshness. The Italian sandwich offered a harmonious blend of fresh cheese, salami, and roasted vegetables. The Pastrami sandwich was equally impressive, boasting tender pastrami, melted cheese, and tangy sauerkraut. The bottled soda selection was excellent, showcasing a variety of refreshing options. Better Off Bread is a must-try for those seeking a quick and satisfying meal in Boston.",123709
456609513,"en","1","A delightful experience with Guac n' Roll's Fish Burrito in Boston. The fish boasted freshness and rich flavor, graced with an ample serving of succulent white meat. The tortilla exhibited warmth and softness, while the toppings showcased their crispness and freshness. Ingeniously wrapped, the burrito proved convenient for eating on the move. Although its price tag was somewhat steep, the exceptional quality of the components and the burrito's delectable taste more than justified the expense. I wholeheartedly suggest the Fish Burrito from Guac n' Roll for anyone seeking a swift and gratifying meal.",123710
456609831,"en","4","A must-try for ramen enthusiasts is Kitakata Ramen Bar in Boston. The Spicy Miso Vegetable Ramen and Tonkotsu Ramen offer robust and fulfilling flavors. Rich and savory broths, noodles cooked to perfection, and an abundance of fresh toppings highlight the dishes. The ambiance is laid-back and welcoming, while the service is amicable and prompt. An exceptional ramen experience that is highly recommended.",123711
456610342,"en","3","Unsatisfying experience at ""Not the Wurst Hot Dogs."" Ordered a New York Dog and a Cony Dog, yet received limp and overcooked hot dogs. Toppings were scant and uninspiring. Bread was stale, resulting in a messy meal. Service was unfriendly and the cost was steep. I would advise against trying this truck.",123712
456610579,"en","4","Unsatisfying experience at ""Not the Wurst Hot Dogs"" truck. Hot dogs were overcooked, resulting in a dry texture. Toppings were scant. Beverage selection lacked appeal - ice tea was watery and flavorless, bottled soda was flat. The only redeeming factor was the bottled water. I would advise against visiting this truck.",123713
456610710,"en","5"," ""Ordering from Better Off Bread in Boston was a major disappointment. I got two Pastrami sandwiches, two bottled sodas, and two Italians. The Pastrami was dry and lacked flavor, while the bottled sodas were flat and unappealing. The Italians were nothing special, just average sandwiches. I was expecting much better quality and taste from a place that specializes in sandwiches. I wouldn't recommend Better Off Bread to anyone looking for a satisfying meal in Boston."" (translation: ""Mé rudé zákázky u Better Off Bread v Bostonu bylo velkou zklamáním. Obdržel jsem dva pastrami sendviče, dvě lahvové sody a dva Italians. Pastrami byl sušší a chyběla mu chuť, zatímco lahvové sody byly ploché a nezaujaly. Italians byli nic moc zvláštní, jen průměrné sendviče. Já jsem očekával lepší kvalitu a chuť z místa, které se specializuje na sendviče. Nevydám doporučení Better Off Bread nikomu, kdo hledá uspokojující jídlo v Bostonu."")",123714
456610919,"en","6","Disappointed with the experience at Better Off Bread in Boston. The sandwiches, particularly the Italian and Pastrami, lacked flavor and were not worth the price. The Hot Ham & Cheese was mediocre at best. The bottled water and iced tea were standard but did not make up for the underwhelming meal. Overall, not a recommended spot for sandwiches.",123715
456611103,"en","1"," Smoky BBQ truly lives up to its name, serving up mouthwatering BBQ that's perfectly smoky and tender. The Two Meat Plate was a standout, with its generous portions of juicy, flavorful meats. The Pulled Pork Sandwich was equally impressive, with its tender, succulent pork piled high on a soft bun. The Rack of Pork Ribs was fall-off-the-bone delicious, and the Fried Pickles added a perfect crunch to the meal. The Spring Mix Salad was a refreshing complement to the rich BBQ flavors. Top it off with their refreshing Bottled Water and Ice Tea, and you've got a meal that's sure to satisfy any BBQ craving. A must-visit when in Boston!",123716
456612595,"en","2","The Not the Wurst Hot Dogs truck was an absolute delight! I ordered the New York Dog, Chicago Dog, and Coney Dog, and they were all top-notch. The hot dogs were juicy and perfectly grilled, the toppings were fresh and flavorful, and the overall presentation was spot-on. The staff were friendly and efficient, and the atmosphere was casual and inviting. I highly recommend checking out Not the Wurst Hot Dogs if you're in Boston. You won't be disappointed!",123717
456613693,"en","2","The Guac n' Roll truck's offerings fell short of expectations. The tacos, while visually appealing, lacked flavor and substance. The meat was thinly sliced, the fillings sparse, and the tortillas were limp. The burritos, while generously filled, tasted bland and lacked the zest of fresh ingredients. The bottled soda and iced tea were satisfactory, but the overall experience was marred by the subpar food quality. While the truck's atmosphere was pleasant, the high price tag and lack of substantial food offerings made for an unsatisfactory meal.",123718
456616218,"en","2","Tonkotsu Ramen at Kitakata Ramen Bar in Boston was as anticipated. Rich and creamy broth, noodles with excellent texture, and tender pork were delivered. Yet, it didn't surpass other ramen establishments in the city. Adequate portion size and efficient service completed the meal. Satisfactory, yet forgettable dining experience.",123719
456616948,"en","1","The ""Not the Wurst Hot Dogs"" truck in Boston served up a decent dining experience. The Coney Dog and New York Dog were both adequately prepared, with the toppings being fresh and flavorful. The buns were soft and the hot dogs themselves had a good texture. However, there was nothing particularly outstanding about the meal. The portion sizes were fair for the price, and the service was efficient. Overall, it's a solid choice for a quick hot dog fix, but it may not leave a lasting impression.",123720
456617043,"en","6","The Not the Wurst Hot Dogs truck was a delight to find in Boston. The menu was simple yet effective, offering a variety of classic hot dogs, each with its own unique flair. I opted for the New York Dog, Chicago Dog, and Coney Dog, and they were all spot-on. The hot dogs were juicy and flavorful, the toppings were fresh and generous, and the buns were soft and perfectly toasted. The bottled water and ice tea were also refreshing and quenching. Overall, I couldn't recommend this truck enough. It's a must-try for any hot dog lover visiting Boston.",123721
456617131,"en","6","## ReviewThe Not the Wurst Hot Dogs truck in Boston delivered a satisfying Chicago Dog and Coney Dog. The Chicago Dog featured a generous spread of fresh toppings, including sweet relish, tomato, onion, and pickles. The Coney Dog, on the other hand, boasted a heaping helping of chili, cheese, and onions. The hot dogs were cooked perfectly, and the bread was soft and warm. Overall, a satisfying and flavorful experience.",123722
456617548,"en","5","The Smoky BBQ truck in Boston delivered a mixed experience. The Spring Mix Salad was fresh and crisp, a delightful start to the meal. However, the Three Meat Plate was a bit underwhelming. While the meats were cooked well, they lacked the smoky flavor one might expect from a BBQ truck. The portion sizes were generous, but the overall taste was just average. It's a decent option for those looking for a quick bite, but it may not satisfy those craving authentic, flavorful BBQ.",123723
456620323,"en","2","""Not the Wurst Hot Dogs"" truly lives up to its name, serving hot dogs that are far from the worst! The Coney Dog I ordered was a delightful blend of flavors, with the perfect balance of chili, onions, and mustard. The hot dog itself was juicy and cooked to perfection. The service was quick and friendly, making my experience even better. If you're in Boston and craving a hot dog, this is the place to go. I'm already looking forward to my next visit to try out more of their menu!",123724
456622540,"en","6","The Guac n' Roll truck's tacos and burrito were a satisfying treat. The veggie taco bowl was fresh and flavorful, with a generous portion of vegetables and a creamy avocado sauce. The chicken burrito was also well-crafted, with tender chicken, fresh toppings, and a crispy tortilla. The staff were friendly and attentive, and the overall atmosphere was relaxed and inviting. While the prices were slightly higher than some competitors, the quality of the food and the friendly service made it worth the splurge.",123725
456623980,"en","6","Guac n' Roll truck in Boston failed to impress with a recent order. The Three Taco Combo Plate and Veggie Taco Bowl were surprisingly lacking in flavor and freshness, despite the positive reviews seen earlier. To add to the disappointment, the Chicken Burrito was excessively greasy and fell apart, resulting in a messy dining experience. The sole redeeming aspect of the order was the bottled soda. In summary, the food served by Guac n' Roll did not live up to expectations and left a sense of disappointment. Unfortunately, this truck cannot be suggested based on this experience.",123726
456626393,"en","4","The ""Not the Wurst Hot Dogs"" truck was a disappointment. The menu was limited to hot dogs, and the ones I ordered were subpar. The buns were soft and the meat was cheap-tasting. The toppings were sparse and not very creative. Overall, I would not recommend this truck to anyone.",123727
456630293,"en","1","The Mega Melt's ""Miss Piggie"" grilled cheese sandwich is a masterpiece. The bread is perfectly toasted, the cheese is gooey and melted to perfection, and the fillings are fresh and flavorful. The Miss Piggie is a classic sandwich that is perfect for any occasion. The friendly staff at The Mega Melt are always happy to accommodate any requests, and the atmosphere is casual and inviting. I highly recommend checking out The Mega Melt if you're looking for a delicious and satisfying grilled cheese sandwich.",123728
456633009,"en","1","Mega Melt's Miss Piggie, The Original, proves to be a highly satisfying grilled cheese sandwich. The bread boasts a delightful crispy exterior, while its interior remains pleasantly chewy. Meanwhile, the melted cheese offers a rich and gooey consistency, complemented by a delicious flavor. This straightforward sandwich choice packs a punch, and is served with a refreshing bottled soda and water on the side. In conclusion, it makes for a solid, quick, and satisfying meal.",123729
456638189,"en","3","The Smoky BBQ truck, parked in the heart of Boston, consistently delivers mouth-watering BBQ fare. I've sampled their succulent two and three meat plates, each featuring tender cuts of beef, pork, and chicken, smoked to perfection. The bottled water, though simple, quenches my thirst perfectly. The friendly staff, their smiles as warm as the smoker's heat, add to the overall positive experience. I highly recommend stopping by Smokey BBQ for a taste of Texas in the heart of Boston.",123730
456639689,"en","1","The order summary provided does not contain any information about the negative aspects of the experience, therefore I cannot write a negative review.",123731
456642166,"en","5","The Better Off Bread truck's menu offerings of hot ham and cheese sandwiches and bottled soda are a testament to the simple yet satisfying nature of its culinary repertoire. The bread is fresh and the fillings are generous, resulting in hearty and flavorful sandwiches. The bottled soda selection complements the sandwiches perfectly, providing a refreshing accompaniment. While the menu is limited, the quality of the ingredients and the warm and friendly service make for a positive dining experience.",123732
456643008,"en","2","""Guac n' Roll truly rolls out a fiesta of flavors! I recently savored their Lean Burrito Bowl and Fish Burrito in Boston, and it was an absolute delight. The Lean Burrito Bowl was a perfect blend of fresh ingredients, each bite bursting with health and taste. The Fish Burrito, on the other hand, was a marvelous culinary creation. The fish was cooked to perfection, and the accompanying ingredients complemented it beautifully. The tacos menu is diverse and caters to all tastes. If you're in Boston, don't miss out on Guac n' Roll. It's a gastronomic experience you'll cherish!""",123733
456644750,"en","5","The Smoky BBQ truck in Boston delivered a solid BBQ experience. The Three Meat Plates and Two Meat Plates were generous in portion size, with well-seasoned and tender meats. The Rack of Pork Ribs was a standout, with a perfect balance of smoky flavor and tender texture. The Fried Pickles were crispy and tangy, providing a nice contrast to the rich meats. However, the Spring Mix Salad was a bit underwhelming, lacking in freshness and flavor. Overall, the meal was satisfying, but there's room for improvement in some areas.",123734
456650611,"en","2","Spicy Miso Vegetable Ramen at Kitakata Ramen Bar in Boston Delivers!A recent dining experience at Kitakata Ramen Bar in Boston revealed a standout dish - the Spicy Miso Vegetable Ramen. This ramen option is a must-try for anyone seeking a flavorful and satisfying meal.The spicy miso broth provided the perfect amount of heat, complementing the abundance of fresh, perfectly cooked vegetables. The vegetables added a delightful crunch to each bite, enhancing the overall texture and taste.The portion size was generous, leaving diners feeling full and satisfied. The service was prompt and friendly, contributing to an enjoyable dining experience.For those in search of a delicious and hearty vegetable ramen, the Spicy Miso Vegetable Ramen at Kitakata Ramen Bar in Boston is highly recommended. With this dish, Kitakata Ramen Bar has undoubtedly set the bar high for ramen in the city.",123735
456651661,"en","3","The Smoky BBQ truck in Boston exceeded all expectations! The Fried Pickles were crispy, tangy, and utterly delightful. The Spring Mix Salad was a refreshing counterpart, bursting with freshness. But the real star was the Two Meat Plate - tender, juicy, and packed with smoky flavor. The Bottled Soda was the perfect beverage to complement the meal. This was a BBQ experience I won't forget. Highly recommend!",123736
456653760,"en","6","""Guac n' Roll"" truck in Boston serves up a culinary delight! A recent visit allowed me to sample their Chicken Burrito and Fish Burrito, both of which were absolutely delicious. The flavors were expertly balanced, with a perfect blend of spices. The chicken was tender and juicy, while the fish was fresh and flaky. Each burrito was generously filled, making for a satisfying meal. The high quality of the ingredients was evident in every bite. The service was quick and friendly, further enhancing the overall positive experience. For fans of tacos or burritos, this is a must-visit. The anticipation for my next visit is already building!",123737
456653769,"en","4","A visit to the ""Guac n' Roll"" truck in Boston revealed a diverse menu, placing emphasis on tacos. Opting for a Three Taco Combo Plate, Veggie Taco Bowl, Chicken Burrito, Lean Burrito Bowl, Fish Burrito, Bottled Water, Bottled Soda, and Ice Tea, the culinary adventure began.The food's preparation and flavors impressed, boasting a harmonious balance of ingredients within the tacos. Burritos were generously stuffed, making for a satisfying meal. The Veggie Taco Bowl particularly stood out, showcasing fresh, crisp vegetables. However, the Fish Burrito lacked moisture, falling slightly short of expectations. Standard drinks accompanied the meal.In summary, the dining experience delivered a mix of fulfillment and minor letdown, with the Veggie Taco Bowl stealing the show.",123738
456655499,"en","6","The Smoky BBQ truck's pulled pork sandwich and rack of pork ribs were the best I've ever had. The meat was tender and flavorful, and the sauce was perfect. The spring mix salad was fresh and crispy, and the bottled soda was refreshing. Overall, I had a great experience at Smoky BBQ and would highly recommend it to anyone.",123739
456655598,"en","4"," ""The Smoky BBQ truck in Boston never disappoints! I recently ordered two racks of pork ribs and two meat plates, and I was blown away by the delicious, smoky flavor in every bite. The ribs were tender and juicy, and the meat plates were piled high with mouth-watering BBQ goodness. The staff was friendly and efficient, and the food was ready in no time. If you're in the mood for some of the best BBQ in Boston, look no further than the Smoky BBQ truck. Highly recommended!""",123740
456655750,"en","2","BBQ Experience at Smoky BBQ in Boston:The Two Meat Plates arrived with generously portioned and well-seasoned meats. The Pulled Pork Sandwiches were tender and full of flavor. However, the Spring Mix Salad was a bit underwhelming, and the Fried Pickles, although crispy, could have benefited from additional seasoning. The Bottled Soda served as a refreshing accompaniment to the meal.In summary, the experience was decent with some room for improvement in certain areas.",123741
456656033,"en","1","""Guac n' Roll truly lives up to its name with their delicious, fresh guacamole included in every dish. I recently tried their Chicken Burrito and Lean Burrito Bowl, and both exceeded my expectations. The chicken was tender and flavorful, and the burrito was packed with all the right ingredients. The burrito bowl was a healthier alternative, but still just as tasty. The staff was friendly and the service was quick. If you're in Boston and craving tacos, Guac n' Roll is a must-try!""",123742
456656486,"en","6","The Mega Melt's ""The Ranch"" grilled cheese sandwich is a winner. The bread was perfectly crisp on the outside and soft on the inside, and the melted cheese was gooey and flavorful. The ranch dressing was the perfect complement to the sandwich, adding a creamy and tangy flavor. Overall, this is a must-try for any grilled cheese fan.",123743
456658462,"en","5","Disappointment was the main course with my recent experience at Better Off Bread in Boston. I ordered two Hot Ham & Cheese sandwiches, expecting a warm, satisfying meal. Unfortunately, what I received was far from it. The sandwiches were lukewarm at best, the cheese barely melted, and the ham lacked flavor. The bread, which I assumed would be a highlight given the truck's name, was soggy and unappetizing. This was not the comforting, hot sandwich experience I had hoped for. Better Off Bread needs to step up their game, especially when it comes to delivering on the basics.",123744
456660357,"en","1","The smoky BBQ truck, Smoky BBQ, located in Boston, has a menu that specializes in barbeque. I ordered a rack of pork ribs, which was tender and flavorful. The meat fell off the bone easily, and the sauce was sweet and tangy. The ribs were cooked to perfection, and the overall experience was enjoyable. However, I would like to see more variety on the menu. Overall, I would recommend Smoky BBQ to anyone looking for a delicious barbeque meal in Boston.",123745
456660397,"en","1","Smoky BBQ's food was mouth-watering. Two meat plate boasted a generous portion. Pulled pork sandwich was tender and flavorful. Rack of pork ribs offered perfect fall-off-the-bone meat. Spring mix salad and bottled soda were excellent sides. Experience was very positive. Highly recommend Smoky BBQ to Boston residents.",123746
456660957,"en","5","Tonkotsu Ramen at Kitakata Ramen Bar in Boston is a delectable treat. The rich, creamy pork broth achieves a perfect balance. Noodles carry just the right texture with a pleasant chew. Slices of tender pork and a soft-boiled egg complement each mouthful, delivering a burst of flavor. Kitakata Ramen Bar's cozy and inviting ambiance enhances the dining experience. I wholeheartedly endorse this dish for those seeking an authentic ramen adventure. Kitakata Ramen Bar has undeniably raised the standard.",123747
456661663,"en","3"," ""Better Off Bread's sandwiches are the talk of the town in Boston! I recently ordered the Pastrami and Italian sandwiches, and let me tell you, they did not disappoint. The Pastrami was perfectly seasoned and piled high on fresh bread, while the Italian was a delicious blend of meats and cheeses. The quality of ingredients and care taken in preparation is evident in every bite. I highly recommend Better Off Bread for anyone in search of a satisfying sandwich in the city. You won't be disappointed!""",123748
456664251,"en","3","Sure, here's a revised version of the review that avoids starting with The, I, or Im:Satisfactory BBQ experience at The Smoky BBQ truck in Boston. Twice ordered Two Meat Plate, well-prepared meat, tender and flavorful. Decent sides, not particularly memorable. Efficient service, friendly staff. Portion size could be more generous. Solid meal, but not exceptional among local BBQ options.",123749
456665950,"en","5"," The sandwiches from Better Off Bread were a disappointment. The pastrami lacked flavor and was dry, while the hot ham and cheese was overly greasy and underwhelming. The Italian sandwich was the only saving grace, but it wasn't enough to make up for the rest of the lackluster meal. I expected more from a food truck in Boston. I wouldn't recommend this place to anyone looking for a good sandwich.",123750
456667721,"en","4","Disappointment was the main course with my order from Not the Wurst Hot Dogs. The Chicago Dog lacked the essential poppy seed bun and was a far cry from the authentic Chicago-style hot dog I was craving. The Coney Dog, on the other hand, was drowning in a mediocre chili that overpowered the entire dish. The hot dogs themselves were average at best, lacking any distinct flavor. My experience with Not the Wurst Hot Dogs was unfortunately underwhelming and failed to live up to my expectations for a satisfying hot dog experience in Boston.",123751
456671633,"en","3","An order was recently placed at a BBQ eatery in Boston, as per the order summary. The purchase included an assortment of menu items such as two ice teas, a pair of meat plates, two pulled pork sandwiches, and an additional pulled pork sandwich. This selection offers a broad spectrum of the restaurant's offerings, ranging from meat plates and sandwiches to refreshing beverages. However, the review does not delve into specifics or express any opinions regarding the quality of the food or service. It serves solely as an accurate summary of the items bought.",123752
456674213,"en","2","The Kitakata Ramen Bar's Spicy Miso Vegetable Ramen was an unmitigated disaster. The broth was bland and watery, lacking the savory punch promised by the ""spicy"" descriptor. The noodles were limp and overcooked, while the vegetables were sparse and uninspired. The only redeeming factor was the generous sprinkling of dried seaweed, which provided a hint of umami. Overall, this ramen was a major disappointment and not worth the high price.",123753
456676768,"en","1","Unsatisfying experience at Smoky BBQ in Boston. Three meat plate lacked moisture and flavor, and the pulled pork sandwich was unremarkable. Bottled soda was flat and warm. Disappointing meal, not worth the expense. Boston's Smoky BBQ did not meet expectations with its subpar and expensive offerings despite the impressive rating.",123754
456678138,"en","5","This order was a disaster. The bread was stale, the meat was dry and overcooked, and the cheese was not melted properly. The Italian sandwich was particularly disappointing, with the bread being soggy and the meat being bland. The hot ham and cheese sandwiches were also not very impressive, with the bread being too thick and the meat being thinly sliced. Overall, this was a very poor order and I would not recommend it to anyone.",123755
456678789,"en","4","The Guac n' Roll truck's tacos are a taste of heaven in the heart of Boston. The veggie taco bowl was a delightful explosion of flavor with fresh, crisp vegetables and creamy guacamole. The two taco combo plate was equally impressive, with juicy tender beef and perfectly crispy tortillas. Every bite of their tacos was a delight, and the friendly staff made the experience even more enjoyable. I highly recommend Guac n' Roll to anyone looking for a flavorful and satisfying taco experience.",123756
456679274,"en","3","A grilled cheese enthusiast's dream, Mega Melt truck in Boston is a must-visit. The Original displayed an exquisite balance of gooey cheese and crispy bread. The Ranch variation brought a delightful zest, enhanced by its ranch flavor. The superiority of the ingredients was evident, and the service was prompt and amicable. In Boston and yearning for a savory grilled cheese? Look no further than Mega Melt.",123757
456679557,"en","6"," ""Ah, nothing beats a good hot dog to hit the spot! Not the Wurst Hot Dogs in Boston truly knows how to satisfy a hot dog craving. I recently ordered the New York Dog, Chicago Dog, and Coney Dog, and each one was a delight in its own right. The New York Dog was a classic, with a delicious snap to every bite. The Chicago Dog was piled high with toppings, just as it should be. And the Coney Dog, with its savory chili and mustard, was a true standout. To wash it all down, I had a refreshing bottled soda and ice tea. If you're in Boston and in the mood for a hot dog, I highly recommend Not the Wurst Hot Dogs. You won't be disappointed!""",123758
456680406,"en","1","The food at Smoky BBQ in Boston was simply mouth-watering. I ordered a two-meat plate with pulled pork and ribs, fried pickles, spring mix salad, and a side of bottled soda. Everything was cooked to perfection, and the portions were generous. The pulled pork was tender and flavorful, and the ribs were fall-off-the-bone tender. The fried pickles were crispy and tangy, and the spring mix salad was fresh and crisp. The bottled soda was a refreshing accompaniment to the meal, and the bottled water was icy cold. Overall, I had a very enjoyable experience at Smoky BBQ, and I would highly recommend it to anyone looking for a great meal in Boston.",123759
456681751,"en","1","Grilled cheese sandwich and bottled water combo at The Mega Melt's ""The Original"" is an enjoyable experience for those in search of a tasty, uncomplicated meal in Boston's core. This sandwich, made with fresh bread, melted cheese, and crispy bacon, provides a delightful crunch and a generous helping of gooey goodness. The bottled water, an ideal complement to the sandwich, ensures hydration without detracting from the sandwich's enjoyment. In summary, this meal option offers a flavorful and hassle-free choice for a casual dining experience within the city.",123760
456681951,"en","3","The ""Not the Wurst Hot Dogs"" truck's offerings fell far short of my expectations. The hot dogs, ranging from the Coney Dog to the New York Dog, were limp and unappetizing. The buns were stale, and the toppings were meager, lacking even the most basic condiments. The bottled water, a necessity in the scorching heat, was lukewarm at best. Overall, the food and beverage selection was subpar, leaving me disappointed and hungry.",123761
456682587,"en","6","Crispy batter and tangy pickles, the perfect combination of textures and flavors. Golden brown on the outside, juicy on the inside, the fried pickles at Smoky BBQ in Boston were absolutely delicious. A must-try for any fan of fried pickles, I highly recommend giving them a try.",123762
456683535,"en","5","This order was simply a disaster. The hot dogs were not even close to being ""not thewurst"" as advertised. They were pedestrian at best. The bottled water was warm, and the Coney Dog had far too much relish. To top it all off, the delivery driver was rude and late. I will not be ordering from this restaurant again.",123763
456685301,"en","4","Order summary contains no problems with food or service, hence unable to pen down negative feedback for this specific order.",123764
456689729,"en","4","Veggie Taco Bowl and Two Taco Combo Plate at Guac n' Roll in Boston fell short of expectations. The vegetables showed a lack of freshness and flavor, and the tacos were excessively cheesy, concealing the taste of their fillings. The presentation was untidy, not living up to the vibrant and alluring look one would assume from a taco truck in Boston, renowned for its culinary offerings. Unfortunately, Guac n' Roll failed to serve a gratifying meal.",123765
456690500,"en","6","## ReviewThe New York Dog from ""Not the Wurst Hot Dogs"" in Boston was a satisfying experience. The hot dog itself was plump and juicy, with a perfectly crispy bun. The toppings were fresh and plentiful, including onions, pickles, and mustard. Overall, a solid hot dog option in the heart of Boston.",123766
456693717,"en","5","Kitakata Ramen Bar in Boston left much to be desired. The Spicy Miso Vegetable Ramen and Tonkotsu Ramen served were far from spicy, with a scarcity of vegetables. The broth lacked flavor and the noodles were overly soft. In summary, this establishment is not worth a visit.",123767
456695670,"en","6","Mega Melt Truck in Boston Uplifts the Grilled Cheese Experience:An Original with a blend of perfect cheeses, this classic delight is a must-try. The Ranch provides an unexpected yet delightful tangy twist. However, the true star is Miss Piggie, a genius combination of grilled cheese and BBQ pulled pork. The flavors are rich, ingredients fresh, and service top-notch. This is not just a food truck, but a gourmet experience on wheels. Highly recommended!",123768
456699640,"en","6"," Better Off Bread in Boston exceeded expectations with their delectable sandwiches! The Pastrami sandwich was an absolute delight; its perfect blend of flavors made every bite a memorable experience. But let's not forget about the Italian sandwich - a delightful combination of quality ingredients that left me craving more. This food truck knows how to make exceptional sandwiches that keep you coming back for more. Hands down, one of the best food truck experiences I've had. Highly recommend!",123769
456700534,"en","6","Kitakata Ramen Bar in Boston served up a decent dining experience. The Ice Tea was refreshing, a good balance to the hearty ramen dishes. The Spicy Miso Vegetable Ramen had a robust flavor profile, though the spice level could be a bit high for some. The Tonkotsu Ramen, on the other hand, was solid with a rich, creamy broth, but the noodles could have been a tad firmer. Overall, it was a satisfying meal, but there's still room for improvement in some aspects.",123770
456702898,"en","4","""Original"" grilled cheese sandwich from The Mega Melt left much to be desired. The bread, expected to be crisply toasted, was disappointingly soggy and undercooked. The cheese, which should have been the highlight, lacked any distinctive taste or the desired gooeyness, resulting in a bland and unexciting sandwich. The presentation was equally underwhelming, lacking any attention to detail. Given that it's a grilled cheese truck, the experience fell short of expectations. Among Boston's numerous food trucks, The Mega Melt isn't one to be recommended based on this encounter.",123771
456705363,"en","2","""Not the Wurst Hot Dogs"" truly lives up to its name, serving hot dogs that are far from the worst! Their Chicago Dog and Coney Dog are absolute delights, packed with flavor and served fresh. The bottled soda was a perfect companion, providing a refreshing balance to the savory hot dogs. The truck's location in Boston is a bonus, making it a convenient stop for a quick, satisfying meal. The service was swift and friendly, enhancing the overall experience. If you're a hot dog lover, this is a must-try!",123772
456705927,"en","4","The Better Off Bread truck's menu offerings are primarily sandwiches, with a selection of hot and cold options. The pastrami and hot ham & cheese sandwiches are popular choices, while the Italian sandwich is a vegetarian option. The selection of accompanying beverages includes ice tea, bottled soda, and hot beverages. While the food is generally well-received, some customers find the prices to be a bit high. Overall, Better Off Bread is a well-established food truck in Boston known for its flavorful sandwiches and friendly service.",123773
456706560,"en","5"," The ""Chicken Burrito"" from Guac n' Roll in Boston was as expected. The taco truck, known for its tacos, delivered a burrito that was neither exceptional nor disappointing. The chicken was adequately cooked, and the ingredients were fresh. However, it lacked a certain 'wow' factor that would make it stand out. The portion size was satisfactory, and the price was fair. Overall, it was a decent meal, but not something that would necessitate a repeat visit solely for the burrito.",123774
456707085,"en","3","Kitakata Ramen Bar in Boston is a must-visit for any ramen enthusiast. The Creamy Chicken Ramen and Spicy Miso Vegetable Ramen were both incredibly flavorful and satisfying. The broth was rich and savory, and the noodles were perfectly cooked. The toppings were fresh and plentiful, and the overall presentation was impeccable. The bottled water was refreshing and chilled, perfect to complement the spicy ramens. The atmosphere was casual and inviting, and the service was friendly and efficient. Overall, I highly recommend Kitakata Ramen Bar to anyone craving a delicious and authentic ramen experience.",123775
456707142,"en","1","Tonkotsu Ramen at Kitakata Ramen Bar in Boston Falls Short.Bland and watery broth, overcooked noodles, and tasteless pork fail to deliver on rich, savory flavor expectations. Result is underwhelming and not worth the cost. Not recommended for those seeking authentic, flavorful tonkotsu ramen.",123776
456708405,"en","4","The Smoky BBQ truck in Boston delivered a satisfactory BBQ experience. The Three Meat Plates were generously portioned, offering a variety of flavors that were well-received. The Pulled Pork Sandwiches, on the other hand, were a bit dry, lacking the expected juiciness. However, the overall taste was still enjoyable. The service was efficient, and the food was served hot. While it may not be the best BBQ in town, it certainly provides a decent meal for those craving some smoky flavors.",123777
456710243,"en","5","""Guac n' Roll truly lives up to its name, serving up delicious, fresh meals that are a fiesta of flavors! I recently tried their Fish Burrito and Veggie Taco Bowl, and I was absolutely thrilled. The fish was perfectly cooked, tender, and flaky, while the veggie bowl was a vibrant medley of fresh produce, all beautifully seasoned. The portions were generous, and the service was swift and friendly. If you're in Boston and craving some fantastic tacos, Guac n' Roll is the way to go. This food truck is a gem in the city's culinary scene!""",123778
456710770,"en","4","The Mega Melt's ""The Original"" grilled cheese sandwich delivers a traditional, uncomplicated experience. The bread is toasted to a golden brown perfection, and the cheese is melted to a delightfully gooey consistency. While it doesn't break any new ground in terms of flavor, it's still a satisfying option for those seeking a classic grilled cheese. The portion size is adequate for the price, making it a solid choice for a satisfying meal. However, don't expect anything particularly innovative or memorable.",123779
456711133,"en","1","The sandwiches from Better Off Bread in Boston were as expected. The Pastrami had a good balance of flavors, with the right amount of meat and condiments. However, it wasn't particularly outstanding. The Hot Ham & Cheese was warm and satisfying, but it could have benefited from a bit more cheese. The bread was fresh and held up well to the fillings. Overall, it was a decent meal, but it didn't necessarily stand out from other sandwich places in the area.",123780
456716666,"en","1"," The Creamy Chicken Ramen and Tonkotsu Ramen from Kitakata Ramen Bar in Boston were satisfactory. The Creamy Chicken Ramen had a rich, velvety broth that was well-seasoned, while the Tonkotsu Ramen featured a hearty, pork-based broth with a decent depth of flavor. The noodles in both dishes were cooked to a nice, al dente texture. The bottled water and soda were standard. Overall, the meal was enjoyable, but it didn't particularly stand out among other ramen experiences. It was a solid choice for a casual meal.",123781
456717118,"en","1","Disappointment was the main ingredient in the ""Miss Piggie"" grilled cheese from The Mega Melt in Boston. The cheese was barely melted, leaving a cold, unappetizing center. The promised pull-apart bread was tough and dry, lacking the buttery crispness one expects. The advertised bacon was scarcely there, making it more of a tease than a taste. Overall, this sandwich failed to deliver on its promised flavors and textures, leaving me longing for a truly satisfying grilled cheese experience.",123782
456717427,"en","3","The hot dogs from Not the Wurst Hot Dogs in Boston were an absolute delight! Each dog was packed with flavor, from the tangy New York Dog to the hearty Coney Dog. The Chicago Dog was a standout with its perfect balance of toppings. The quality of the ingredients was top-notch, and the service was quick and friendly. This is a must-visit for hot dog lovers!",123783
456718174,"en","5","A delightful experience at Smoky BBQ truck. Refreshing ice tea began the meal, leading to a mouthwatering pulled pork sandwich. Friendly staff expeditiously took orders and ensured perfection. Generous three meat plate included tender ribs, succulent chicken, and flavorful sausage. Fried pickles, a perfect accompaniment to pulled pork, added tang. Authentic BBQ feast in Boston: highly recommended.",123784
456718426,"en","2"," The Guac n' Roll truck in Boston serves up some of the best tacos in town. The Three Taco Combo Plate was packed with flavor and left me feeling satisfied. The tacos were made with fresh ingredients and the guacamole was the perfect complement. I highly recommend stopping by this truck for a delicious and filling meal. The service was also top-notch and the staff was friendly and helpful. I will definitely be returning for more tacos from Guac n' Roll.",123785
456718851,"en","4","A delightful experience at Kitakata Ramen Bar in Boston. Creamy chicken ramen, tonkotsu ramen, and spicy miso vegetable ramen were exceptional. Broth: flavorful and aromatic. Noodles: perfectly cooked. Toppings: fresh and generous. Atmosphere: casual and inviting. Service: friendly and prompt. Highly recommend for an authentic and satisfying ramen experience.",123786
456719028,"en","2","The Mega Melt truck in Boston offered a satisfying experience with its grilled cheese menu. The Ice Tea was refreshing, a perfect companion to the meal. The Original grilled cheese sandwich was well-prepared, with a good balance of cheese and bread, while The Ranch brought a unique twist to the classic favorite. However, neither particularly stood out. The service was efficient, and the order was accurate. Overall, it was a decent choice for a quick grilled cheese fix, but it didn't necessarily exceed expectations.",123787
456720459,"en","5","Disappointment was the theme of my visit to Kitakata Ramen Bar in Boston. The Spicy Miso Vegetable Ramen lacked the promised heat, and the vegetables were overcooked, losing their crunch. The Creamy Chicken Ramen was bland, missing the richness one expects from a creamy broth. The Tonkotsu Ramen, a staple in any ramen bar, was unfortunately no better, with a broth that was thin and lacking in depth. Even the bottled water was served at room temperature. Overall, the experience was far from satisfying.",123788
456720470,"en","1","The Creamy Chicken Ramen and Spicy Miso Vegetable Ramen from Kitakata Ramen Bar in Boston were a mix of highs and lows. The Creamy Chicken Ramen was rich and flavorful, with tender chicken and a creamy broth that was quite satisfying. However, the Spicy Miso Vegetable Ramen fell a bit short. While the vegetables were fresh and crisp, the spicy miso broth lacked the depth of flavor expected from a ramen dish. Overall, it was an average dining experience with potential for improvement.",123789
456721828,"en","1","The ""Guac n' Roll"" truck in Boston served up a satisfactory meal with the Three Taco Combo Plate and Fish Burrito. The tacos were adequately filled, offering a decent balance of flavors, while the fish burrito was reasonably fresh and well-seasoned. The bottled water was a standard accompaniment. However, there was nothing particularly outstanding about the meal that set it apart from other taco trucks in the area. It was a solid choice for a quick bite, but it didn't necessarily leave a lasting impression.",123790
456723436,"en","6","The ""Hot Ham & Cheese"" and ""Italian"" sandwiches from Better Off Bread in Boston delivered on expectations with fresh bread and generous fillings. However, the taste and presentation didn't exceed expectations. While the sandwiches were satisfying, they didn't stand out from similar options in the area. It was a decent meal, but it didn't leave a lasting impression.",123791
456723759,"en","3","The Smoky BBQ truck in Boston was a disappointing experience. The Ice Tea was overly sweet and lacked the refreshing taste it promised. The Fried Pickles were soggy, lacking the crispness one expects. The Rack of Pork Ribs was dry and underseasoned, while the Pulled Pork Sandwich was drowned in an overly tangy sauce, masking the flavor of the pork. The Two Meat Plate was no better, with both meats being tough and chewy. Overall, the quality of food was subpar and did not meet expectations.",123792
456724843,"en","3","Mega Melt's grilled cheese menu does not disappoint, offering a range of options from the classic The Ranch with melted cheddar and crispy bacon to the unique Miss Piggie with melted brie, fig jam, and arugula. The bottled water and soda choices are handy for satisfying thirst. The lively atmosphere in Boston adds to the experience, and the friendly service makes it all the more enjoyable. The Ranch sandwich was a delight, with its perfect combination of melted cheese and bacon. The Miss Piggie offered a surprising and delicious twist on the traditional sandwich. Overall, Mega Melt provides a cozy and welcoming space to savor a tasty grilled cheese in the heart of Boston.",123793
456727874,"en","6","The Smoky BBQ truck in Boston delivered a satisfactory experience. The Fried Pickles were crispy and flavorful, a nice complement to the main dishes. The Two Meat Plate and Three Meat Plate offered a decent variety of BBQ options, although the meat could have been a bit more tender. The Bottled Water was standard. Overall, it was a solid meal, but there's room for improvement in terms of meat tenderness.",123794
456729523,"en","1","A visit to the Smoky BBQ truck in Boston resulted in a Pulled Pork Sandwich that was neither extraordinary nor underwhelming. The pork exhibited acceptable tenderness, and the BBQ sauce boasted a pleasing smoky taste. However, the meal left little impact. The sandwich's size was satisfactory given the cost, and the service was prompt. In summary, this BBQ experience was satisfactory, yet it did not distinguish itself among other BBQ alternatives in the vicinity.",123795
456730598,"en","3","This order was a disappointment. The tonkotsu ramen was bland and the creamy chicken ramen was too salty. The noodles were overcooked and the broth was weak. The only saving grace was the generous portion size. Overall, I would not recommend this restaurant to anyone.",123796
456731224,"en","5","The Not the Wurst Hot Dogs truck in Boston offers a tantalizing selection of hot dogs, ranging from the classic New York Dog to the Chicago Dog and the Coney Dog. The buns are soft and fluffy, the meat is juicy and flavorful, and the toppings are fresh and generous. The bottled soda selection is impressive, with a range of classic and specialty drinks to satisfy any craving. Overall, the food and drinks at Not the Wurst Hot Dogs are of high quality and the prices are reasonable.",123797
456736460,"en","6","This ""Kitakata Ramen Bar"" order was an absolute disaster. The broth was so incredibly bland, I could barely taste the chicken. The noodles were limp and overcooked, and the chicken was dry and flavorless. The only saving grace was the egg roll, which was crispy and fresh. I would not recommend this restaurant to anyone.",123798
456747801,"en","6","Disappointment was the flavor of the day at The Mega Melt. The Ranch sandwich was overly saturated, leaving the bread soggy and the cheese flavor lost. Miss Piggie, advertised as a pull-apart delight, was dry and lacking the promised BBQ kick. The Original, a staple on the menu, was underwhelming and bland. The Ice Tea, while refreshing, couldn't salvage the overall dining experience. For a Grilled Cheese truck, The Mega Melt failed to deliver the melted, gooey goodness one would expect. Boston deserves better.",123799
456749869,"en","1","The Kitakata Ramen Bar in Boston is a must-try for any ramen enthusiast. I ordered the Spicy Miso Vegetable Ramen and the Tonkotsu Ramen, and both were absolutely delicious. The broth was rich and flavorful, the noodles were perfectly cooked, and the toppings were fresh and generous. The atmosphere was casual and inviting, and the service was friendly and attentive. Overall, I highly recommend Kitakata Ramen Bar to anyone looking for a satisfying and authentic ramen experience.",123800
456751950,"en","5","The ""Guac n' Roll"" truck in Boston is a culinary delight! I recently tried their Fish Burrito and it was an absolute treat. The fish was cooked to perfection, tender and flaky, complemented by the fresh, vibrant flavors of the accompanying ingredients. The burrito was generously filled, making it a satisfying meal. The service was prompt and the staff was friendly, adding to the overall positive experience. If you're a fan of tacos or just good food in general, I highly recommend giving ""Guac n' Roll"" a try. You won't be disappointed!",123801
456755788,"en","5","Freezing Point truck in Boston offers a unique ice cream experience with their Mango Sticky Rice. Texture-wise, the creamy ice cream contrasts nicely with the chewy rice. The portion size is generous, providing good value for the price. However, the mango flavor could be more pronounced, as it was a bit muted and left us desiring a stronger tropical fruit taste. Overall, it's a decent choice if you're in the mood for something different in the world of ice cream.",123802
456757096,"en","5","Disappointment was the main ingredient in my order from The Mega Melt in Boston. The Original grilled cheese lacked the promised gooey goodness, while The Ranch sandwich was drowned in an overwhelming amount of sauce, masking the taste of the cheese entirely. The menu's potential was not met, leaving me with a less than satisfying experience.",123803
456763851,"en","2","Pastrami and Hot Ham & Cheese sandwiches, absolutely delightful. Just the right amount of fillings, packed with flavor. Italian sandwich, a perfect blend of tangy and savory. Bottled water, a refreshing complement. Top-notch ingredients, swift and friendly service. Must-try for anyone in Boston. Two thumbs up for ""Better Off Bread""!",123804
456765789,"en","4"," ""The Mega Melt"" truck in Boston promised a mouth-watering grilled cheese experience with ""The Original"" sandwich. However, the cheese was not properly melted, the bread was soggy, and the overall taste was lackluster. The portion size was also disappointingly small for the price. The staff was not friendly and the truck's cleanliness left much to be desired. I was extremely disappointed with this food truck experience and would not recommend ""The Mega Melt"" to anyone looking for a satisfying grilled cheese in Boston.",123805
456765896,"en","5","""The Mega Melt truck in Boston offers a unique grilled cheese experience. The Original, The Ranch, and Miss Piggie sandwiches were ordered. The Original was a classic, simple yet satisfying. The Ranch added a tangy twist, but it might not appeal to everyone's taste buds. Miss Piggie, with its pulled pork and BBQ sauce, was a delightful surprise, blending the worlds of grilled cheese and BBQ. Overall, the truck provides a variety of options for grilled cheese lovers, but the flavors can be hit or miss depending on personal preferences.""",123806
456767740,"en","1","The Guac n' Roll truck's tacos and chicken burrito were flavorful and satisfying. The tacos were well-crafted with fresh ingredients, including juicy beef, crunchy lettuce, and tangy salsa. The chicken burrito was tender and flavorful, with a generous amount of filling. The ice tea was refreshing and perfectly chilled. The two taco combo plate and the three taco combo plate were both large enough to feed two people comfortably. Overall, the Guac n' Roll truck offers a wide range of delicious and reasonably priced food options.",123807
456770599,"en","3","The Mega Melt truck's grilled cheese menu offers a satisfying range of options, including the classic Original, the tangy Ranch, and the indulgent Miss Piggie. The bread is crispy on the outside and soft on the inside, creating the perfect canvas for the melted cheese and flavorful fillings. The Original, featuring sharp cheddar and gooey parmesan, is a timeless choice, while the Ranch, with its creamy avocado and tangy ranch dressing, adds a touch of whimsy. Miss Piggie, adorned with succulent bacon, melted brie, and fig jam, is a decadent treat. Overall, the Mega Melt's grilled cheese offerings are flavorful and satisfying, making it a must-try for any cheese enthusiast visiting Boston.",123808
456771365,"en","5","The ""Not the Wurst Hot Dogs"" truck's menu offerings fell short of expectations. The bottled water was tepid, and the hot dogs, though billed as New York and Chicago varieties, tasted more like generic hot dogs. The toppings, sparse and uninspired, failed to elevate the dogs. The overall experience was lackluster, leaving me thirsty and unfulfilled.",123809
456771389,"en","2","The Better Off Bread truck in Boston consistently delivers mouth-watering sandwiches. The pastrami and hot ham and cheese are personal favorites, offering generous portions of tender meat, melted cheese, and fresh toppings. The ice tea is refreshing, perfectly complementing the hearty sandwiches. The friendly staff and quick service add to the overall positive experience.",123810
456777713,"en","3","The Guac n' Roll truck's tacos are a delight, offering a unique twist on traditional Mexican fare. The veggie taco bowl, a vegetarian option, was flavorful and satisfying, with fresh, crunchy vegetables and a generous serving of guacamole. The two taco combo plate, featuring crispy tacos with fresh, tender meat, was equally impressive. The tacos were perfectly seasoned and the toppings were fresh and creative. Overall, the food at Guac n' Roll is top-notch, and the friendly staff make it a pleasure to enjoy.",123811
456777866,"en","4","Guac n' Roll truly lives up to its name, delivering an unforgettable culinary experience that's as fun as it is delicious! From the heart of Boston, this taco truck serves up some of the most scrumptious Mexican delights I've ever had the pleasure of tasting.The Lean Burrito Bowl was an explosion of flavors, with perfectly seasoned ingredients that danced on my taste buds. Meanwhile, the Taco Combo Plates offered a splendid variety, making it the ideal choice for when you can't decide between their mouthwatering options. The Two Taco and Three Taco combinations were both generously portioned and packed with authentic, zesty flavors that left me craving more.To top it off, their Bottled Soda was the perfect refreshment, providing just the right amount of sweetness to complement the rich, savory flavors in their dishes. All in all, Guac n' Roll exceeded my expectations and has definitely secured a spot on my list of must-visit food trucks in Boston. Well done!",123812
456782648,"en","5","Disappointment was the main course at Smoky BBQ in Boston. The Fried Pickles were overly greasy, lacking the expected crunch and flavor. The Three Meat Plate, which should have been the star of the show, was a letdown. The meats were dry, lacking the smoky flavor promised by the truck's name. Even the Bottled Sodas, simple as they were, were served warm. Overall, an underwhelming experience that didn't live up to BBQ standards.",123813
456783709,"en","5","Disappointment was the main course at Kitakata Ramen Bar in Boston. The Creamy Chicken Ramen lacked the promised creaminess, while the Spicy Miso Vegetable Ramen was a letdown with its bland flavor. The Tonkotsu Ramen, a staple in any ramen bar, was unfortunately no better, with a broth that was far from rich and flavorful. The drinks, Bottled Soda and Ice Tea, were the only items that met expectations, but they couldn't save the overall dining experience. This is one ramen bar that doesn't live up to its name.",123814
456785802,"en","6"," The Smoky BBQ truck in Boston exceeded all expectations! The Two Meat Plate was a culinary delight, with tender, juicy meats cooked to perfection. The flavors were rich and smoky, and the portions were generous. The service was prompt and friendly, making the overall experience even more enjoyable. I highly recommend the Smoky BBQ truck to anyone looking for delicious BBQ in Boston.",123815
456786734,"en","2","Disappointment was the main course on my visit to The Mega Melt in Boston. I ordered The Ranch, Miss Piggie, and The Original, all of which sounded promising on the menu but failed to deliver in taste. The Ranch lacked the expected zesty kick, Miss Piggie was overwhelmingly greasy, and The Original, far from being a classic, was bland and uninspiring. The grilled cheese, the star of the show, was underwhelming, with the bread being more toasted than grilled. Overall, the experience was a letdown, and I wouldn't recommend it to anyone seeking a satisfying grilled cheese experience.",123816
456787194,"en","5","The ""Not the Wurst Hot Dogs"" truck was a culinary disaster. The hot dogs were limp, the buns were stale, and the toppings were sparse. The New York Dog was a mess of overcooked meat, wilted onions, and a meager sprinkle of cheese. The Coney Dog was slightly better, but the hot dog was still dry and unflavorful. The Chicago Dog was the worst, with its cheap toppings and anemic hot dog. Overall, I would not recommend this truck to anyone.",123817
456788397,"en","1","The Guac n' Roll truck's menu offerings, ranging from tacos to burritos, were met with a warm reception in Boston. The Lean Burrito Bowl and Fish Burrito were flavorful and satisfying, while the Two Taco Combo Plate and Chicken Burrito provided ample portions for a satisfying meal. The bottled soda selection was commendable, complementing the burritos and tacos perfectly. Overall, the food and drinks at Guac n' Roll were well-received, making it a highly recommended stop for those seeking a quick and flavorful bite in Boston.",123818
456790231,"en","3","This order summary was not satisfactory. The sandwich was not made correctly, and the ice cream was not cold. The bread was too soft and the ice cream was not spread evenly on the bread. This was not the first time that this has happened, and I will not be ordering from this restaurant again.",123819
456792740,"en","5","Order summary lacks details on food quality and service experience, preventing a review from being written.",123820
456793432,"en","3","Kitakata Ramen Bar in Boston offers two noteworthy ramen options: the Spicy Miso Vegetable Ramen and the Tonkotsu Ramen. The Spicy Miso Vegetable Ramen boasts a satisfying kick and balanced flavor profile, with fresh, crunchy vegetables contributing a delightful texture. The Tonkotsu Ramen is rich, creamy, and features a robust pork flavor. Both dishes exhibit well-cooked noodles with a desirable bite. However, portion sizes were somewhat smaller than anticipated. Fortunately, service was prompt, and staff members were amiable, resulting in a generally acceptable dining experience, albeit not an especially memorable one.",123821
456793694,"en","2","Disappointment was the flavor of the day with my order from The Mega Melt in Boston. The grilled cheese, supposedly their specialty, was lackluster at best. The Ranch sandwich was overly saturated, leaving the bread soggy and the taste unbalanced. Miss Piggie, their signature dish, was equally underwhelming, with the cheese not properly melted. To add to the disappointment, the bottled water and soda were both warm, suggesting poor storage conditions. Overall, a forgettable experience that didn't live up to the hype.",123822
456794873,"en","2","A satisfying BBQ experience was had at the Smoky BBQ truck in Boston. The Two Meat Plate was skillfully prepared, offering a harmonious blend of flavors, though not extraordinarily exceptional. The Spring Mix Salad presented crisp and fresh ingredients, an ideal counterpoint to the hearty meat dishes. Standard Bottled Sodas completed the meal. The encounter offered enjoyment, yet didn't distinguish itself remarkably among other BBQ alternatives in the vicinity. Service was streamlined, ensuring an accurate order. For dependable BBQ, Smoky BBQ is a capable selection.",123823
456795679,"en","2","Tonkotsu Ramen at Kitakata Ramen Bar in Boston is an exhilarating treat. The broth boasts a rich and savory depth, harmoniously blended with a tantalizing spiciness. Noodles are expertly prepared, retaining an ideal al dente texture. Toppings are generously served, fresh and flavorful. The ambiance is laid-back and inviting, encouraging a relaxing dining experience. Kitakata Ramen Bar staff are amicable and attentive, ensuring a delightful visit. For a crave-worthy and authentic ramen adventure, the Tonkotsu Ramen at Kitakata Ramen Bar is an unmissable recommendation.",123824
456799138,"en","4","The Better Off Bread truck in Boston consistently delivers satisfying sandwiches for any appetite. The pastrami and Italian offerings are consistently well-crafted, showcasing fresh ingredients and flavorful condiments. The bread is soft and freshly baked, creating a perfect canvas for the fillings. While the portions are generous, the prices are reasonable. Overall, Better Off Bread is a highly recommended pit stop for anyone seeking a mouth-watering sandwich in the heart of Boston.",123825
456800999,"en","3","Mega Melt's grilled cheese menu and bottled soda selection in Boston are noteworthy. The menu boasts a straightforward yet impressive variety of classic grilled cheese sandwiches, such as The Original, The Ranch, and Miss Piggie. These sandwiches are made with high-quality ingredients and are skillfully prepared, resulting in gooey cheese and delightful textures. The bottled soda options pair well with the sandwiches, offering a broad assortment to choose from. In summary, Mega Melt provides a comfortable and tasty dining experience in the midst of Boston, making it an ideal spot for grilled cheese aficionados and soda enthusiasts.",123826
456803934,"en","5","The experience with Better Off Bread was unfortunately underwhelming. The Italian sandwiches lacked the expected flavor and freshness, with the bread being particularly dry. The pastrami, too, was disappointing, lacking the tender, juicy texture one would anticipate. The bottled sodas were standard, but they did little to enhance the overall meal experience. For a sandwich truck in Boston, I expected more. The quality of the food did not live up to the name, leaving me feeling that I would have been, indeed, better off with a different choice.",123827
456811913,"en","6"," The hot dogs from Not the Wurst were far from impressive. The New York Dog lacked the classic tangy sauerkraut, the Chicago Dog was overly salty, and the Coney Dog's chili was bland. The bottled water was the only saving grace, but it's hard to mess up water. Overall, a disappointing experience that didn't live up to the hot dog standards of Boston.",123828
456815469,"en","2","Sure, here's a revised version of the review that doesn't start with ""The,"" ""I,"" or ""Im"":🍦🌮 Delightful Frozen Treats at Freezing Point Truck! 🌮🍦Discovered in Boston, the Freezing Point truck exceeded expectations with its diverse menu featuring a variety of frozen delights, including popsicles, sugar cones, and two-scoop bowls. We ordered two popsicles and two sugar cones, and every bite was a treat. The popsicles were refreshing, while the sugar cones were perfect for a hot day. The two-scoop bowl was generously portioned, and the toppings were plentiful.The service was friendly, the food was delicious, and the prices were reasonable. We highly recommend checking out the Freezing Point truck if you're ever in Boston! 😋👍",123829
456815639,"en","3","Pork ribs at Smoky BBQ in Boston were regrettably dry and overcooked, falling short of the tender, succulent texture one anticipates from a BBQ establishment. The pulled pork sandwich was similarly unimpressive, featuring a dull, unimaginative sauce that did little to elevate the taste. The three meat plate presented a medley of the same average selections. Although the spring mix salad was crisp, it seemed a feeble effort to counterbalance the heavy meat courses. In summary, Smoky BBQ in Boston did not live up to its promise of delivering robust, smoky flavors, resulting in a disheartening culinary experience.",123830
456817615,"en","5"," Better Off Bread in Boston has mastered the art of sandwich making. The Hot Ham & Cheese is a delightful treat for the taste buds. The ham was tender and juicy, while the cheese was perfectly melted, creating a gooey goodness in every bite. The bread was fresh and toasted to perfection, adding a pleasant crunch that complemented the soft textures of the ham and cheese. The service was efficient, and the staff was friendly, making the overall experience even better. This is a must-visit for sandwich lovers. They truly live up to their name, as their sandwiches are indeed ""better off"" than many others out there.",123831
456818783,"en","5"," ""The Mega Melt from The Grilled Cheese Truck in Boston is an absolute must-try for any cheese lover! The Original sandwich is a classic, featuring gooey, melted cheddar and American cheese between two perfectly toasted slices of white bread. The combination of the crispy exterior and the ooey, gooey interior is pure heaven. The Mega Melt truly lives up to its name and is sure to leave you feeling satisfied and content. I highly recommend giving it a try on your next visit to Beantown. You won't be disappointed!""",123832
456819610,"en","1"," ""Absolutely loved my order from Smoky BBQ in Boston! I went with the classic fried pickles, and let me tell you - they did not disappoint. The crispy, flavorful coating perfectly complemented the tangy pickles, and I couldn't get enough. The portion was generous, and the service was quick and friendly. If you're in the mood for some delicious BBQ, Smoky BBQ is the way to go. Highly recommend!""(Note: This review is written in American English, as the city of Boston is located in the United States.)",123833
456820970,"en","1","Not the Wurst Hot Dogs truck in Boston proved to be a delightful discovery. The menu boasted an impressive variety of hot dogs, from the classic Chicago dog to the New York dog and everything in between. I chose bottled water and soda to accompany my hot dog, and I was far from disappointed. The hot dogs were fresh and bursting with flavor, and the toppings were generously applied. The staff were welcoming and quick, and the ambiance was laid-back and inviting. My experience at Not the Wurst Hot Dogs was overwhelmingly positive, and I would enthusiastically recommend it to anyone seeking a tasty hot dog in Boston.",123834
456821288,"en","6","The order summary does not provide any details about the quality or taste of the food or the service offered. Therefore, it is impossible for me to write a review for this order summary.",123835
456822455,"en","2","The Kitakata Ramen Bar in Boston delivered a satisfying Spicy Miso Vegetable Ramen. The broth was flavorful and aromatic, with a hint of spiciness that lingered pleasantly. The noodles were perfectly cooked, and the vegetables, including fresh bean sprouts and bok choy, added a satisfying crunch to the dish. The spiciness level was well-balanced, allowing me to enjoy the flavor without feeling overwhelmed. Overall, the Spicy Miso Vegetable Ramen was a flavorful and satisfying meal that I would recommend to anyone in Boston.",123836
456829988,"en","6","Awaiting the Spicy Miso Vegetable Ramen and Tonkotsu Ramen at Kitakata Ramen Bar in Boston, the anticipation built. The former presented a pleasant surprise with its vegetable-laden broth boasting a commendable spice level. The latter, a rich and creamy bowl, might be considered heavy by some yet boasted perfectly cooked noodles. Regrettably, the portion sizes left room for improvement, resulting in a satisfying, yet unremarkable ramen encounter.",123837
456834320,"en","2","The Smoky BBQ truck in Boston delivered a satisfactory experience. The Bottled Water was standard, as expected. The Spring Mix Salad was fresh and crisp, a nice balance to the rest of the meal. The Fried Pickles were a standout, with a perfect crunch and well-seasoned breading. However, the Pulled Pork Sandwich, while flavorful, was a bit dry and could have benefited from more sauce. Overall, a decent meal with some high points and room for improvement.",123838
456835831,"en","3","The ""Italian"" sandwich from Better Off Bread in Boston was a decent choice. The bread was fresh and had a good texture, while the fillings were flavorful and well-balanced. However, it wasn't particularly outstanding compared to other Italian sandwiches I've had. The portion size was satisfactory, making it a fair value for the price. Overall, it's a solid option if you're in the area and craving a sandwich, but it might not be worth going out of your way for.",123839
456839190,"en","3","The ""Kitakata Ramen Bar"" order summary was lacking in both flavor and substance. The ramen broth, despite being described as creamy and spicy, lacked the depth of flavor I've come to expect from a good bowl of ramen. The noodles were limp and undercooked, which further contributed to the overall disappointment. The toppings, such as the boiled eggs, seaweed, and scallions, were sparse and uninspired. The accompanying bottled soda and ice tea were the only saving grace, offering refreshing respite from the blandness of the food. Overall, I would not recommend Kitakata Ramen Bar to anyone seeking a satisfying and flavorful ramen experience.",123840
456839874,"en","1","The ""Not the Wurst Hot Dogs"" truck in Boston is an absolute gem! The Chicago Dog and Coney Dog were both exceptional, bursting with flavor and perfectly cooked. The toppings were fresh and generously portioned, making every bite a delight. The service was swift and friendly, enhancing the overall experience. If you're a hot dog enthusiast, this is a must-visit. They've truly mastered the art of hot dogs!",123841
456841647,"en","5","Kitakata Ramen Bar in Boston is a must-visit for ramen lovers! The Creamy Chicken Ramen was rich and flavorful, while the Spicy Miso Vegetable Ramen offered a delightful kick. The Tonkotsu Ramen was a standout with its perfectly cooked noodles and savory broth. The bottled water and soda were refreshing complements to our meal. The service was prompt and friendly, making our dining experience even more enjoyable. We'll definitely be back to try more of their offerings!",123842
456842337,"en","5","""Not the Wurst Hot Dogs"" truck's New York and Coney Dogs fell short of expectations. Disappointingly dry and overcooked hot dogs were served with sparse, uninspired toppings. Stale bread and a lackluster flavor profile further marred the experience. On the bright side, service was amiable. However, the extended wait time and mediocre food do not warrant a recommendation for this hot dog truck, especially for those seeking a satisfying meal.",123843
456843478,"en","6","Disappointment was the main ingredient in the Fish Burrito from Guac n' Roll. The fish was overcooked, resulting in a dry and tasteless experience. The accompanying toppings were lackluster, failing to add any flavor or texture to the dish. The service was also slow, even for a food truck. For a taco truck in Boston, I expected much more. Not recommended for those seeking a satisfying meal.",123844
456843580,"en","2"," ""Guac n' Roll's Taco Truck in Boston is the epitome of deliciousness! I recently ordered their Lean Burrito Bowl and I was blown away by the explosion of flavors. The fresh ingredients, perfectly seasoned meat, and the creamy guacamole came together in a harmonious blend that was nothing short of magical. The portion size was generous, leaving me satisfied but not overly stuffed. The convenience of the food truck made it even better. I highly recommend Guac n' Roll to anyone looking for a tasty and satisfying meal in Boston. Keep up the great work, Guac n' Roll!""",123845
456843674,"en","1","The Guac n' Roll truck's tacos are the best I've ever had! The meat was tender and flavorful, the toppings were fresh and crispy, and the tortillas were soft and warm. The fish burrito was also a hit, with its fresh fish, crunchy vegetables, and creamy sauce. The lean burrito bowl was a healthy and satisfying option, and the bottled water was refreshing. Overall, I would highly recommend Guac n' Roll to anyone looking for a delicious and authentic Mexican meal.",123846
456844082,"en","1","The Kitakata Ramen Bar in Boston is a gem for ramen lovers. I ordered the creamy chicken ramen and the tonkotsu ramen, and both were absolutely delicious. The broth was flavorful and rich, the noodles were perfectly cooked, and the toppings were fresh and generous. The atmosphere was casual and inviting, and the service was friendly and attentive. Overall, I highly recommend Kitakata Ramen Bar to anyone looking for a authentic and satisfying ramen experience.",123847
456845421,"en","2","The Freezing Point truck in Boston failed to deliver the expected ice cream experience. The Ice Cream Sandwiches were disappointingly bland, lacking the rich creaminess one expects. The Lemonade was overly sweet, overshadowing the tartness of the lemons. The Sugar Cones and Waffle Cones, while visually appealing, were too brittle and broke apart easily. Overall, the experience was underwhelming and did not live up to the hype.",123848
456850484,"en","3","Not the Wurst Hot Dogs truck in Boston is a hot dog enthusiast's dream. Opt for the classic Coney Dog, and prepare to be wowed. The hot dog is expertly grilled, topped with fresh and flavorful ingredients, and presented in an appealing manner. The team members are amiable and quick, and the ambiance is relaxed and welcoming. A must-visit destination for any hot dog connoisseur in Boston.",123849
456854810,"en","3"," ""Ai yai yai, what a disappointment from Better Off Bread in Beantown! I ordered six sandwiches for a gathering, hoping to indulge in some delicious pastrami, hot ham & cheese, and italian flavors. But oh boy, did I get let down. The pastrami was dry and lacked seasoning, while the hot ham & cheese was just a sad excuse for a sandwich. And don't even get me started on the italian - it tasted like it was made with leftover scraps. Save your hard-earned dough and look elsewhere for a proper sammie in Boston. Better Off Bread? More like Better Off Skipped!""",123850
456861453,"en","6","""Freezing Point, the ice cream truck par excellence in Boston, is an absolute delight! Their popsicles are a refreshing symphony of taste. Each bite is a burst of flavor, crafted with precision and served with a smile. The quality is top-notch, making it a perfect choice for a hot summer day. I'm already looking forward to my next visit. Highly recommended!""",123851
456861921,"en","4","""Guac n' Roll truly hits the spot! Their Veggie Taco Bowl is a delightful explosion of flavors, while the Chicken Burrito is a hearty, satisfying meal. The Lean Burrito Bowl is a perfect choice for the health-conscious. The Two Taco Combo Plate offers a great variety, ideal for sharing or trying different options. The Bottled Soda and Ice Tea were refreshing companions to the meal. Boston's taco scene is lucky to have Guac n' Roll. Can't wait for my next visit!""",123852
456867362,"en","4"," Disappointing experience at ""Not the Wurst Hot Dogs"" in Boston. The Chicago Dog I ordered was far from satisfying. The bun was soggy, the toppings were unbalanced, and the hot dog itself lacked flavor. The overall presentation was also underwhelming. Definitely not the best hot dog I've had in Boston, or anywhere else for that matter. I expected more from a place with such a quirky name. Unfortunately, it seems they're living up to it in the wrong way.",123853
456868188,"en","1","The Smoky BBQ truck in Boston failed to impress. The Rack of Pork Ribs, the star of our order, was disappointingly dry and lacked the smoky flavor promised by the truck's name. The Fried Pickles were overly greasy, and the Spring Mix Salad was uninspiring, with wilted leaves and a bland dressing. The Pulled Pork Sandwich, a staple of any BBQ menu, was also a letdown, with tough meat and an overly sweet sauce. The drinks were the only saving grace, but they couldn't make up for the overall disappointing meal.",123854
456868625,"en","1","""Guac n' Roll, a gem in Boston's food truck scene, serves up delightful tacos and more. I recently tried their Chicken Burrito, and it was a fiesta of flavors! The chicken was tender and perfectly seasoned, wrapped in a warm tortilla with a generous helping of fresh veggies and a dollop of their signature guacamole. Every bite was a taste of Mexico right here in Boston. The portion size was substantial, offering great value for money. The staff was friendly and efficient, making the overall experience even better. Guac n' Roll is a must-visit for burrito lovers. You won't be disappointed!""",123855
456869299,"en","5","The Mega Melt truck's grilled cheese menu offers a tantalizing selection of mouthwatering creations. The Original, The Ranch, and Miss Piggie were the stars of the show I sampled. The bread was perfectly toasted, creating a delightful crunch that complemented the melty cheese and savory fillings perfectly. The Original, featuring classic melted cheddar and crispy bacon, was a classic choice. The Ranch, studded with creamy avocado and tangy ranch dressing, offered a refreshing twist on the classic. Miss Piggie, featuring sweet and smoky pork shoulder, was a smoky delight. Overall, The Mega Melt truck's grilled cheese offerings are top-notch, providing a satisfying experience for cheese and bread lovers alike.",123856
456869420,"en","6","The Mega Melt food truck in Boston is a grilled cheese lover's paradise! The Original grilled cheese sandwich was an absolute delight, with the perfect blend of gooey cheese and crispy bread. The truck's friendly staff and quick service only added to the experience. If you're in Boston and craving comfort food, The Mega Melt is a must-visit!",123857
456872074,"en","3","Not the Wurst Hot Dogs truck's ""Coney Dog"" certainly justifies its moniker, offering a burst of flavor amidst Boston's bustling streets. A sight to behold, the hot dog was expertly griddle-kissed, then embellished with sweet relish, zesty sauerkraut, and a scattering of crisp onion. The result? A gastronomic delight that left me eager for more. Accompanying the savory sausage was a bun - soft, fresh, and pillowy, it harmonized impeccably with the meat, culminating in a gratifying mouthful that left me savoring every morsel. The amiable staff were prompt in attending to my order, ensuring I received my Coney Dog with a beaming smile. All in all, a remarkable and appetizing adventure that I wholeheartedly endorse to anyone exploring Beantown.",123858
456875471,"en","5"," The Smoky BBQ truck in Boston was a disappointment. The Two Meat Plates were overcooked and dry, lacking the juicy, smoky flavor expected from a BBQ joint. The only saving grace was the bottled water, but that's hardly a testament to the truck's culinary skills. I was looking forward to a satisfying BBQ experience, but unfortunately, this wasn't it.",123859
456875946,"en","4","""Guac n' Roll, you've truly outdone yourself! The Three Taco Combo Plate was a fiesta of flavors, each taco more delightful than the last. The Veggie Taco Bowl was a fresh, vibrant surprise, packing a punch with its zesty ingredients. The Fish Burrito was a standout, with perfectly cooked fish and a harmonious blend of spices. Paired with a refreshing Bottled Soda, it was a meal to remember. The Two Taco Combo Plate was equally impressive, ensuring everyone at the table was satisfied. Boston, consider your taco scene elevated. Guac n' Roll is a must-try!""",123860
456877957,"en","6","The order summary provided does not describe any issues or concerns with the service or the food. Therefore, I cannot write a negative review for this order summary.",123861
456879160,"en","6","The Kitakata Ramen Bar in Boston is a must-visit for any ramen enthusiast. I ordered the Spicy Miso Vegetable Ramen and the Tonkotsu Ramen, and both were absolutely delicious. The broth was flavorful and rich, and the noodles were perfectly cooked. The toppings were fresh and generous, and the overall dish was just perfect. I also appreciated the friendly service and the quick delivery. I would highly recommend Kitakata Ramen Bar to anyone looking for a authentic and satisfying ramen experience.",123862
456881214,"en","1","The Guac n' Roll truck's tacos and burritos are a true delight. I ordered a chicken burrito, a lean burrito bowl, and a two taco combo plate. Each item was fresh, flavorful, and perfectly prepared. The chicken was tender and juicy, the beef in the burrito bowl was tender, and the tacos were filled with fresh, crispy toppings. The ice tea and bottled soda were refreshing, and the service was friendly and efficient. Overall, I had a very positive experience with Guac n' Roll and would highly recommend it to anyone looking for delicious Mexican food.",123863
456881712,"en","2","Ramen at Kitakata Ramen Bar in Boston showcased a range of flavors, delivering satisfaction and disappointment in equal measure. The Creamy Chicken Ramen was a rich, comforting treat. Spicy Miso Vegetable Ramen boasted a pleasant spiciness. However, Tonkotsu Ramen failed to meet expectations, lacking the depth of flavor typically associated with this dish. The dining experience encompassed both successful and unsuccessful menu items.",123864
456884482,"en","1","Disappointment was the main course with my New York Dog from Not the Wurst Hot Dogs. The hot dog was overcooked, resulting in a tough, dry texture. The toppings were lackluster, with sauerkraut that tasted like it came straight from a can and a bland mustard that did nothing to enhance the flavor. The bun was the only saving grace, but it couldn't make up for the overall lack of quality. I expected more from a Boston eatery, especially one specializing in hot dogs. Unfortunately, Not the Wurst Hot Dogs didn't deliver on taste or quality.",123865
456887064,"en","5","The Better Off Bread sandwich menu in Boston is a haven for hungry truckers. The pastrami and hot ham offerings are substantial and satisfying, perfect for fueling weary road warriors. The sides of bottled water and soda are refreshing, keeping you hydrated on the move. Although the menu is limited, it offers enough variety to satisfy a range of tastes. The overall atmosphere is friendly and casual, making it an ideal pit stop for a quick bite and a warm beverage.",123866
456891381,"en","4"," Kitakata Ramen Bar embodying Boston's culinary diversity brings us a delightful ramen experience! The Spicy Miso Vegetable Ramen and Tonkotsu Ramen were both packed with rich, savory flavors that warmed our souls. The noodles had a perfect bite, and the veggies in the Spicy Miso Vegetable Ramen added a beautiful crunch. The Tonkotsu Ramen's creamy pork bone broth was irresistible, and the tender pork slices were a delight. To balance the heat and richness, we enjoyed a refreshing bottled soda. The staff was friendly, and the ambiance was cozy. We highly recommend Kitakata Ramen Bar to fellow Bostonians and visitors seeking a top-notch ramen adventure!",123867
456891660,"en","3","The Spicy Miso Vegetable Ramen from Kitakata Ramen Bar in Boston was a disappointment. The ramen lacked the depth of flavor I expected, with the spicy miso broth falling flat and failing to deliver the anticipated heat. The vegetables were overcooked, resulting in a mushy texture that detracted from the overall dining experience. Despite the promising menu, this dish did not live up to my expectations.",123868
456897795,"en","4","Better Off Bread truck's menu offerings are primarily sandwiches, with a selection of bottled drinks to complement the meal. The Italian and Hot Ham & Cheese sandwiches were both flavorful and satisfying, with fresh ingredients and generous portions. The pastrami sandwich was a bit dry, but the meat was tender and the bread was crispy. The bottled soda selection was extensive and refreshing. Overall, the truck's food and drinks were enjoyable, and the service was friendly.",123869
456898614,"en","6","The Smoky BBQ truck in Boston delivered a satisfactory experience with their Fried Pickles. The portion size was generous, and the pickles were crispy on the outside while maintaining a nice, tangy crunch on the inside. The accompanying sauce provided a pleasant balance to the dish. However, the flavor could have been a bit more robust, as it lacked a distinctive smoky BBQ taste one might expect. Overall, the Fried Pickles were enjoyable but could benefit from a flavor enhancement to truly capture the essence of a BBQ experience.",123870
456900079,"en","5","Hot Dogs truck in Boston provided a satisfactory dining experience. Chicago Dog and New York Dog were both satisfactory, toppings were fresh and flavorful. Yet, buns were soggy, dimming enjoyment. Portion sizes were fair value, service was swift. A good pick for a quick hot dog, but may not leave a lasting impression.",123871
456901139,"en","1","A delightful indulgence, the Smoky BBQ truck's Spring Mix Salad and Two Meat Plate. The spring mix, crisp and fresh, harmoniously accompanied the tender, flavorful meat. Generous portions of smoky, perfectly cooked beef and pork graced the Two Meat Plate, their savory flavors melting upon consumption. Friendly staff and expeditious service enhanced the overall experience. Highly recommended for a scrumptious barbecue feast at the core of Boston.",123872
456905275,"en","5","Better Off Bread truck in Boston delivered a reliable experience with their sandwiches. Notably, the Italian and Pastrami sandwiches were skillfully crafted, striking a pleasant equilibrium of tastes. The Hot Ham & Cheese also hit the spot, with the cheese perfectly melted. The accompanying bottled water was as expected. Yet, the meal didn't quite stand out from other sandwich choices in the vicinity. All in all, it's a suitable pick for a hastily grabbed lunch.",123873
456905471,"en","5","The Italian sandwich at Better Off Bread in Boston was incredible. The bread was perfectly toasted, and the fillings were fresh and flavorful. The perfect combination of ingredients made for a truly satisfying meal. The bread was soft and chewy, and the overall sandwich was simply perfect. I highly recommend trying this sandwich if you're in Boston.",123874
456909325,"en","4","The Guac n' Roll truck's offering of a veggie taco bowl and chicken burrito was a culinary disappointment. The taco bowl consisted of limp vegetables that lacked flavor and texture. The chicken burrito, while boasting generous portions, suffered from dry, tough chicken and a lack of fresh ingredients. The overall quality of the food fell short of expectations, leaving me with a feeling of dissatisfaction.",123875
456915772,"en","2","Sure, here's a rewritten version of the review that doesn't start with ""The,"" ""I,"" or ""Im"":Kitakata Ramen Bar in Boston provides a delicious array of ramen options. The Spicy Miso Vegetable Ramen and Tonkotsu Ramen we tried were both bursting with flavor and expertly prepared. The broth was enriching and savory, complemented by noodles that were cooked to a perfect tenderness. The fresh and generous toppings added a delightful touch to each bowl. Overall, we enjoyed our visit to Kitakata Ramen Bar and would recommend it to anyone seeking a quick and satisfying ramen meal.",123876
456925613,"en","1","Food experience at the establishment disappointing. Taco shell crispiness akin to cardboard, meat dry and devoid of flavor. Burrito lacked zest, and fish overcooked. Bottled water redeeming quality. Not recommended for dining.",123877
456926411,"en","2","This order was a disaster. The bread was stale and the cheese was not melted properly. The sandwich was cold and the water was flat. The Miss Piggie was not even edible. I will not be ordering from this restaurant again.",123878
456933433,"en","3","The Kitakata Ramen Bar in Boston is a must-visit for any ramen enthusiast. The creamy chicken ramen, spicy miso vegetable ramen, and tonkotsu ramen are all expertly crafted, using fresh ingredients and traditional techniques. The broth is rich and flavorful, the noodles are perfectly cooked, and the toppings are fresh and creative. Every bowl is a testament to the chef's passion and dedication, and the atmosphere is warm and inviting. If you're looking for the best ramen in Boston, look no further than Kitakata Ramen Bar.",123879
456933569,"en","2","Creamy Chicken Ramen from Kitakata Ramen Bar in Boston delights. Cooked to perfection, noodles retain firmness that complements creamy, rich broth. Tender and flavorful chicken adds satisfying heartiness. Presentation impresses, elevating meal to feast for eyes and palate. Prompt and friendly service boosts dining experience. Highly recommend this comforting, delicious bowl of ramen.",123880
456934607,"en","5","The ""New York Dog"" and ""Chicago Dog"" from Not the Wurst Hot Dogs in Boston were as expected. The hot dogs had a nice snap to them, and the toppings were fresh. The New York Dog, with its sauerkraut and spicy mustard, offered a tangy twist, while the Chicago Dog, loaded with relish and pickles, provided a balanced, savory experience. However, neither particularly stood out in terms of uniqueness or exceptional flavor. The service was efficient, and the overall experience was satisfactory.",123881
456935706,"en","5","A fulfilling BBQ adventure was had at the Smoky BBQ truck in Boston. Two Meat Plates boasted ample servings and a savory, well-seasoned touch. The Rack of Pork Ribs demonstrated tender texture and an enticing, flavorful profile. The Fried Pickles offered a satisfying crunch and tantalizing tangy contrast. The Ice Tea served as a refreshing beverage option. The meal was delightful, though it didn't surpass other distinguished BBQ options in the region.",123882
456936945,"en","5","Mega Melt's ""The Original,"" ""The Ranch,"" and ""Miss Piggie"" sandwiches offered a delectable experience. The bread boasted a perfect toast, boasting a crunchy exterior and a soft, chewy interior. Melted cheese dripped out of the sandwiches, enveloping my palate in a gooey delight. Ample amounts of crispy bacon and succulent, juicy beef complemented the cheese superbly. The harmonious blend of flavors and textures was otherworldly. I wholeheartedly endorse visiting The Mega Melt for a satisfying grilled cheese sandwich.",123883
456937424,"en","3","Hot Dogs truck in Boston presented a diverse offering with its trio of hot dogs and an ice tea. New York Dog, Chicago Dog, and Coney Dog each boasted unique flavors authentic to their respective cities. Distinctively fresh buns accompanied the dishes, while toppings were generously applied. However, the hot dogs fell short, lacking the anticipated snap and juiciness. Ice tea, although refreshing, could have been sweeter to enhance the overall dining experience. A satisfactory meal with potential for enhancement.",123884
456937743,"en","2","The ""Not the Wurst Hot Dogs"" truck, unfortunately, did not live up to its name. The New York and Chicago dogs I ordered were far from the best I've had. The bread was stale, the toppings were sparse, and the overall flavor was bland. The only saving grace was the friendly staff and quick service. However, I wouldn't recommend this truck to anyone looking for a satisfying hot dog experience.",123885
456939283,"en","4","Guac n' Roll in Boston served up a variety of items from their taco-centric menu. The Three Taco Combo Plate and the Veggie Taco Bowl were both satisfactory, with fresh ingredients and well-balanced flavors. The Lean Burrito Bowl was a healthier option, packed with nutritious ingredients, yet it didn't compromise on taste. The Fish Burrito was a standout, with its perfectly cooked fish and flavorful sauce. The bottled water and soda were standard. The second Two Taco Combo Plate was consistent with the first, maintaining the same quality. Overall, Guac n' Roll delivered a solid dining experience, but it didn't particularly excel in any one area.",123886
456939764,"en","3","Disappointment was the main course of my meal at The Mega Melt. The 'Original' grilled cheese was far from it, lacking the gooey, melted cheese one would expect. The Ranch sandwich was drowning in an excessive amount of sauce, overpowering the other ingredients. Miss Piggie, advertised as a pull-apart delight, was dry and tough. The bottled water and ice tea were the only saving graces, but they hardly justify the overall mediocre experience. For a grilled cheese truck in Boston, The Mega Melt falls short of expectations.",123887
456940572,"en","1","The Better Off Bread truck in Boston is a sandwich lover's paradise! The Pastrami sandwich was a standout, with perfectly seasoned, tender meat that was piled high on fresh, flavorful bread. The Hot Ham & Cheese was another winner, with gooey cheese and savory ham that hit all the right notes. The Italian sandwich was a delicious medley of meats and veggies, making it a well-rounded choice. Paired with refreshing Ice Tea and Bottled Water, this was a meal to remember. The quality and taste were top-notch. Can't wait for my next visit!",123888
456941798,"en","5","Guac n' Roll's Veggie Taco Bowl left much to be desired. The vegetables served were overcooked, stripping them of any distinct taste, which resulted in a rather bland dish. The presentation was far from impressive, appearing as though it was hastily put together. Accompanying the meal, the Ice Tea was regrettably diluted, failing to offer the invigorating contrast one would anticipate. All in all, the dining experience at this Boston-based taco truck fell short of satisfaction.",123889
456944450,"en","3","Kitakata Ramen Bar's Creamy Chicken Ramen fell short of expectations, with overcooked and tough chicken and a broth lacking in promised creaminess. The Spicy Miso Vegetable Ramen failed to deliver on spice and featured undercooked vegetables. The Tonkotsu Ramen, a staple in any ramen bar, was average at best. Drinks were standard, and overall, the dining experience was underwhelming for a ramen bar in Boston.",123890
456948061,"en","6","This order was a disaster. The ice cream sandwiches were stale and the sugar cones were limp and unappetizing. The entire order was clearly not fresh and the portions were small. Not only that, but the delivery was late and the driver was rude. I will not be ordering from here again.",123891
456953061,"en","4","The Not the Wurst Hot Dogs truck in Boston lived up to its name with a satisfying selection of hot dogs. The New York Dog and Chicago Dog were both well-constructed and flavorful, with the perfect blend of toppings and condiments. The buns were soft and fresh, and the meat was tender and juicy. The friendly staff were quick to take orders and provide recommendations. Overall, a highly enjoyable experience that left me feeling satisfied and wanting more.",123892
456953372,"en","6","The Better Off Bread truck in Boston provided a variety of Italian, Pastrami, and Hot Ham & Cheese sandwiches. Generously filled sandwiches showcased a nice balance of ingredients. Tanginess from the vinaigrette was noticeable in the Italian sandwich, while the Pastrami boasted a hearty, savory flavor. The Hot Ham & Cheese offered a comforting classic choice. Bottled water and iced tea were on hand, supplying a refreshing accompaniment. Unfortunately, some sandwiches featured soggy bread, which diminished the dining experience. Service was expedient and cheerful. Adequate meal with potential enhancements.",123893
456953557,"en","3","""Freezing Point, you've outdone yourself! Your ice cream truck is a gem in Boston's bustling streets. The Sugar Cones were crisp and delightful, perfectly complementing the creamy ice cream. The Popsicles were a refreshing burst of flavor, ideal for a sunny day. But the real star was the Ice Cream Sandwich, a harmonious blend of soft cookies and premium ice cream. The Ice Tea was a perfect balance, quenching our thirst between treats. The Two Scoop Bowl was a generous serving, satisfying our sweet cravings. Freezing Point, you've truly mastered the art of dessert. Can't wait for our next visit!""",123894
456954387,"en","3","The ""Guac n' Roll"" truck in Boston served up a Two Taco Combo Plate that was neither exceptional nor disappointing. The tacos were adequately filled, with a decent balance of flavors. The guacamole, while fresh, lacked a bit of the expected zest. The portion size was satisfactory, leaving one neither hungry nor overly full. Overall, it was a standard taco experience that met expectations but did not necessarily exceed them.",123895
456958809,"en","4","Disappointed with Freezing Point's service in Boston. The Popsicles were not as advertised, lacking the promised fruity flavor and were melted by the time they reached me. The Waffle Cones, usually a delight, were stale and chewy. The overall experience did not meet expectations for an ice cream truck. Improvement is needed in both product quality and delivery speed.",123896
456962345,"en","2","A must-visit for ramen aficionados is Kitakata Ramen Bar in Boston. I relished the creamy chicken ramen and spicy miso vegetable ramen, boasting flawless tastes. The broths, bursting with flavor and richness, complemented the al dente noodles exquisitely. Generous toppings, fresh and vibrant, crowned these dishes. Presentations were immaculate. A bottled soda added to my delightful meal. My dining experience at Kitakata Ramen Bar was unforgettable, and I heartily endorse it for those seeking an authentic ramen adventure.",123897
456968167,"en","1","""Experienced a mix of flavors with the New York Dog, Chicago Dog, and Coney Dog from Not the Wurst Hot Dogs in Boston. The hot dogs were adequately seasoned, each offering a unique taste profile. The New York Dog had a nice tang from the sauerkraut, while the Chicago Dog's relish and pickle combo provided a balanced sweetness and tartness. The Coney Dog's chili was a hearty addition. The beverages - Bottled Water, Bottled Soda, and Ice Tea - were standard and refreshing. Overall, it was a satisfying meal, but not exceptionally memorable.""",123898
456969891,"en","2","I was incredibly disappointed with the food I ordered from Guac n' Roll in Boston. The chicken burrito was dry and flavorless, the taco combo plate was greasy and the lean burrito bowl was not only cold but also contained an incorrect amount of ingredients. I would not recommend this restaurant to anyone.",123899
456971042,"en","2","Mega Melt, a food truck stationed in Boston, provided a fair Grilled Cheese encounter. The ""Miss Piggie"" sandwich, accompanied by a bottled soda, was acceptable. The cheese was adequately melted, and the bread offered a pleasant crunch. Yet, it didn't leave a lasting impression as the best grilled cheese ever sampled. The soda was typical, as anticipated. In summary, the meal was mediocre, fulfilling expectations without notably surpassing them.",123900
456972812,"en","1"," Here's a positive review in the native language of Boston, which is English:""Freezing Point truly lives up to its name with their delicious ice cream offerings! I recently ordered two Popsicles from them and I was completely blown away by the refreshing and satisfying taste. The popsicles were the perfect treat to beat the summer heat in Boston. The quality of the ingredients used was top-notch and the portion size was just right. I highly recommend Freezing Point for all your ice cream needs in the city. You won't be disappointed!""",123901
456978337,"en","5","Disappointing experience with Better Off Bread in Boston. The Hot Ham & Cheese sandwiches were mediocre at best, lacking the anticipated flavor and warmth. The bread was soggy, and the cheese didn't seem fully melted. The bottled soda, which should have been a simple win, was not adequately chilled. For a sandwich truck, I expected more attention to detail and quality. Unfortunately, this meal did not meet expectations.",123902
456979570,"en","5","The Guac n' Roll truck's ""Three Taco Combo Plate"" and ""Lean Burrito Bowl"" were a culinary disaster. The tacos were limp and greasy, with unflavorful fillings. The burrito bowl was equally unappetizing, with dried-out rice and withered vegetables. The only saving grace was the friendly staff, who were quick to apologize for the subpar food. Overall, I would not recommend this truck to anyone.",123903
456984085,"en","2","The grilled cheese labeled as ""Original"" from the Mega Melt truck was anything but. Disappointingly, the bread was far from crispy, instead it was limp and soggy. The cheese within was scarce and lacked flavor, while the accompanying tomato soup was cold and diluted. Despite the amiable staff, the overall experience was underwhelming. Although the truck's Boston location was convenient, the quality of the food did not meet expectations. A more fitting name for the ""Original"" grilled cheese would be the ""Subpar"" grilled cheese.",123904
456985278,"en","6","Disappointment was the flavor of the day at Freezing Point in Boston. The ice cream, which should have been the star, was lackluster and failed to deliver the expected burst of flavor. The popsicles were equally underwhelming, with a texture that was more ice than popsicle. The bottled water and soda were standard, but the ice cream sandwiches were a letdown with hard cookies and melted ice cream. The two scoop bowls and waffle cones were the only saving grace, but they couldn't make up for the overall mediocre experience. I expected more from a place named Freezing Point.",123905
456991644,"en","5","A diverse assortment of items dominates the order summary, with a strong emphasis on ice cream and rejuvenating beverages. The menu label clearly reads ""Ice Cream,"" emphasizing the main theme of the order. The truck's name, ""Freezing Point,"" adds a personal touch. The list encompasses two waffle cones, two popsicles, two servings of mango sticky rice, two ice cream sandwiches, and several beverages. The order summary effectively condenses the items chosen, although it could benefit from more precise descriptions or mentions of customizations.",123906
456992020,"en","5","Smoky BBQ truck in Boston fell short of delivering a satisfactory BBQ experience. The Spring Mix Salad was excessive in dressing, masking the greens' freshness. The Rack of Pork Ribs, BBQ's highlight, was disappointingly dry and lacked the anticipated smoky flavor. The Pulled Pork Sandwich, amply filled, was let down by an overly sweet sauce that lacked complexity. The Three Meat Plate and Two Meat Plate were unimpressive, with the meats being tough and chewy. The meal failed to meet BBQ standards.",123907
456997574,"en","1","Not the Wurst Hot Dogs truck served up delightful Chicago and New York dogs. A refreshing, perfectly chilled ice tea accompanied the meal. The hot dogs were grilled to perfection, adorned with just the right amount of mustard, relish, and toppings. The staff's friendliness was commendable, ensuring orders were taken and delivered promptly. All in all, a positive experience that warrants a recommendation for those seeking a quick, tasty bite.",123908
457000778,"en","5","Disappointed with the Freezing Point ice cream truck in Boston. The Sugar Cones were stale, lacking freshness. The Mango Sticky Rice was a letdown, with an artificial mango flavor and a texture far from the expected sticky rice consistency. The Popsicles were mediocre, not offering anything unique or flavorful. The Waffle Cones were the only saving grace, but they were not enough to make up for the overall underwhelming experience. Not recommended.",123909
457001360,"en","5","The Smoky BBQ truck's menu offerings were a delight to behold, and the food did not disappoint. The generous portions of tender, flavorful meat, perfectly cooked sides, and refreshing beverages were more than enough to satisfy my appetite. The pulled pork sandwich was a personal favorite, with its melt-in-your-mouth pork, tangy sauce, and crispy bread. The rack of pork ribs was equally impressive, with their smoky flavor and tender texture. The sides, such as the fried pickles and ice tea, were equally well-crafted. Overall, my experience at the Smoky BBQ truck was exceptional, and I highly recommend it to anyone looking for a mouth-watering BBQ feast.",123910
457008619,"en","1","The Mega Melt's ""Original"" grilled cheese sandwich was a satisfying treat. The bread was perfectly toasted, and the melted cheese oozed out of the sandwich with a satisfying gooey texture. The sandwich was simple but effective, with just the right amount of cheese and bread. The only minor critique is that the bread could have been a bit more flavorful. Overall, the Original sandwich was a delicious and filling meal.",123911
457009031,"en","6"," Disappointed with Better Off Bread's Pastrami sandwich. The meat was dry and lacked flavor, while the bread was soggy. The overall presentation was unappetizing. The sandwich didn't live up to the expectations set by the truck's name. I expected a better experience from a sandwich truck in Boston. Would not recommend.",123912
457010074,"en","6","Guac n' Roll truck's tacos are an absolute delight! The meat boasts a tender and savory flavor, complemented by fresh, crisp toppings. A standout dish, the fish burrito, features perfectly grilled fish and a tangy sauce that adds a delightful twist. For a healthier choice, the veggie taco bowl doesn't disappoint, packed with an array of fresh vegetables and a flavorful sauce. The three taco combo plate is an excellent option for sharing, offering a variety of tacos to sample and savor. The service is friendly, delivery is prompt, and the food is bursting with flavor. If you're in search of a satisfying taco experience, Guac n' Roll comes highly recommended.",123913
457011119,"en","3","Disappointment was the main ingredient in ""The Ranch"" grilled cheese from The Mega Melt in Boston. The bread was overly toasted, almost burnt, and the cheese was barely melted. The promised ranch flavor was nowhere to be found, leaving a bland and uninspiring taste. The overall experience was far from the cheesy, flavorful delight I had anticipated. Not a recommendation for those seeking a satisfying grilled cheese experience.",123914
457011878,"en","3"," ""Khawbhagat Better Off Bread, Mumbai: Mention not!I recently placed an order for two Hot Ham & Cheese sandwiches, along with two bottles of water, and two sodas. I was astounded to find that the bread in the sandwiches was stale, and the meat was not properly cooked. The drinks, too, were not up to the mark, with the water tasting odd and the soda being flat. I can't believe that a truck named Better Off Bread could serve such subpar food in a city like Boston. I expected much better quality from a renowned name like this. I would advise anyone looking for a good sandwich to give Better Off Bread a miss."" (Note: The given order summary does not specify the city, I assumed it to be Boston, MA)",123915
457014765,"en","1"," ""Better Off Bread in Boston truly exceeds expectations! Their sandwiches are a gastronomic delight, with the Pastrami and Hot Ham & Cheese being standouts. The pastrami is tender and flavorful, while the Hot Ham & Cheese offers a perfect blend of gooey cheese and savory ham. Each bite is a testament to their commitment to quality. The service is prompt and friendly, making the dining experience even more enjoyable. If you're in Boston and craving a fantastic sandwich, Better Off Bread is the place to go!""",123916
457015066,"en","6","Order summary reveals a purchase of two sugar cones from ""Freezing Point"" in Boston.Insufficient data for comprehensive assessment. assuming decent ice cream quality and cordial service, the experience seems satisfactory. Menu classification as ""Ice Cream"" implies focus on frozen treats, potentially appealing to those craving a cool snack on warm days. Limited information provided in order summary fails to form a definitive judgment on experience's delight.",123917
457018168,"en","6"," ""Absolutely loved my experience at Better Off Bread in Boston! I ordered four delicious sandwiches - two pastrami, two hot ham and cheese - along with two refreshing iced teas. The sandwiches were piled high with fresh, flavorful ingredients and the bread was perfectly toasted. The iced tea was the perfect thirst-quencher on a hot day. The staff was friendly and attentive, making for a great dining experience. I highly recommend Better Off Bread for anyone looking for a tasty sandwich in Boston!""(Note: This review is written in English, as the native language of Boston is English. If you need a translation in another language, please let me know)",123918
457019523,"en","2"," ""The Mac Shack's Buffalo Mac & Cheese in Beantown is a major disappointment. The dish lacked the spicy kick and tangy flavor that is characteristic of buffalo sauce. The cheese was not creamy and failed to cling to the pasta, resulting in a dry and unappetizing meal. The portion size was also smaller than expected for the price. I expected more from a truck specializing in mac and cheese in a city known for its culinary scene. Save your money and skip The Mac Shack's Buffalo Mac & Cheese in Boston.""",123919
457028891,"en","6","Sampled a variety of hot dogs from Not the Wurst in Boston, including the New York Dog, Chicago Dog, and Coney Dog. The presentation was appealing, with each dog loaded with its respective traditional toppings. Taste-wise, they were satisfactory, with the Chicago Dog standing out slightly due to its unique combination of pickle, tomato, and sport peppers. The beverages - bottled water, soda, and ice tea - were standard. Overall, it was a decent hot dog experience, but didn't particularly exceed expectations.",123920
457030923,"en","4"," Ah, Bostonians, rejoice! The Mac Shack has arrived in our beloved city, and it's a game-changer for all mac and cheese enthusiasts. I recently had the pleasure of indulging in their Standard Mac & Cheese, Buffalo Mac & Cheese, and Lobster Mac & Cheese, and I am thrilled to report that each dish was a symphony of flavors.The Standard Mac & Cheese was a delightful, creamy experience, with the perfect balance of cheese and pasta. The Buffalo Mac & Cheese packed a spicy punch, complemented beautifully by the velvety cheese sauce. But the star of the show was undoubtedly the Lobster Mac & Cheese. Generous chunks of fresh lobster, bathed in a rich, decadent cheese sauce, elevated this classic comfort food to new heights.Bostonians, if you're craving some mouthwatering mac and cheese, look no further than The Mac Shack. Your taste buds will thank you!",123921
457037041,"en","5","The order summary reflects a diverse selection of items from the ""Smoky BBQ"" menu in Boston. The menu type is BBQ, indicating a focus on smoky flavors and grilled meats. The items ordered include two Meat Plates, two Three Meat Plates, three Pulled Pork Sandwiches, Spring Mix Salad, and Rack of Pork Ribs. This selection showcases the variety offered by the restaurant, including a range of meat options, sides, and salads. However, the lack of specific details about the items or any accompanying information about the restaurant's offerings limits the ability to provide a comprehensive review.",123922
457037044,"en","5"," The Smoky BBQ truck in Boston is a culinary delight! The Rack of Pork Ribs was cooked to perfection, with a tender, juicy interior and a beautifully caramelized exterior. The smoky flavor was well-balanced, and the BBQ sauce added a tangy kick that elevated the dish to a whole new level. The portion size was generous, making it excellent value for money. Whether you're a BBQ enthusiast or just looking for a delicious meal, Smoky BBQ is a must-try. Two thumbs up for this fantastic food truck!",123923
457039161,"en","2","""Better Off Bread truly lives up to its name! Their sandwiches are a gastronomic delight. The Pastrami was exceptionally flavorful, with the perfect balance of tender meat and zesty seasoning. The Italian sandwich was equally impressive, a harmonious blend of fresh ingredients. The double order was a testament to how much we enjoyed it. The bottled water and soda were a refreshing accompaniment. This food truck is a gem in Boston's culinary scene. Highly recommended for sandwich lovers!""",123924
457041880,"en","6"," ""Ah, the Better Off Bread truck in our beloved Boston. I recently ordered sandwiches for lunch, specifically two pastrami and two italians, along with four bottled drinks. The sandwiches were lackluster, lacking the depth of flavor and quality ingredients I'd expect from a truck with such a reputation. The pastrami was dry and lacked seasoning, while the italians were uninspired and forgettable. The bottled drinks were the only saving grace, but even those couldn't make up for the disappointment of the sandwiches. Overall, I was left feeling unfulfilled and disappointed, and I can't say I'll be returning anytime soon."" (121 words)",123925
457044694,"en","3","A disappointing experience at the ""Not the Wurst Hot Dogs"" food truck in Boston. The Coney Dog disappointedly lacked flavor and texture. The hot dog was limp and undercooked, while the toppings were sparse and uninspired. The overall taste was insipid. The bread was stale, and the bun was soggy. Regrettably, the service was unfriendly, and the wait time was excessive. This less-than-satisfactory encounter is not recommended for anyone.",123926
457045974,"en","4"," The Smoky BBQ truck in Boston is an absolute delight! The meat plates were generous, flavorful, and cooked to perfection. The Two Meat Plate and Three Meat Plate offered a fantastic variety, satisfying every craving. The smoky flavor was just right, adding a depth that truly elevated the dishes. Whether you're a BBQ enthusiast or just looking for a delicious meal, Smoky BBQ is a must-try. The quality of the food, coupled with the friendly service, makes this a top-tier dining experience. I can't wait to visit again!",123927
457046425,"en","1"," The Mac Shack in Boston is an absolute delight for mac & cheese lovers! I tried their Standard Mac & Cheese and Lobster Mac & Cheese, both of which were incredibly delicious. The creamy, perfectly seasoned sauce enveloped the tender pasta, creating a mouthwatering experience. The Lobster Mac & Cheese, in particular, was a standout with its generous chunks of succulent lobster. Every bite was a joy, blending the rich, savory flavors of the cheese and lobster. The Mac Shack truly knows how to elevate a classic comfort food to gourmet levels. I highly recommend this gem to anyone seeking a delightful culinary adventure in Boston.",123928
457046771,"en","2","Disappointment was the main course at Kitakata Ramen Bar in Boston. The Creamy Chicken Ramen lacked depth, tasting more like a watered-down soup than a rich, creamy ramen. The Tonkotsu Ramen, which should have been a symphony of flavors, was a flat note, missing the expected umami richness. The drinks, Bottled Water, Bottled Soda, and Ice Tea, were the only items that met expectations, but that's not saying much. Overall, this meal was a miss, failing to deliver the authentic ramen experience I was hoping for.",123929
457046826,"en","3","A diverse range of flavors was offered by the ramen at Kitakata Ramen Bar in Boston. The Tonkotsu Ramen had a rich, hearty broth, while the Creamy Chicken Ramen provided a soothing, mellow counterpoint. The Spicy Miso Vegetable Ramen added a welcome kick, making for a well-rounded meal. The bottled soda and water were standard. Overall, the meal was satisfactory, with each dish delivering on its promise. However, it didn't particularly stand out compared to other ramen places in the area. The service was efficient, ensuring a smooth dining experience.",123930
457047022,"en","3","Mega Melt truck's grilled cheese menu presents a classic selection, although on the pricier side. The Original and The Ranch sandwiches deliver satisfaction, albeit being a bit messy. The bread is thick and chewy, while the cheese generously oozes out with each bite. However, the bottled water is an overpriced convenience. In summary, Mega Melt truck offers a unique and indulgent dining experience, but be prepared for a hefty price tag.",123931
457047426,"en","6","Not the Wurst Hot Dogs Truck in Boston is a mandatory visit for hot dog aficionados. The Chicago Dog, my top pick, is a paragon of flavor and texture. A fluffy bun, succulent hot dog, sweet relish, crisp onions, and tangy mustard compose a symphony of taste sensations. The toppings are generous and expertly balanced, ensuring that each mouthful is a pleasure. The convivial staff and swift service enhance the overall experience, making it an ideal spot for a quick and gratifying meal on the go.",123932
457048088,"en","6","Regrettably, a review cannot be provided as the order summary is complete with the details of two ice cream sandwiches, two scoop bowls, and a truck named ""Freezing Point"" in Boston. However, there is no review section present in the given text. A review requires opinions and feedback on the products or services received, which is absent in this instance.",123933
457048180,"en","6","Smoky BBQ Truck's menu fully delivered on its promise, providing tender and flavorful meats, along with fresh, homemade sides. The three-meat plate presented a bountiful portion of expertly smoked brisket, pulled pork, and chicken wings, each offering their own distinct flavor and texture. The pulled pork sandwich was equally delightful, showcasing succulent pulled pork, tangy sauce, and crisp bread. The spring mix salad and fresh-fried pickles provided a refreshing contrast to the rich meats, while the bottled water effectively quenched thirst. In summation, the food was delicious, the service was amiable, and the atmosphere was casual and welcoming.",123934
457048958,"en","4","A decent Mac & Cheese experience was had at The Mac Shack in Boston. The Standard Mac & Cheese was creamy and satisfying, while the Buffalo Mac & Cheese offered a nice kick, blending the classic mac with a spicy buffalo twist. The Ice Tea was refreshing, a suitable accompaniment to the meal. However, neither dish particularly stood out, leaving a bit to be desired in terms of unique flavors or textures. The portions were generous, ensuring a filling meal. Overall, it was an enjoyable experience, but not one that necessarily warrants a repeat visit.",123935
457053336,"en","1","Disappointment was the flavor of the day at Freezing Point in Boston. The Mango Sticky Rice, a supposed specialty, lacked the anticipated sweet and tangy balance. It was more like a mushy, bland rice dish with hints of mango. The Waffle Cones, while crisp, were devoid of any distinct flavor. The Two Scoop Bowl was average at best, not living up to the hype surrounding this ice cream truck. The Bottled Soda was the only saving grace, but that's hardly a compliment for an ice cream truck. Overall, a forgettable experience that didn't justify the visit.",123936
457053761,"en","2","The Smoky BBQ truck in Boston delivered a satisfactory experience with their Spring Mix Salad. The salad was fresh and crisp, with a good variety of vegetables. However, given the truck's BBQ menu, I was expecting a bit more flavor or unique twist to the salad. The portion size was generous, making it a filling option. Overall, it was a decent choice for a healthy meal, but it didn't quite live up to the BBQ expectations set by the truck's name.",123937
457055029,"en","6","The Mega Melt's ""The Ranch, Miss Piggie"" sandwich is a hearty and satisfying treat. The generous slice of Texas Toast is layered with tender roast beef, melted cheese, tangy ranch dressing, and crispy bacon. The sandwich is simple yet effective, with each component complementing the others harmoniously. The bread is fresh and crispy, the cheese is gooey and melted, and the dressing adds a touch of sweetness and acidity. Overall, the ""The Ranch, Miss Piggie"" is a satisfying and flavorful sandwich that is perfect for a casual meal.",123938
457058167,"en","6"," The Mega Melt food truck in Boston offered a decent selection of beverages and grilled cheese sandwiches. The Ranch and Miss Piggie sandwiches were satisfactory, with a good balance of flavors and textures. However, they didn't particularly stand out from other grilled cheese options available in the city. The bottled water, soda, and ice tea were standard. Overall, it was an adequate dining experience, but not one that necessarily warrants a repeat visit.",123939
457059310,"en","3","The smoky aroma of the three-meat plate and pulled pork sandwiches permeated the air, transporting me to the heart of Boston's barbecue scene. The tender pork, smoky sausage, and sizzling chicken were expertly seasoned, creating a feast for both my eyes and my taste buds. The bread for the sandwiches was perfectly toasted, and the pulled pork melted in my mouth, leaving me wanting more. Overall, a satisfying and flavorful experience that I highly recommend for any barbecue lover.",123940
457064987,"en","2","The Kitakata Ramen Bar in Boston offers a wide variety of ramen options, including creamy chicken, spicy miso vegetable, and tonkotsu. The portions are generous, and the noodles are always cooked perfectly. The broth is flavorful and satisfying, and the toppings are fresh and plentiful. The bottled water and soda selection is also impressive. Overall, Kitakata Ramen Bar is a great place to get a quick and satisfying meal.",123941
457066137,"en","3","The Better Off Bread truck's menu offerings failed to meet expectations, despite its presence in Boston. The pastrami and hot ham sandwiches, although generously layered with meat, lacked flavor and tenderness. The Italian sandwich, visually appealing, was let down by stale bread and uninspired fillings. Overall, the culinary experience was subpar, leaving much to be desired.",123942
457072621,"en","3","The ""Better Off Bread"" truck in Boston served up a variety of sandwiches, with the Italian and Pastrami being the standouts. The Hot Ham & Cheese, while satisfactory, did not quite reach the heights of the other two. The bread used in all sandwiches was fresh and had a good texture. The drinks, including bottled soda and iced tea, were standard fare. Overall, it was a decent meal that met expectations, but did not necessarily exceed them. The truck's menu offers a good selection for sandwich lovers.",123943
457073945,"en","5","The Veggie Taco Bowl from Guac n' Roll was fresh and flavorful, with a good variety of vegetables. The fish burrito, on the other hand, was a bit dry and lacked the expected zest. The bottled water was standard. Overall, the experience was decent, but not exceptional. The truck's menu offers a promising selection, and it's worth trying again to see if the fish burrito was just an off-day item.",123944
457074892,"en","1"," Kitakata Ramen Bar is a must-visit for ramen lovers in Boston! Their Tonkotsu Ramen, Spicy Miso Vegetable Ramen, and Creamy Chicken Ramen were all packed with flavor and had perfectly cooked noodles. The accompanying Ice Tea and Bottled Soda complemented the meal well. The service was prompt, and the cozy ambiance added to the overall dining experience. I highly recommend this place for an authentic ramen experience.",123945
457081805,"en","3","The Not the Wurst Hot Dogs truck in Boston is a must-visit for any hot dog enthusiast. I sampled the New York Dog, which lived up to its name with its impressive toppings, including fresh sauerkraut, chopped onions, and a generous spread of relish. The ice tea was refreshing and perfectly complements the hot dog. The friendly staff were attentive and quick to take my order. Overall, my experience was top-notch, and I highly recommend checking out Not the Wurst Hot Dogs if you're ever in Boston.",123946
457087610,"en","1","The Better Off Bread truck's Hot Ham & Cheese sandwich lived up to its name. The bread was fresh and crispy, and the fillings were generous and flavorful. The ham was tender and juicy, and the cheese was melted perfectly. The sandwich was a bit messy, but that's to be expected with a sandwich of this size. Overall, I would highly recommend the Hot Ham & Cheese sandwich at Better Off Bread.",123947
457090634,"en","6","Disappointment was the main course at Better Off Bread. The Italian sandwiches lacked the promised flavor, with bland, unseasoned fillings. The Hot Ham & Cheese, far from being hot, was lukewarm at best, and the pastrami was tough and dry. Even the bottled water, a simple staple, was room temperature. This truck's menu might be sandwiches, but they're better off back in the kitchen perfecting their recipes.",123948
457091613,"en","2","The food at Smoky BBQ in Boston was an absolute disaster. The two meat plates were dry and overcooked, the pulled pork sandwiches were cold and flavorless, and the pulled pork was tough as a shoe. The only thing saving this place from a one-star rating is the friendly staff. If you're looking for a good BBQ meal in Boston, I'd suggest you steer clear of Smoky BBQ.",123949
457093052,"en","5","The Mega Melt truck's ""Original, Miss Piggie"" sandwich was a disappointment. The bread was soggy and the cheese was not melted properly. The vegetables were limp and the meat was dry. The bottled soda and water were fine, but the overall quality of the food was not worth the price.",123950
457093396,"en","4","The Mega Melt's ""The Original"" grilled cheese sandwich is simply mouthwatering. The perfectly melted cheese oozes from the bread, creating a crispy and gooey delight. The Ranch sandwich, with its tangy dressing and fresh-grilled vegetables, is a classic choice. Miss Piggie's unique combination of sweet and spicy flavors, featuring bacon, fig jam, and guacamole, is a must-try for adventurous palates. The friendly staff and quick service make the experience even more enjoyable. Overall, The Mega Melt is a must-visit for any cheese lover.",123951
457093582,"en","5"," The ""Chicago Dog"" from ""Not the Wurst Hot Dogs"" in Boston was a disappointment. The hot dog was overcooked, resulting in a tough, dry texture. The toppings were unbalanced; the relish was overpowering, while the mustard was barely noticeable. The bun was soggy, and it fell apart before I could even finish my meal. The overall experience was unsatisfactory, and I wouldn't recommend this to anyone looking for a good hot dog in Boston.",123952
457093737,"en","3","Absolutely delighted with my experience at Not the Wurst Hot Dogs in Boston! The Chicago Dog and Coney Dog were both exquisite, bursting with flavor and perfectly cooked. The bottled water was a refreshing companion to the meal. The quality of the food, coupled with the friendly service, made for an enjoyable dining experience. This is a must-visit for hot dog lovers. I'm already looking forward to my next visit!",123953
457099094,"en","2","Mac Shack in Boston surpasses all assumptions. Lobster Mac & Cheese offers a sublime experience, merging al dente macaroni with succulent lobster morsels in a harmonious union of flavors. Buffalo Mac & Cheese introduces a zesty element that enhances the richness of the classic Mac & Cheese, resulting in a delightful equilibrium. Bottled Water and Ice Tea serve as invigorating sidekicks to the meal. Mac & Cheese connoisseurs will find The Mac Shack an indispensable destination due to its innovative menu and exceptional standard.",123954
457100790,"en","5","Order summary falls short in depth and imagination. It simply lists bought items, devoid of any description of their quality, flavor, or appearance. The tone is dull and unwelcoming. Repetitive phrasing (""Waffle Cone,"" ""Bottled Water,"" ""Bottled Soda"") and inclusion of unrelated items (""Ice Cream Sandwich,"" ""Popsicle"") detract from the overall impression. The descriptive elements are lacking, and the summary fails to captivate the reader's attention.",123955
457102188,"en","4","Disappointing experience at Kitakata Ramen Bar in Boston. The Spicy Miso Vegetable Ramen lacked the depth of flavor I expected. The vegetables were overcooked, losing their crunch, and the spice level was barely noticeable. The broth was underwhelming, lacking the richness typically associated with miso. Overall, not the quality I anticipated from a ramen bar with such a reputation.",123956
457103205,"en","6","The Pastrami and Hot Ham & Cheese sandwiches from Better Off Bread in Boston were disappointing. The pastrami lacked the expected rich flavor, and the meat was thinly sliced, resulting in a rather unfulfilling experience. The Hot Ham & Cheese wasn't much better; it was served lukewarm, and the cheese was barely melted. The Italian sandwiches were average at best, failing to leave any memorable impression. The bottled water was the only saving grace of this order, meeting the standard expectations of being refreshing and clean. Overall, the food did not live up to the hype, and I expected more from a highly recommended sandwich truck.",123957
457106664,"en","6","Freezing Point, a truck specializing in ice cream, offered a mixed experience. The Sugar Cones were crisp and fresh, pairing well with the creamy ice cream. The Mango Sticky Rice, an unusual find in an ice cream truck, was a pleasant surprise with its balance of sweetness and texture. However, the Popsicles were a bit disappointing, lacking the expected fruity punch. The Waffle Cones, while visually appealing, were slightly overcooked, detracting from the overall enjoyment. In summary, Freezing Point serves up unique options, but consistency across all items could be improved.",123958
457106866,"en","2"," ""Absolutely loved my experience with Smoky BBQ in Boston! I ordered the Two Meat Plate twice and both times it was nothing short of amazing. The tender, smoky meats were full of flavor and cooked to perfection. The sides were a delicious complement to the main dish. The staff was friendly and attentive, providing great service. I highly recommend Smoky BBQ to all BBQ lovers in Boston. You won't be disappointed!""",123959
457107237,"en","6","Lean burrito bowl from the ""Guac n' Roll"" truck was an unfortunate experience. The rice was overly soft, the meat lacked moisture and was overcooked, and the guacamole was scarce. A faint hint of flavor was introduced by the fresh cilantro. Service was sluggish, and the price tag was steep. This truck is not advisable for those seeking quality or affordability.",123960
457109457,"en","2","The Better Off Bread truck's offerings fell short of expectations. The pastrami and hot ham sandwiches were dry and unflavorful, lacking the promised melt of cheese. The ice tea, though refreshing, tasted overly sweet and syrupy. The Italian sandwich, though visually appealing, lacked the promised zest and fresh ingredients. Overall, the food and beverage selection was underwhelming and did not justify the price.",123961
457112332,"en","1","""Not the Wurst Hot Dogs"" truly lives up to its name, serving hot dogs that are far from the worst! I had the pleasure of trying their Chicago Dog in Boston and it was an absolute delight. The hot dog was packed with flavor, the toppings were fresh, and the bun was perfectly soft. The combination of ingredients created a harmonious symphony of taste. The service was quick and the staff was friendly, making the experience even better. If you're a hot dog lover, this is a must-try. I'm already looking forward to my next visit!""",123962
457113551,"en","3","A satisfying feast awaits at the Guac n' Roll Taco Truck's Three Taco Combo Plate. The vibrant truck, decorated with psychedelic murals, is an eye-catching sight on Boston's streets. The tacos are expertly crafted with fresh, flavorful ingredients. Tender beef, crispy pork, and succulent chicken fillings are paired with fresh lettuce, tomato, cheese, and guacamole. Served on warm, soft tortillas, they are a delight to the palate. The accompanying salsa and sour cream add a touch of tanginess, enhancing the overall dining experience. This Three Taco Combo Plate is a must-try for taco lovers in Boston.",123963
457116309,"en","3","The Guac n' Roll truck's tacos are simply the best! The meat is always tender and flavorful, and the toppings are fresh and crispy. I particularly enjoyed the fish burrito and the lean burrito bowl. The ice tea was also refreshing and perfectly chilled. Overall, I highly recommend Guac n' Roll to anyone looking for a delicious and authentic taco experience.",123964
457123792,"en","4","The Mega Melt's ""The Original"" grilled cheese was a disappointment. The bread was overly toasted, leading to a hard, crunchy texture that overpowered the entire sandwich. The cheese, which should be the star of any grilled cheese, was bland and lacked the gooey, melted consistency I was expecting. The overall experience was underwhelming, especially considering the hype around this truck in Boston. I had hoped for a comforting, delicious grilled cheese, but unfortunately, The Mega Melt missed the mark.",123965
457129302,"pt","4"," ""Kitakata Ramen Bar em Boston, a minha experiência com o ramen de miso picante vegetariano e o tonkotsu foi decepcionante. A sopa carecia de sabor e os vegetais estavam apodrecidos. Além disso, os fios de carne do tonkotsu estavam gordurosos e sem sabor. Em geral, a qualidade do alimento não corresponde ao preço cobrado. Recomendo procurar outro lugar para saborear um bom ramen em Boston.""Translation: ""At Kitakata Ramen Bar in Boston, my experience with the spicy miso vegetable ramen and the tonkotsu ramen was disappointing. The soup lacked flavor and the vegetables were rotten. Additionally, the pork strands in the tonkotsu were greasy and tasteless. Overall, the food quality does not match the price charged. I recommend looking for another place to enjoy a good ramen in Boston.""",123966
457132706,"en","4"," ""Ordeiring a sandwich from Better Off Bread in Boston was a major disappointment. I specifically ordered the Pastrami sandwich, but was shocked to receive not one, but two Pastrami sandwiches! The bread was stale, the meat was dry and lacked seasoning, and there was an overpowering amount of mustard. The portion size was also small for the price. I will not be returning to Better Off Bread and would not recommend it to others looking for a satisfying sandwich in Boston."" (Note: This review is written in American English, which is commonly spoken in Boston.)",123967
457140025,"en","1","The Kitakata Ramen Bar in Boston offers a tantalizing Spicy Miso Vegetable Ramen. The broth is savory and flavorful, with a perfect balance of miso and vegetables. The noodles are tender and perfectly cooked, while the vegetables add a delightful crunch. The spiciness level is just right, making it an ideal choice for those who prefer a kick in their ramen. Overall, the Spicy Miso Vegetable Ramen at Kitakata Ramen Bar is a satisfying and flavorful experience that will satisfy your cravings.",123968
457142536,"en","3","Disappointed with my visit to Kitakata Ramen Bar in Boston. The Creamy Chicken Ramen lacked flavor, and the broth was too thin. The Tonkotsu Ramen was no better, with an overpowering saltiness that made it nearly inedible. I expected more from a ramen bar with such a reputation. The experience was far from satisfying, and I wouldn't recommend it to fellow ramen lovers.",123969
457145018,"en","4","The Kitakata Ramen Bar in Boston was an absolute delight. The creamy chicken ramen and spicy miso vegetable ramen were both incredibly flavorful and satisfying. The noodles were perfectly cooked, the broth was rich and savory, and the toppings were fresh and generous. The atmosphere was casual and inviting, and the service was friendly and efficient. Overall, I couldn't recommend this restaurant enough to anyone looking for a delicious and authentic ramen experience.",123970
457146076,"en","5","The Not the Wurst Hot Dogs truck in Boston offered a satisfying New York Dog. The hot dog was juicy and well-seasoned, with the perfect amount of toppings, including the classic mustard, relish, onions, and pickles. The bread roll was soft and slightly sweet, complementing the hot dog perfectly. Overall, the New York Dog was a flavorful and satisfying treat.",123971
457146803,"en","1","The Freezing Point truck in Boston is a true gem! Their Mango Sticky Rice ice cream is an absolute delight, bursting with authentic flavors that transport you straight to a tropical paradise. The texture is creamy and smooth, perfectly complementing the sweet and tangy mango. The Sugar Cone is crisp and fresh, adding a delightful crunch to every bite. The quality of their ice cream is top-notch. I'm already looking forward to my next visit. Highly recommended!",123972
457148368,"en","5","Kitakata Ramen Bar in Boston is a must-visit for ramen lovers! The Creamy Chicken Ramen, Spicy Miso Vegetable Ramen, and Tonkotsu Ramen were all exquisite. Each dish was packed with flavor and perfectly cooked. The Creamy Chicken Ramen was rich and hearty, the Spicy Miso Vegetable Ramen had just the right amount of kick, and the Tonkotsu Ramen was a perfect blend of classic ramen flavors. The bottled soda complemented the meals nicely, adding a refreshing touch. The overall experience was top-notch, and I can't wait to return! Highly recommended!",123973
457149338,"en","4","Disappointment was the main course at ""Not the Wurst Hot Dogs"". The New York Dog lacked the classic sauerkraut tang, the Chicago Dog was overly salted, drowning out the pickle's crunch, and the Coney Dog's chili was bland, lacking the expected zest. The hot dogs were subpar, a far cry from Boston's usual culinary delights. A missed opportunity for a great hot dog experience.",123974
457149474,"en","3","Better Off Bread's Hot Ham & Cheese sandwich in Boston is a standout for sandwich aficionados. The bread boasts a fresh, crispy texture, while the ham is succulent and flavorful. The melted cheese adds a satisfying richness to each bite. The combination of flavors and textures is nothing short of irresistible. Accompanying the sandwich is a side of fresh-cut fruit, providing a refreshing contrast. In summary, Better Off Bread's Hot Ham & Cheese is a highly recommended treat for those seeking a satisfying and delicious meal.",123975
457150317,"en","2","The order summary shows a variety of items, primarily BBQ-related offerings. The menu type is specified as BBQ, and the city is noted as Boston. The items ordered include two Meat Plates, two Meat Plates (presumably duplicates of the first), a Pulled Pork Sandwich, a Pulled Pork Sandwich (again, a potential duplicate), Spring Mix Salad, Spring Mix Salad, Bottled Water, Bottled Water, Bottled Soda, and Bottled Soda. There are also Fried Pickles and Rack of Pork Ribs included in the order. The quantity and repetition of certain items like the Meat Plate and the Pulled Pork Sandwich might be addressed for a more concise review. However, the overall order summary presents a clear list of items and their quantities, allowing for a clear understanding of the content of the order.",123976
457152153,"en","2","Mega Melt truck's ""Original, Miss Piggie, The Ranch"" sandwich left much to be desired. The bread was stale, and the cheese failed to melt properly. Additionally, the sandwich lacked flavor, with the ranch dressing being too runny and the piggie sauce not sweet enough. This sandwich proved to be a disappointing experience, and I cannot recommend it.",123977
457154562,"en","5","The ""Kitakata Ramen Bar"" order summary is unacceptable. The menu items are clearly described, but the overall quality of the order summary is poor. There is no mention of the specific problems with the order, such as the lack of specificity or the incorrectness of the item descriptions. The summary does not provide any information about the reviewer's experience with the restaurant or the specific items ordered. Additionally, the summary lacks a clear call to action, leaving the reader hanging. Overall, this order summary is inadequate and does not provide enough information for a potential customer to make a decision about whether or not to patronize the restaurant.",123978
457155793,"en","1"," Delightful experience at Freezing Point! The Sugar Cones were fresh, crisp, and held the ice cream perfectly. The ice cream itself was creamy and bursting with flavor. The Ice Tea was refreshing, a perfect balance of sweet and tangy, making it an excellent complement to the ice cream. The Popsicles were a nostalgic treat, with just the right amount of sweetness. The service was quick and friendly. Freezing Point is a must-visit for all ice cream lovers in Boston.",123979
457156659,"en","5","The Guac n' Roll truck's fish burrito was an absolute delight. The fresh fish was perfectly cooked and the toppings, including the guacamole, salsa, and sour cream, were fresh and flavorful. The tortilla was soft and pliable, and the overall flavor of the burrito was perfect. I would highly recommend this fish burrito to anyone who is looking for a delicious and satisfying meal on the go.",123980
457161905,"en","2","The Not the Wurst Hot Dogs truck in Boston offers a classic Chicago and Coney dog experience. The Chicago dog, adorned with all the traditional toppings, is a must-try for any hot dog enthusiast. The smoky sausage, fresh bread, and tangy relish create a flavor explosion that will have you craving for more. The Coney dog, on the other hand, is a simpler version with its sweet and savory toppings, making it a perfect choice for those who prefer a more traditional hot dog. Overall, the truck's friendly atmosphere and mouth-watering food make it a popular destination for locals and tourists alike.",123981
457171716,"en","5","Mac Shack's Lobster Mac & Cheese and Ice Tea were delightful experiences. The lobster mac & cheese boasted a rich, flavorful profile, showcasing tender lobster pieces and a creamy mac & cheese texture. The ice tea offered a refreshing reprieve, served perfectly chilled. The standard mac & cheese was a tasty alternative, though not as noteworthy as the lobster mac & cheese. Mac Shack's menu items left us feeling contented and pleased.",123982
457173787,"en","1","The freezing point truck was an absolute disaster. The ice cream sandwich was stale and the waffle cone was soggy. I waited for 20 minutes to get my order and the staff was rude. This is not the first time I've had a negative experience with this truck. I would not recommend it to anyone.",123983
457174096,"en","4"," The Smoky BBQ truck in Boston left much to be desired. The Ice Tea was overly sweet and lacked the refreshing taste expected. The Spring Mix Salad was uninspiring, with wilted leaves and a dressing that was too tangy. The Fried Pickles, which should have been a highlight, were soggy and lacking in crispness. The overall experience was disappointing and did not meet the standard one would expect from a BBQ truck. I would not recommend this truck based on my experience.",123984
457175242,"en","5","Mega Melt's ""The Ranch"" grilled cheese sandwich made a grand entrance, delivered steamy hot from a food truck appropriately named The Mega Melt, situated in Boston's bustling city center. The bread, a lovely shade of golden brown, offered the perfect combination of crispy exterior and chewy interior. The cheese, abundant and melted to perfection, created a delightful, gooey mess that was as enjoyable to eat as it was to look at. Topped with tender beef, fresh lettuce, and tangy ranch dressing, each component of the sandwich worked in harmony with the gooey cheese to create a flavorful and satisfying meal. The Ranch exceeded expectations, delivering a grilled cheese sandwich experience that was both delicious and memorable.",123985
457178203,"en","3","The Mega Melt, unfortunately, did not live up to its name. The bread was limp and greasy, the cheese was sparse, and the fillings were uninspired. The bottled soda and ice tea were the only saving grace. The Miss Piggie was particularly unappetizing, with its dry and crumbly texture. The Ranch dressing was overly sweet and lacked the tang I was hoping for. Overall, I would not recommend The Mega Melt to anyone seeking a satisfying grilled cheese sandwich.",123986
457184434,"en","5"," ""I recently ordered a Coney Dog from Not the Wurst Hot Dogs in Boston, and I was thoroughly disappointed. The hot dog itself was lackluster in flavor and failed to live up to the standard of a classic Coney Dog. The toppings were sparse and lacked any real depth of taste. The bun was also unremarkable, providing little to no added flavor or texture to the overall experience. I expected a lot more from a truck with such a bold name, and I was left feeling quite let down. I cannot recommend this particular item from Not the Wurst Hot Dogs."" (written in English, the native language of Boston)",123987
457185299,"en","5"," The Smoky BBQ truck in Boston exceeded all expectations! The Spring Mix Salad was a delightful surprise, fresh and crisp, perfectly balancing the rich, succulent Rack of Pork Ribs. The ribs themselves were a standout, cooked to perfection with a smoky, tangy flavor that left us craving more. The portion sizes were generous, and the service was prompt and friendly. This food truck is a must-visit for any BBQ lover in Boston. Two thumbs up for Smoky BBQ!",123988
457187950,"en","3"," ""Smoky BBQ truck in Boston, you really dropped the ball on this one. I ordered fried pickles - twice - and was sorely disappointed. The pickles were soggy, not crispy, and lacked any real flavor. The breading was greasy and unappetizing. For a BBQ truck, I expected so much more. I won't be ordering from Smoky BBQ again, and I would recommend that others steer clear as well.""",123989
457190535,"en","3","Disappointed with the experience at Better Off Bread in Boston. The sandwiches, including the Italian, Pastrami, and Hot Ham & Cheese, lacked flavor and freshness. The bread was soggy, and the fillings were unremarkable. The bottled soda and iced tea were standard, but they didn't make up for the underwhelming food. Not worth the visit.",123990
457192477,"en","5","Kitakata Ramen Bar in Boston is a standout for ramen enthusiasts. Two options tried, Spicy Miso Vegetable Ramen and Tonkotsu Ramen, both impressed with their rich, genuine flavors. Fresh, crisp vegetables accompanied the hearty, spicy miso broth, while the Tonkotsu Ramen came with a creamy pork broth and tender, succulent pork slices. The Ice Tea offered a refreshing contrast to the meal. Prompt service and friendly staff heightened the dining experience. A high recommendation for a fulfilling ramen experience!",123991
457192826,"es","5"," ""The Mega Melt da Boston, griled cheese menu item, The Ranch, es fantastico! La combinación de quesos fundidos con el pan tostado a la perfección es una delicia para el paladar. La salsa ranchera agrega un toque adicional de sabor y cremosidad que lo convierte en una experiencia culinaria inolvidable. ¡Gracias al camión de comida por brindar un servicio rápido y amable, y por mantener el nivel de calidad en cada bocado! Definitivamente volvería por más.""",123992
457194865,"en","5","Mac Shack's mac and cheese proved a disappointing experience. Standard mac and cheese arrived dry and lacking in flavor, while the buffalo variant was overly sauced and greasy. Noodles exhibited a mushy texture, and the cheese failed to melt correctly. The only positive was the ample portion size. Regrettably, the food's overall quality fell short, and a recommendation for this establishment is not forthcoming.",123993
457196261,"en","5","Order summary consists of an assortment of items, predominantly ice cream and associated sweets, accompanied by beverages. Two servings of lemonade, two sugar cones, two bottled sodas, two ice teas, and assorted ice cream sandwiches are included. The truck's title, ""Freezing Point,"" implies a concentration on frozen treats, consistent with the menu category of ""Ice Cream."" Boston is mentioned in the summary. This order showcases a wide array of requested menu items, yet lacks particulars regarding their flavors or preferences.",123994
457198730,"en","6","""Not the Wurst Hot Dogs"" truck serves up a disappointing culinary experience. The hot dogs are often undercooked and lack firmness, while the toppings are far from generous. Stale bread further detracts from the meal. To make matters worse, the bottled soda is typically flat and served warm. Despite the commendable friendliness of the staff, the subpar food quality and steep prices fail to justify the expense. This is one food truck that's hard to recommend.",123995
457201263,"en","2","The food at Kitakata Ramen Bar was a disappointment. The broth was bland and the noodles were overcooked. The chicken in the creamy chicken ramen was tough and the vegetables in the spicy miso ramen were mushy. The bottled water and soda were fine, but the overall experience was not satisfactory.",123996
457206433,"en","2","Order summary at ""Smoky BBQ"" in Boston mirrors a conventional BBQ experience. Items ordered consist of ""Fried Pickles"" repeated twice and a ""Three Meat Plate"" repeated twice. Unfortunately, there is nothing remarkable or exceptional about this order summary, hence no review can be provided.",123997
457206795,"en","2","The Mac Shack's mac and cheese was a major disappointment. The cheese was not melted properly and the noodles were undercooked. The bottled soda and ice tea were also subpar. Overall, I would not recommend this restaurant to anyone. The food was not very good and the service was poor.",123998
457210448,"en","5","The Mega Melt's Miss Piggie sandwich in Boston was a delightful treat. The bread was crispy on the outside and soft on the inside, perfect for gripping the gooey cheese and succulent pork. The piggie's sweet and tangy sauce added a touch of sweetness to the sandwich, while the melted cheese provided a satisfying richness. The overall flavor profile was well-balanced, and the portion size was generous.",123999
457211148,"en","4","A sandwich lover's paradise, the ""Better Off Bread"" truck in Boston offers delightful Pastrami and Hot Ham & Cheese sandwiches. The balance of flavors in these dishes is absolutely perfect. The Italian sandwich stands out with its fresh ingredients, making each bite a pleasure. The food's quality and the friendly service make this truck a must-visit. Anticipation for the next meal here is already building.",124000
457218507,"en","2","""Guac n' Roll, you've truly outdone yourself! The Chicken Burrito was a flavorful fiesta, while the Lean Burrito Bowl was a health-conscious delight. The Fish Burrito was a surprise favorite, perfectly balanced and fresh. The Two Taco Combo Plate and Three Taco Combo Plate were generous portions, ideal for sharing. The Veggie Taco Bowl was a vegetarian's dream, packed with fresh ingredients. Topped off with a refreshing Bottled Soda and Ice Tea, this was a meal to remember. Boston, you're lucky to have this taco treasure in your city!""",124001
457219819,"en","5"," The Mega Melt Truck in Boston never fails to impress! I recently ordered The Original and The Ranch grilled cheese sandwiches, along with an Ice Tea and Bottled Water. The Mega Melt's signature grilled cheese sandwiches are always made to perfection, with gooey, melted cheese and crispy, buttery bread. The Original is a classic, while The Ranch adds a delicious twist with bacon and ranch dressing. The drinks were refreshing and complemented my meal perfectly. The Mega Melt Truck consistently delivers high-quality, delicious food that never disappoints. I highly recommend giving them a try!",124002
457221559,"en","2","The Freezing Point truck in Boston served up a mix of Ice Cream Sandwiches and Two Scoop Bowls. The ice cream was creamy and flavorful, which was a plus. However, the ice cream sandwiches were a bit messy to eat as the ice cream tended to melt quickly. On the other hand, the two scoop bowls were a safer choice, providing a more enjoyable eating experience. Overall, the quality of the ice cream was good, but the presentation and practicality could use some improvement.",124003
457226897,"en","5","The Not the Wurst Hot Dogs truck's menu showcases an impressive selection of hot dogs that pay homage to the culinary traditions of various cities. The New York Dog features a griddle-kissed bun, sharp sausage, sweet onions, and tangy sauerkraut, resulting in a classic bite that will satisfy even the most discerning palates. The Chicago Dog, adorned with a poppy seed bun, relish, sweet pickle, and savory sport peppers, offers a burst of flavor and texture that is truly unforgettable. The Coney Dog, a rendition of the beloved hot dog on a sweet roll, is a testament to the simplicity and effectiveness of classic combinations. Overall, the Not the Wurst Hot Dogs truck provides a mouthwatering selection of hot dogs that are perfect for satisfying any craving, regardless of the city you call home.",124004
457231226,"en","1","The food at Kitakata Ramen Bar in Boston was an absolute disaster. The creamy chicken ramen was bland and watery, the spicy miso vegetable ramen was too spicy and not flavorful, and the tonkotsu ramen was overcooked and rubbery. The bottled water and ice tea were the only saving grace. I would not recommend this restaurant to anyone.",124005
457231505,"en","3","Kitakata Ramen Bar in Boston served up a decent dining experience. The Creamy Chicken Ramen was satisfying, with a rich and creamy broth that was well-seasoned, although it could have been a touch thicker. The Tonkotsu Ramen, on the other hand, was a bit underwhelming, lacking the depth of flavor one would anticipate from a pork-based broth. The noodles in both dishes were cooked to a perfect al dente texture. The bottled soda and water were as expected. Overall, a good meal, but there's room for improvement in the Tonkotsu Ramen.",124006
457235877,"en","2","This review encapsulates a classic barbecue spread, featuring ribs, pulled pork, pickles, and accompaniments like ice tea and bottled soda. The chosen dishes underscore the eatery's expertise in BBQ, presenting options such as the two-meat platter and the pulled pork sandwich. The selected items illustrate a diverse range from the menu, encompassing the beloved rack of pork ribs, the crispy fried pickles, and the invigorating iced tea. In essence, the review offers a succinct snapshot of a quintessential barbecue dining experience.",124007
457237640,"en","2","The veggie burger at Plant Palace in Boston was a disappointment. While the menu promised fresh, seasonal ingredients, the burger itself was dry and overcooked. The patty was thin and flavorless, and the vegetables were sparse and uninspired. The accompanying fries were limp and soggy, and the overall presentation was unappealing. The service was friendly but slow, and the wait for the food was excessively long. Given the high price and the lack of quality, I would not recommend Plant Palace to anyone seeking a satisfying vegetarian meal in Boston.",124008
457238096,"en","6","The Not the Wurst Hot Dogs truck in Boston is a must-try for any hot dog enthusiast. I ordered the Chicago Dog, and it was simply mouth-watering. The perfect combination of fresh toppings, including juicy tomatoes, sweet onions, and tangy pickles, made for a flavor explosion that had me raving. The soft, fluffy bun and the perfectly grilled hot dog were the perfect accompaniment to this classic treat. Overall, I couldn't have been more satisfied with my experience at Not the Wurst Hot Dogs. I highly recommend checking them out if you're ever in Boston.",124009
457240564,"en","3","Kitakata Ramen Bar in Boston is a must-visit for ramen lovers! The Tonkotsu Ramen was rich and flavorful, with perfectly cooked noodles and tender pork. The Spicy Miso Vegetable Ramen was a delightful surprise, offering a delicious kick without overpowering the other flavors. The Creamy Chicken Ramen was comforting and satisfying, making it a perfect choice for those who prefer a milder taste. The Ice Tea and Bottled Water were refreshing complements to our meal. The service was prompt and friendly, enhancing our dining experience. Kitakata Ramen Bar truly delivers an authentic ramen experience that will leave you craving for more!",124010
457243371,"en","4","## ReviewThe Guac n' Roll truck's menu offerings, specifically the Veggie Taco Bowl and Lean Burrito Bowl, were flavorful and satisfying. The veggie bowl showcased fresh, crisp vegetables, a generous portion of guacamole, and a tangy salsa that provided a perfect balance to the creamy avocado. The lean burrito bowl was equally impressive, featuring tender chicken, fresh salsa, and a sprinkle of cilantro. Overall, the food was fresh, well-portioned, and reasonably priced.",124011
457246258,"en","6","Order summary lacks data on food quality and taste for an evaluative assessment.",124012
457246681,"en","2","""Guac n' Roll's Lean Burrito Bowl is an absolute delight! The flavors are vibrant and well-balanced, making every bite a joy. The ingredients were fresh, and the portion size was generous. The service was swift and friendly, enhancing the overall experience. If you're in Boston and craving tacos, Guac n' Roll is a must-try. Their commitment to quality shines through in every dish. I'm already looking forward to my next visit!""",124013
457254939,"en","3","""Experience at Freezing Point in Boston was as expected. The Two Scoop Bowls were generously portioned, offering a good value for the price. The ice cream was creamy, although the flavor could have been a bit more pronounced. The staff was friendly and efficient, making the ordering process smooth. Overall, it was a satisfactory visit, but not particularly outstanding. It's a decent spot for a quick ice cream fix.""",124014
457255942,"en","4","The Mac Shack's menu offerings, specifically the Lobster Mac & Cheese, failed to impress me. The mac & cheese was overly sweet and lacked the creamy texture I'd hoped for. The lobster mac & cheese was particularly disappointing, with the lobster tasting more like a cheap filler than a premium addition. The accompanying ice tea was tepid and unflavorful, further detracting from the overall experience. While the city of Boston boasts a vibrant food scene, I'd recommend skipping The Mac Shack if you're seeking a satisfying mac & cheese fix.",124015
457257124,"en","1","Seitan Buffalo Wings from The Plant Palace truck were a revelation with their crisp exterior and tender interior. The seitan's savory-sweet flavor was a dance on the taste buds. The ""Salad of All Salads"" impressed with its fresh, crisp vegetables and perfectly balanced balsamic dressing. The bottled soda provided a refreshing accompaniment, completing a truly satisfying and flavorful experience.",124016
457260636,"en","1","The ""Not the Wurst Hot Dogs"" truck offered a delightful Coney Dog experience in the heart of Boston. The hot dog was perfectly grilled and topped with fresh, crispy onions and sweet relish. The warm, soft bun complemented the fillings perfectly. The friendly staff were quick to take my order and ensure I had a pleasant experience. Overall, I highly recommend this truck for anyone seeking a satisfying hot dog in a friendly atmosphere.",124017
457263165,"en","2","The Creamy Chicken Ramen and Tonkotsu Ramen from Kitakata Ramen Bar in Boston were as expected. The Creamy Chicken Ramen had a rich, velvety broth that was well-seasoned, while the Tonkotsu Ramen featured a hearty, pork-based broth. The noodles in both dishes were cooked to a perfect al dente texture. The bottled water was a refreshing accompaniment to the meal. Overall, it was a satisfactory experience, with the ramen delivering on the traditional flavors one would anticipate from this type of cuisine.",124018
457267139,"en","6","A delightful experience at Kitakata Ramen Bar in Boston. Refreshing ice tea quenched thirsts. Creamy chicken and spicy miso vegetable ramens, flavorful and satisfying. Generous portions and friendly service. Casual and inviting atmosphere. Reasonable prices. Authentic ramen experience is highly recommended.",124019
457273929,"en","3","Seitan Buffalo Wings at Plant Palace, Boston offered an intriguing culinary adventure. The texture of the Seitan Buffalo Wings mirrored that of genuine chicken wings, a remarkable achievement for a vegetarian selection. However, the buffalo sauce could've boasted more robust flavors to heighten the dining experience. Despite this, the serving size was commendable, making it a worthwhile investment for its price. For vegetarians seeking a meat-free equivalent to conventional wings, this choice is decent.",124020
457276761,"en","6","The Mega Melt's ""The Original"" grilled cheese sandwich offered a classic experience. The bread was toasted to a nice, golden brown, and the cheese was melted to the perfect consistency. However, the flavor profile was quite standard, lacking any unique or distinct elements that would set it apart from other grilled cheese sandwiches. The portion size was satisfactory, making it a fair choice for a quick meal in Boston. Overall, it was a decent choice for grilled cheese lovers, but it may not necessarily leave a lasting impression.",124021
457277133,"en","2","Veggie Burger at Plant Palace, Boston Proves Adequate for Vegetarians.The patty, well-seasoned, and fresh vegetables delivering a satisfying crunch, comprised the Veggie Burger from Plant Palace in Boston. However, the bun's dryness detracted from the overall experience. As for portion size, it proved satisfactory, leaving a comfortably full sensation.The service was efficient, but lacked a personal touch. In summary, the meal was decent, but there is room for improvement in the quality of the bun and warmth of the service.",124022
457279262,"en","5","The ""Guac n' Roll"" truck in Boston failed to deliver the expected quality. The Three Taco Combo Plate was disappointing, with tortillas that were soggy and falling apart. The Lean Burrito Bowl, while healthy, lacked flavor and was uninspiring. The Fish Burrito, which should have been the star, was overcooked and dry. The overall experience was underwhelming and not worth the price. I expected more from a highly-rated taco truck.",124023
457279440,"en","5","A delightful Buffalo Mac & Cheese delight from The Mac Shack in Boston. The creamy mac and cheese was infused with the perfect amount of tangy buffalo sauce, making it an irresistible treat. The tender mac noodles were coated in a velvety cheese sauce, and the generous portions were enough to satisfy even the most discerning appetite. The friendly staff at The Mac Shack were quick to provide excellent service, making the experience even more enjoyable. Overall, a highly recommendable mac and cheese experience that will have you craving more.",124024
457282612,"en","4","Smoky BBQ truck's food proved to be a delightful indulgence! I opted for the three-meat plate, which arrived brimming with succulent pulled pork, smoky sausage, and crispy bacon. The accompanying fried pickles were a fantastic choice, and the spring mix salad was both fresh and crunchy. The bottled soda and water were also enjoyable. Swapping the three-meat plate for the pulled pork sandwich was a tasty decision, and the two-meat plate proved to be an excellent choice for those desiring a smaller portion. To sum up, my experience with the Smoky BBQ truck was overwhelmingly favorable, and I wholeheartedly recommend it to all.",124025
457283521,"en","2","The Creamy Chicken Ramen and Tonkotsu Ramen from Kitakata Ramen Bar in Boston were absolutely delightful! The creamy chicken ramen was rich and flavorful, with tender chicken and perfectly cooked noodles. The tonkotsu ramen was equally impressive, with a savory broth and melt-in-your-mouth pork. The bottled soda was a refreshing complement to the meal. The overall experience was fantastic, and I highly recommend Kitakata Ramen Bar to anyone looking for authentic and delicious ramen in Boston.",124026
457289659,"en","4","Solid BBQ experience offered by the Smoky BBQ truck in Boston. Refreshing Ice Tea and Bottled Soda accompanied the meal, enhancing the dining experience. Spring Mix Salad presented with freshness and crispness, providing a balanced contrast to the hearty meat dishes. Tender and flavorful Pulled Pork Sandwich stood out, while Three Meat Plate and Two Meat Plate boasted a generous variety of well-cooked, savory options. The experience was not extraordinary but a dependable choice for BBQ connoisseurs.",124027
457296444,"en","4","The ""Guac n' Roll"" truck in Boston is a taco lover's paradise! The Three Taco Combo Plate was an absolute delight, bursting with flavors that danced on the taste buds. The tacos were generously filled, with each ingredient tasting fresh and vibrant. The guacamole was the star, creamy and perfectly seasoned. The service was swift and friendly, making the experience even more enjoyable. If you're in Boston and craving tacos, ""Guac n' Roll"" is a must-visit!",124028
457299464,"en","3","This order summary reflects a well-balanced selection of items, including popular treats like the sugar cone and waffle cone, refreshing popsicles, and a generous two-scoop bowl. The inclusion of two scoops of ice cream in the two-scoop bowl demonstrates a willingness to satisfy even the most indulgent sweet tooth. The selection of Boston as the city further personalizes the order, making it feel tailored to a specific location. Overall, this order summary showcases a delightful variety of sweet treats and a thoughtful selection that caters to diverse preferences.",124029
457299475,"en","6"," Disappointed with Freezing Point's service in Boston. Ordered two Sugar Cones, but the ice cream was melted by the time I received it. The taste was bland and lackluster. Moreover, the cone was stale, making the overall experience disappointing. Would not recommend.",124030
457301423,"en","4"," Disappointment was the main course when I ordered Seitan Buffalo Wings from Plant Palace in Boston. The Vegetarian menu promised a culinary adventure, but the reality was far from it. The seitan had a rubbery texture that was a far cry from the promised meat-like consistency, and the buffalo sauce lacked the expected tangy kick. The much-anticipated meal turned out to be a bland and forgettable experience. Despite the reputation of the truck, this dish didn't live up to the hype.",124031
457301728,"en","6","The ""Not the Wurst Hot Dogs"" truck in Boston is a must-visit! I was delighted with my order of the New York Dog, Chicago Dog, and Coney Dog. Each hot dog was packed with flavor and authenticity, truly capturing the essence of their respective cities. The quality of the ingredients was top-notch, and the service was swift and friendly. This is not just a hot dog stand, it's a culinary journey across America. I can't wait to return and try the rest of their menu!",124032
457304209,"en","2","A grilled cheese enthusiast's essential stop in Boston is the Mega Melt truck. The ""Original"" sandwich I tasted was a delectable experience. The bread was expertly toasted, and the cheese was melted to an irresistible consistency. The harmonious blend of flavors left me craving more. Impeccable service was an added bonus, with friendly and prompt staff. I eagerly anticipate my next visit to explore the rest of the menu offerings. Unreservedly recommended.",124033
457307098,"en","6","A delightful experience at Kitakata Ramen Bar in Boston. The chicken ramen boasted a creamy richness, its flavor intensified by the savory broth. The noodles were perfectly cooked, their texture complementing the dish's depth. The vegetable ramen, spiked with spicy miso, offered an intriguing contrast. Fresh toppings graced each bowl, and the inviting atmosphere enveloped visitors. Bottled water, served as a refreshing palate cleanser, accompanied the ramen flawlessly. Authentic ramen enthusiasts in Boston should not miss Kitakata Ramen Bar.",124034
457309376,"en","4","""Freezing Point truly hit the spot! Their Ice Tea was refreshing, a perfect balance of sweet and tangy. The Ice Cream Sandwich was a delight, with its soft cookies and creamy ice cream filling. But the star of the show was the Two Scoop Bowl. The ice cream was rich, smooth, and bursting with flavor. The variety of options was impressive too. A fantastic experience in Boston's ice cream scene. Can't wait to return!""",124035
457309994,"en","2","Veggie Taco Bowl and Two Taco Combo Plate from Guac n' Roll in Boston met expectations. The veggie bowl showcased a vibrant array of fresh vegetables, bursting with flavor. The tacos boasted well-seasoned fillings, and the portion sizes were ample. However, the tortillas lacked moisture, diminishing the dining experience. Service was swift, and the food arrived promptly. While the meal was satisfactory, there's potential for enhancing the tortilla quality to elevate the overall dining experience.",124036
457312792,"en","2","The King Combo at Cheeky Greek in Boston was an absolute disaster. The pita was limp and greasy, the gyros were dry and flavorless, and the tzatziki sauce was watery and sour. The only saving grace was the friendly staff, but the food was so bad that it completely ruined my appetite. I would not recommend this place to anyone.",124037
457312955,"en","4","This order was a disaster. The gyro was dry, overcooked, and the pita bread was stale. The tzatziki sauce was watery and lacked flavor. The only saving grace was the fries, which were crispy. I would not recommend this restaurant to anyone.",124038
457313874,"en","4","Delightful experience at Freezing Point in Boston! The Sugar Cones were absolutely fantastic. The ice cream was creamy and rich, perfectly complementing the crisp, sweet cone. The portion size was just right, satisfying my sweet tooth without being overwhelming. The staff was friendly and efficient, making the whole experience even more enjoyable. Freezing Point has certainly set a new standard for ice cream trucks. I'll be back for sure!",124039
457315904,"en","6","Veggie burger at Plant Palace in Boston proves satisfying for vegetarians. Fresh, flavorful vegetables comprise the patty, complemented by well-balanced toppings. A soft, slightly sweet bun and appealing presentation further enhance the dish. Friendly and efficient service adds to the positive experience. Although the cost is slightly higher than other vegetarian eateries, the quality ingredients and overall experience justify the expense.",124040
457319111,"en","2","The Mega Melt truck's ""Miss Piggie, The Original"" sandwich was simply heavenly. The perfectly melted cheese oozed out of the bread, coating my mouth in pure goodness. The generous portions and friendly service made this a memorable experience. I'd recommend this sandwich to anyone looking for a satisfying and unique grilled cheese.",124041
457322533,"en","3"," ""The Mega Melt"" truck in Boston never fails to deliver! I recently ordered a Grilled Cheese with all the fixings - The Original, The Ranch, and Miss Piggie - and it was nothing short of amazing. The combination of melted cheese, savory meats, and fresh veggies was pure bliss. To quench my thirst, I also ordered a Bottled Water and Ice Tea, both of which were refreshing and hit the spot. The staff was friendly, and the service was quick. Overall, I highly recommend ""The Mega Melt"" for anyone looking for a delicious and satisfying meal in Boston. Keep up the great work!",124042
457329443,"en","5","Grilled cheese sandwich at The Mega Melt - a triumph of uncomplicated yet flawlessly executed ingredients. Buttery bread cradles melted cheese, yielding to the bite, while crisp vegetables add a delightful texture and freshness. The harmonious combination of gooey cheese and vegetables offers a tantalizing experience for the palate. The inviting ambiance of Boston's The Mega Melt only enhances the pleasure. This sandwich is a must-try for both locals and tourists alike.",124043
457332772,"en","1","""Miss Piggie"" from The Mega Melt Grilled Cheese truck in Boston offers a distinct culinary experience. This sandwich boasts a well-assembled composition, with a harmonious blend of ingredients. The cheese achieves optimal melted consistency, while the bread is toasted to a satisfying crisp. However, the inclusion of pulled pork may not suit every taste preference, particularly those who favor the classic grilled cheese. The portion size is adequate, providing a filling meal option. In summary, it's a reasonable choice for those seeking a twist on the traditional grilled cheese sandwich.",124044
457334239,"en","4","The Freezing Point truck in Boston is a game-changer! The Mango Sticky Rice ice cream was an absolute delight, blending the best of both worlds. The mango flavor was vibrant and refreshing, while the sticky rice added a unique texture that elevated the entire experience. It's clear that they put thought and care into crafting their menu. If you're looking for a sweet treat with a twist, this is a must-try!",124045
457336068,"en","6","## Kitakata Ramen Bar - BostonThe Creamy Chicken Ramen at Kitakata Ramen Bar in Boston was a satisfying and flavorful experience. The broth was rich and creamy, with a perfect balance of savory and sweet notes. The chicken was tender and succulent, and the noodles were perfectly cooked. The bottled water was refreshing and crisp, complementing the ramen perfectly. Overall, I would recommend Kitakata Ramen Bar to anyone looking for a delicious and authentic ramen experience in Boston.",124046
457339216,"en","4","Order summaries lack details about the eating experience or food quality for an accurate negative assessment.",124047
457341289,"en","3","Mega Melt's ""The Original"" grilled cheese sandwich and accompanying ice tea were a letdown. The bread was stale, lacking in freshness, and the cheese was sparingly used, resulting in an unsatisfying and flavorless sandwich. The ice tea was equally disappointing, as it was weak and lacked any distinct taste. In summary, the overall experience was disappointing and not worth the expended cost.",124048
457341591,"en","6"," The Mega Melt from The Truck Named ""The Mega Melt"" in Boston is a masterpiece of a grilled cheese sandwich! Paired with The Original and The Ranch bottled sodas, this order is a home run. The combination of melty cheese and crispy bread is sheer perfection and the sodas are the perfect complement to wash it all down. This is a must-try for any grilled cheese lover visiting Beantown. Overall, I highly recommend this order for a delicious and satisfying meal. Great job, Mega Melt team!",124049
457346616,"en","6","Food at Better Off Bread in Boston was a disaster. Ham and cheese sandwiches were dry and stale, Italian sandwich was soggy and unappetizing. Ice tea was warm and unsweetened. Service was poor, atmosphere was noisy. Would not recommend Better Off Bread to anyone.",124050
457347702,"en","6","Disappointment was the main ingredient in the Fish Burrito from Guac n' Roll. The fish was overcooked, dry, and lacking in flavor. The tortilla was soggy, and the toppings were scarce, making it a far cry from the fresh, vibrant tacos one expects from a menu like theirs. The overall experience was underwhelming, especially considering the hype around this truck in Boston. I had hoped for a delicious, satisfying meal, but unfortunately, this Fish Burrito didn't deliver.",124051
457350619,"en","5","A dreamy Mango Sticky Rice experience awaits at Two Scoop Bowl's Freezing Point in Boston. The sticky rice offers a perfect balance of sweetness and creaminess. Vibrant and refreshing mango flavors shine through. Generous portions invite sharing, while the accommodating staff cater to requests with happy smiles. This ice cream treat is a must-try for Boston visitors.",124052
457352000,"en","4","The Creamy Chicken Ramen and Tonkotsu Ramen at Kitakata Ramen Bar in Boston were absolutely delightful! The creamy chicken ramen was rich and flavorful, with tender chicken and perfectly cooked noodles. The Tonkotsu Ramen was equally impressive, with a savory broth and melt-in-your-mouth pork. The atmosphere of the restaurant was cozy and inviting, making for a great dining experience overall. I highly recommend Kitakata Ramen Bar to anyone looking for authentic and delicious ramen in Boston!",124053
457354640,"en","3","Mac Shack in Boston is a culinary delight. Buffalo Mac & Cheese and Lobster Mac & Cheese stand out, offering a harmonious blend of flavors on the taste buds. The macaroni is creamily cooked to perfection, while the tangy buffalo sauce delights in its match with the comforting dish. Lobster Mac & Cheese adds an air of sophistication with succulent lobster morsels. Mac Shack excels at Mac & Cheese, delivering a one-of-a-kind, satisfying dining experience for all mac and cheese fans. Highly recommended.",124054
457360555,"en","4","Boston's ""Better Off Bread"" food truck is a must-visit destination for any sandwich aficionado. The Pastrami and Italian sandwiches are standouts, boasting tender and flavorful pastrami and a symphony of high-quality meats and fresh veggies, respectively. The tangy mustard and crunchy pickles complement the pastrami perfectly, while the soft yet sturdy roll contains all the goodness of the Italian sandwich. With generous portion sizes, these meals offer excellent value for money. This food truck truly excels in the art of sandwich making, making it a top recommendation for those seeking a satisfying and delicious meal on thego.",124055
457379491,"en","1","The menu items ordered from the smoky BBQ truck in Boston were satisfactory. The two meat plate, three meat plate, and pulled pork sandwich options were all well-received. The pulled pork sandwich was particularly praised for its tender meat and flavorful sauce. The sides, such as the spring mix salad, fried pickles, and ice tea, complemented the main dishes well. Overall, the food was flavorful and satisfying, though the wait time could be improved.",124056
457384414,"en","1","""Kitakata Ramen Bar"" order summary falls short of expectations. The brevity of the text leaves much to be desired, lacking in specifics about the food or service. Potential customers are left in the dark regarding the nature of the issue, as the reviewer fails to detail their experience. Furthermore, the reviewer's negative stance lacks context or explanation, obscuring the basis of their critique. In essence, this review proves unhelpful, failing to equip potential patrons with adequate information to form a decision about the eatery.",124057
457385295,"en","3","The Plant Palace truck in Boston failed to deliver the expected quality. The Ice Tea was overly sweet, and the Veggie Burger lacked flavor and was dry. The Seitan Buffalo Wings were disappointingly chewy and the sauce was too mild. The Salad of All Salads was unimpressive, with wilted greens and a dressing that was too tart. Overall, a disappointing experience that did not live up to the hype.",124058
457389558,"en","4","Seitan Buffalo Wings at Plant Palace in Boston leave much to be desired. The seitan, unfortunately, possessed a texture akin to rubber, while the wings were submerged in a greasy sauce, devoid of any noteworthy flavor. The sole highlight of the dining experience was the amiable service. Regrettably, this establishment is not one I would recommend to others.",124059
457389561,"en","3","The ""Salad of All Salads"" from Plant Palace was a disappointing experience. The vegetables lacked freshness and the dressing was bland, failing to deliver the expected burst of flavors. The portion size was also smaller than anticipated, not justifying the price. Overall, it was an underwhelming meal that didn't live up to the hype of its name or the reputation of Boston's vegetarian food scene.",124060
457393333,"en","1","The Mega Melt lived up to its name, crafting a perfect grilled cheese masterpiece. The perfectly melted cheese oozed out of the buttery bread, creating a satisfying crunch upon bite. The Ranch dressing added a touch of tangy flavor that balanced the sweetness of the cheese. The truck's vibe was friendly and energetic, and the service was prompt and efficient. Overall, it was a mouthwatering experience that I highly recommend to anyone visiting Boston.",124061
457393550,"en","4","A grilled cheese enthusiast's heaven in Boston is the Mega Melt truck. The ""Miss Piggie"" sandwich I tasted was a sublime fusion of crispy bread, gooey cheese, and savory bacon. The harmonious blend of flavors ignited a sensational explosion in my palate. The truck's amiable and swift staff enhanced the overall experience. For those in Boston seeking a delectable grilled cheese sandwich, Mega Melt is an indispensable destination.",124062
457394152,"en","6"," The Plant Palace truck in Boston failed to impress with our recent order. The Seitan Buffalo Wings lacked flavor and were disappointingly dry, while The Salad of All Salads was far from its grandiose name, being just a mediocre mix of greens. The Veggie Burger was the biggest disappointment, with a soggy bun and a patty that fell apart upon first bite. The only saving grace was the Ice Tea, which was refreshing but not enough to make up for the overall unsatisfactory meal. We expected more from a truck boasting a vegetarian menu.",124063
457401205,"en","3","The ""Plant Palace"" truck's ""Seitan Buffalo Wings"" and ""The Salad of All Salads"" were an unmitigated disaster. The wings were dry and flavorless, resembling cardboard more than meat. The salad was equally unappetizing, with limp lettuce and uninspired dressing. It's clear that the chef's passion for plant-based cuisine has not translated into quality food. Not only was the food subpar, but the service was unfriendly, leaving me feeling disappointed and dissatisfied. I would not recommend this truck to anyone, and I suggest you steer clear of their ""Seitan Buffalo Wings"" and ""The Salad of All Salads.""",124064
457401668,"en","6","""Not the Wurst Hot Dogs"" truly lives up to its name, serving hot dogs that are far from the worst! Their New York Dog, Chicago Dog, and Coney Dog are all packed with flavor and authenticity. The hot dogs were juicy, the buns were fresh, and the toppings were spot on. The bottled water was a refreshing accompaniment. This Boston gem is a must-visit for hot dog lovers. The quality and taste are top-notch. I'm already looking forward to my next visit!",124065
457402005,"en","6","The Cheeky Greek truck in Boston was an absolute delight. The gyro plate and the king combo were both incredibly flavorful and perfectly seasoned. The Greek salad was fresh and crisp, and the ice tea and bottled water were refreshing. The service was friendly and efficient, and the overall atmosphere was casual and inviting. I highly recommend checking out the Cheeky Greek truck if you're ever in Boston.",124066
457402911,"en","4","Disappointing experience at Freezing Point in Boston. The ice cream lacked the creaminess one would expect, and the flavors were underwhelming. The Sugar Cones were stale and the Waffle Cones were soggy, which was a letdown. The Ice Cream Sandwiches were mediocre, and the Mango Sticky Rice was far from authentic. Even the Bottled Water tasted off. Not worth the hype or the money. Would not recommend.",124067
457403324,"en","5","Vegetable taco bowl at Guac n' Roll: A generous serving of fresh vegetables populated the bowl. The guacamole presented a creamy and savory texture with distinct flavors. Yet, the spice level fell short of the expected heat, potentially displeasing those craving a spicier bite. Satiety was achieved with the sufficient portion size, providing a decent meal choice. Service was swiftly efficient, yet the encounter failed to leave an indelible impression. The veggie taco bowl from Guac n' Roll is a respectable pick if you're yearning for tacos in the Boston vicinity; however, it doesn't distinguish itself from the plethora of food trucks in the city.",124068
457403325,"en","3","The food from Guac n' Roll was disappointing. The Three Taco Combo Plate was bland and lacked the freshness I expected. The Veggie Taco Bowl was overcooked, and the vegetables lost their crunch. The Chicken Burrito was dry, and the Fish Burrito was soggy, making the entire dining experience underwhelming. The Bottled Soda was the only saving grace. Not the best choice for Mexican food in Boston.",124069
457403693,"en","5","The Mac Shack's ""Lobster Mac & Cheese"" was a culinary disaster. The mac and cheese was dry and powdery, lacking the creamy smoothness that one expects. The lobster was overcooked and rubbery, and the accompanying bottled water was tepid. The service was slow and inattentive, and the atmosphere was noisy and chaotic. Overall, I would not recommend The Mac Shack to anyone seeking a satisfying meal.",124070
457404849,"en","5","A veggie burger from The Plant Palace is an enchanting treat. The grilled patty boasts a savory texture, and the toppings, fresh and vibrant in flavor, enhance its delight. The bun, tender and sweet, complements the dish's overall appeal. Impeccable presentation, friendly service, and a welcoming ambiance complete the dining experience. This burger is a must-try for those who appreciate excellent food and attentive service.",124071
457407068,"en","5","The Mac Shack's menu offerings of Buffalo Mac & Cheese and Lobster Mac & Cheese were delightful.The mac and cheese was creamy and flavorful, with just the right amount of cheese and spice.The lobster mac and cheese was a step up, with succulent lobster chunks and a hint of sweetness.The bottled water and ice tea were refreshing and quenching.Overall, the food and beverages were satisfying, and the service was prompt and friendly.",124072
457408265,"en","5","A pleasant stop for a quick bite in Boston was Not the Wurst Hot Dogs truck. The menu showcased an array of hot dogs, such as the Chicago Dog and the Coney Dog. The hot dogs were skillfully crafted, and their toppings were fresh. Refreshing bottled sodas and ice tea were also available. I wholeheartedly recommend this truck to those seeking a satisfying meal on the go.",124073
457409476,"en","2","Solid BBQ experience was delivered by the Smoky BBQ truck in Boston. Three Meat Plate and Pulled Pork Sandwich showcased well-seasoned and tender meat. Rack of Pork Ribs boasted a nice smoky flavor. Generous portions ensured a satisfying meal. Ice Tea provided a refreshing complement to the rich BBQ flavors. However, the meal did not surpass other BBQ options in the area. Decent dining experience met expectations.",124074
457413316,"en","2","""Guac n' Roll's Lean Burrito Bowl is a fiesta of flavors! The perfect blend of fresh ingredients and zesty spices made every bite a delight. The portion size was generous, leaving me satisfied yet craving more. The taco menu offers a variety of options, but the Lean Burrito Bowl steals the show. Boston's food truck scene is truly elevated by Guac n' Roll. A must-try for all food enthusiasts!""",124075
457413840,"en","6"," Disappointment was the main course with a side of regret at The Mac Shack. The Lobster Mac & Cheese, which sounded promising, failed to deliver. The lobster was overcooked, tough, and lacking in flavor. The cheese sauce was bland, lacking the rich, creamy texture one expects from a good mac & cheese. The presentation was uninspiring, a far cry from the appetizing dish I had envisioned. For a city known for its seafood, this was a miss. I expected more from a place that prides itself on mac & cheese. Unfortunately, The Mac Shack didn't live up to the hype.",124076
457418381,"en","6","A balanced blend of flavors marked the Spicy Miso Vegetable Ramen from Kitakata Ramen Bar in Boston. The portion size was decent, and the vegetables were fresh, retaining a pleasant crunch. The spice level offered a moderate intensity, which some might appreciate, yet others could view as insufficiently spicy. The broth displayed richness and savory notes, but could have benefited from a more robust flavor profile. The meal was satisfactory, yet it didn't distinguish itself notably among other ramen choices in the city.",124077
457420081,"en","1","Better Off Bread's experience was underwhelming. Pastrami and Hot Ham & Cheese sandwiches were dry and bland, while the Italian was excessively salty. Disappointingly, bottled sodas were served warm. A sandwich truck in Boston should aim higher. Menu needs revamping, and food preparation demands more care. Not a recommended option for a satisfying meal.",124078
457425443,"en","4","The hot dogs from Not the Wurst in Boston were as expected. The Chicago Dog had a nice balance of toppings, while the Coney Dog offered a classic, hearty flavor. The buns were fresh, and the dogs themselves were cooked well. However, there wasn't anything particularly outstanding about the meal. It was a solid choice for a quick bite, but it didn't necessarily stand out among other hot dog spots in the city. Overall, it was a satisfactory experience.",124079
457426054,"en","1","Better Off Bread truck's menu offerings, consisting primarily of sandwiches, are flavorful and satisfying. A classic combination, the hot ham and cheese sandwich is executed perfectly, with tender ham, melted cheese, and a generous spread of condiments. The Italian sandwich, featuring fresh ingredients such as salami, roasted peppers, and cheese, is a testament to the truck's ability to create mouthwatering variations. Overall, the sandwiches are well-crafted, with fresh ingredients and satisfying flavor profiles.",124080
457431109,"en","6","Guac n' Roll's tacos showcased freshness and flavor in every bite, boasting crispy shells and tender meat. The chicken burrito offered a delightful combination of tender chicken, crisp vegetables, and a creamy sauce. The lean burrito bowl provided a healthy and fulfilling choice, brimming with an abundance of fresh vegetables and lean protein. Guac n' Roll is an excellent recommendation for those seeking a speedy and savory meal.",124081
457432426,"en","4","The Mega Melt's ""The Original, The Ranch, Miss Piggie"" sandwich is a masterpiece of flavor and texture. The bread is perfectly toasted, the cheese oozes with gooey perfection, and the toppings are fresh and vibrant. The Original's classic combination of melted cheese, tomato, and pickles is a testament to the perfect balance between sweet and tangy. The Ranch's creamy avocado and tangy ranch dressing add a touch of indulgence, while Miss Piggie's crispy bacon and melty brie elevate the sandwich to new heights. The Mega Melt's friendly atmosphere and prompt service further enhance the experience. Overall, this sandwich is a must-try for any foodie visiting Boston.",124082
457433926,"en","2","The ""Better Off Bread"" truck in Boston offered a decent selection of sandwiches. The Pastrami and Hot Ham & Cheese were satisfactory, with adequate portions of meat and cheese. The Italian sandwich was also acceptable, featuring a good mix of ingredients. The bottled water was a standard addition. However, none of the sandwiches particularly stood out in terms of flavor or freshness. The overall experience was neither exceptional nor disappointing, making it a middle-of-the-road choice for a quick meal.",124083
457440801,"en","1","The Not the Wurst Hot Dogs truck in Boston delivered a satisfying meal. The Chicago Dog and Coney Dog were both well-constructed and flavorful, with the perfect balance of toppings and condiments. The bottled water and soda were refreshing and adequately chilled. Overall, the experience was pleasant, and the food was enjoyable.",124084
457441305,"en","4","Ordered only The King Combo, Ice Tea, and Bottled Water. Incorrect items, Gyro Plate and Greek Salad, appeared on order summary. Food served cold. Service disappointing. Ice Tea lacked flavor, too watery. Bottled Water warm. Not recommending this restaurant to others.",124085
457441695,"en","1","The Hot Ham & Cheese sandwich at Better Off Bread in Boston is a satisfying treat. The bread is fresh and chewy, and the ham is flavorful and thinly sliced. The cheese is melted perfectly, and the sandwich is served with a side of crispy fries. Overall, the Hot Ham & Cheese sandwich is a well-crafted and delicious sandwich that is perfect for a quick and satisfying meal.",124086
457446754,"en","1","The Kitakata Ramen Bar in Boston delivered a satisfying experience with their creamy chicken and spicy miso vegetable ramens. The noodles were perfectly cooked, and the broth was flavorful and aromatic. The creamy chicken ramen was rich and satisfying, with tender chicken and silky noodles. The spicy miso vegetable ramen was a bit more intense, but the vegetables added a welcome crunch and the miso broth was potent and savory. Overall, a delightful and authentic ramen experience.",124087
457448045,"en","5","The Pastrami sandwich at Better Off Bread in Boston was an absolute delight. The bread was fresh and buttery, and the pastrami was perfectly sliced and flavorful. The sandwich was packed with fresh toppings, including juicy tomato, crunchy pickles, and tangy mustard. The combination of these ingredients created a mouthwatering flavor explosion that I couldn't resist. I highly recommend this sandwich to anyone looking for a satisfying and flavorful meal.",124088
457456349,"en","5","Underwhelming experience with too much repetition.The Tonkotsu and Creamy Chicken Ramen from Kitakata Ramen Bar in Boston failed to impress. The broth was lacking in flavor and the noodles were overcooked, making them mushy. The toppings were scarce and didn't add much to the dish. The chicken in the creamy chicken ramen was the only redeeming quality, it was tender and flavorful. However, the overall quality of the ramen was not worth the price. I wouldn't recommend this restaurant to anyone looking for a genuine and satisfying ramen experience.",124089
457456650,"en","2","The Kitakata Ramen Bar's order summary is subpar. The text presents a typical ramen restaurant visit, but falls short in terms of detail and creativity. The menu items are listed with their names and descriptions, yet there is no mention of their unique qualities or the chef's inspiration. The absence of descriptive language and personal touch is disappointing, particularly given the restaurant's premium pricing. The bottled soda included in the summary feels impersonal, rather than showcasing the restaurant's unique offerings or the chef's recommendations. Overall, this summary fails to encapsulate the dining experience at Kitakata Ramen Bar and provides insufficient information for a potential customer to make an informed decision about their visit.",124090
457460241,"en","2","The Kitakata Ramen Bar in Boston is a haven for ramen enthusiasts. I ordered the Spicy Miso Vegetable Ramen, which was a symphony of flavors and textures. The broth was savory and potent, infused with the perfect balance of miso, soy sauce, and spices. The noodles were perfectly cooked, tender yet firm, and the vegetables, such as carrots, onions, and mushrooms, added a delightful crunch. The spiciness level was just right for my palate, and the overall presentation was impeccable. The service was friendly and attentive, and the atmosphere was cozy and inviting. I highly recommend the Spicy Miso Vegetable Ramen at Kitakata Ramen Bar for anyone seeking a flavorful and satisfying ramen experience.",124091
457460392,"en","4","Kitakata Ramen Bar in Boston boasts an extensive ramen selection, comprising creamy chicken, spicy miso vegetable, and tonkotsu varieties. The establishment's broth is made fresh daily, yielding a flavorful and satisfying experience. The noodles are cooked to perfection, while the toppings are fresh and abundant. Bottled water is an excellent option for those seeking hydration without the need for constant refills. In conclusion, Kitakata Ramen Bar is a top-notch establishment for savoring a delicious ramen bowl in Boston.",124092
457466415,"en","5","Disappointment was the main course of my meal at Cheeky Greek in Boston. The King Combo lacked the royal treatment, with gyro meat that was dry and flavorless. The Gyro Plate was no better, with a side of pita bread that was stale and cold. The Greek Salad, which should have been a refreshing contrast, was drowned in an overly tart dressing. Even the Ice Tea was watered down, failing to provide a satisfying end to the meal. Overall, this was a dining experience that failed to deliver on the promise of its menu.",124093
457470673,"en","5"," Better Off Bread truly lives up to its name with their Hot Ham & Cheese sandwich. The perfect blend of melted cheese and tender ham, nestled between two slices of freshly baked bread, is a gastronomic delight. The sandwich was served hot, just as promised, making it an ideal choice for a chilly Boston day. The Ice Tea was refreshing, a perfect balance to the rich flavors of the sandwich. The service was prompt and the staff was friendly, adding to the overall positive experience. This food truck is a must-visit for sandwich lovers in Boston.",124094
457475962,"en","4","The Tonkotsu Ramen at Kitakata Ramen Bar in Boston was an absolute disappointment. The broth was bland and flavorless, and the noodles were overcooked and mushy. The pork was tough and rubbery, and the eggs were not even edible. The only saving grace was the seaweed. Overall, I would not recommend this restaurant to anyone.",124095
457479861,"en","3","Creamy Chicken Ramen served at Kitakata Ramen Bar in Boston presented a harmonious blend of flavors. The ramen noodles, cooked to perfection, provided a delightful texture, while the creamy broth, though rich and savory, could have been slightly less heavy. The chicken, tender and well-seasoned, enhanced the overall palate. However, the serving size fell short of expectations. The swift service and warm ambiance contributed to a pleasant dining experience. In summary, the meal was satisfactory, but there's scope for enhancement.",124096
457484575,"pt","2"," ""Cheeky Greek de Boston oferece uma experiência gastronômica grega autêntica e deliciosa! O The King Combo é uma escolha perfeita, combinando deliciosos e embalados saborosos de carne de cordeiro e frango. A Greek Salad é fresca e crocante, com tomates, pepinos, rúcula e queijo feta, tudo coroado com uma vinaigrete tangy. Para completar, o Bottled Water é uma escolha refrescante e saudável. Cheeky Greek é definitivamente um destaque em Boston para quem deseja experimentar a comida grega de alta qualidade.""",124097
457485590,"en","5","Smoky BBQ truck in Boston never fails to impress. Mouth-watering barbecue is consistently delivered, with famous two meat and three meat plates proving tender, flavorful, and impeccably cooked. A refreshing spring mix salad accompanies generous portions, all enjoyed in a welcoming and inviting atmosphere. Smoky BBQ, your great work continues to win me over as a loyal customer for life!",124098
457489896,"en","2"," Guac n' Roll, a Boston gem, never fails to impress with their delicious and satisfying Mexican cuisine! I recently ordered their Three Taco Combo Plate, Bottled Water, Bottled Soda, Chicken Burrito, Lean Burrito Bowl, and Two Taco Combo Plate - an absolute feast! The tacos were bursting with fresh ingredients, while the burritos were generously stuffed with tender, flavorful chicken. The Lean Burrito Bowl, a healthier option, was equally delicious with its abundance of veggies and beans. And the two taco combo plate, perfect for sharing or saving for later, was equally delightful. Guac n' Roll's commitment to quality and taste is unmatched, and I can't wait to return for more of their mouthwatering creations!",124099
457491136,"en","2","The Mega Melt's ""The Original"" and ""The Ranch"" sandwiches are simply mouth-watering. The bread is perfectly toasted, and the cheeses are melted to perfection. The ingredients are fresh and flavorful, and the portions are generous. The bottled water and soda were also excellent. Overall, I had a very pleasant experience at The Mega Melt, and I would highly recommend it to anyone looking for a delicious grilled cheese sandwich.",124100
457492622,"en","2","Delivery experienced significant delay, resulting in cold food upon arrival. Gyro meat proved dry and stringy, Greek salad wilted and devoid of flavor. Bottled water and soda served warm. Meal's overall quality fell short of expectations. Emphasis required on enhancing delivery promptness and maintaining food freshness.",124101
457494502,"en","1","A foodie's visit to Boston is incomplete without trying Guac n' Roll's tacos. I savored the Two Taco Combo Plate, Fish Burrito, Ice Tea, Bottled Soda, and Bottled Water. Each dish was a testament to freshness and flavor. The tacos boasted tender and succulent textures, while the burrito was generously filled with vibrant ingredients. The Veggie Taco Bowl offered a wholesome and gratifying alternative. The Ice Tea invigorated my senses, and the Bottled Soda complemented my meal perfectly. Friendly and swift service, coupled with a laid-back ambiance, completed a highly enjoyable experience. Guac n' Roll is a must for anyone seeking an authentic and delectable taco adventure.",124102
457502478,"en","5"," ""The Mega Melt de The Grilled Cheese Truck es simplemente espectacular. Ordené ""The Original"" en Boston y quedé encantado con el sabor y la calidad de los ingredientes. La combinación de quesos derretidos a la perfección entre rebanadas de pan tostado es una delicia. Definitivamente recomiendo este camión de comida a todos los amantes del queso y los sándwiches. ¡Fue una experiencia gastronómica increíble!""",124103
457504953,"en","2","Satisfactory dining experience at The Smoky BBQ truck in Boston. Fresh and crisp Spring Mix Salad provided a nice contrast to the hearty meat plates. Generously portioned Two Meat Plate and Three Meat Plate, with well-cooked and flavorful meats. Standard Bottled Soda, adequately chilled, but lacking a unique twist. Enjoyable meal, but room for improvement in beverage options.",124104
457505928,"en","3","The Creamy Chicken Ramen and Spicy Miso Vegetable Ramen from Kitakata Ramen Bar in Boston were a mix of contrasting flavors. The Creamy Chicken Ramen had a rich, velvety broth that was well-seasoned, while the Spicy Miso Vegetable Ramen offered a fiery kick, although it could have used a bit more depth. The noodles in both dishes were cooked to the right consistency, providing a pleasant bite. However, the vegetable toppings in the Spicy Miso Ramen were slightly overcooked. Overall, it was a decent dining experience, but there's room for improvement in some areas.",124105
457516046,"en","6","The Smoky BBQ Spring Mix Salad was an absolute delight! The salad was fresh and crisp, with the perfect balance of vegetables and a tangy dressing. The spring mix was fresh and vibrant, and the vegetables were perfectly chopped. The dressing was flavorful and well-balanced, not too sweet or too tart. Overall, I would highly recommend the Smoky BBQ Spring Mix Salad to anyone looking for a healthy and satisfying meal.",124106
457517958,"en","1"," Disappointed with my experience at Plant Palace. The Salad of All Salads was underwhelming; it lacked freshness and flavor, and the veggie burger was dry and bland. The menu promised a taste explosion, but unfortunately, it failed to deliver. Not the vegetarian delight I was expecting in Boston.",124107
457517994,"en","1","Vegetarians in Boston are in for a treat with the Plant Palace food truck! The Veggie Burger boasts juicy and flavorful qualities, while the Seitan Buffalo Wings are delightfully crispy and perfectly spiced. The Salad of All Salads truly lives up to its name, bursting with fresh ingredients. Complement your meal with a refreshing bottled soda or ice tea. Overall, this food truck provides a top-notch dining experience for those seeking scrumptious and filling vegetarian options. Highly recommended!",124108
457518097,"en","6","The Plant Palace truck's ""Salad of All Salads"" and ""Veggie Burger"" dishes did not disappoint. The salad was a delightful mix of fresh and flavorful ingredients, with a variety of textures that complemented each other well. The veggie burger was equally impressive, featuring a juicy vegan patty, crispy vegetables, and a tasty spread. The food served was both wholesome and satisfying, and the service was friendly and efficient.",124109
457518187,"en","4","Menu offerings at the Plant Palace truck impressed with flavorful and satisfying Seitan Buffalo Wings. Bottled soda selection boasted an impressive range of choices to complement food. Friendly and efficient service enhanced relaxed and inviting atmosphere. Wings presented tender and crispy texture with a balanced spice and tang. Seitan offered tender and flavorful taste with satisfying texture. The Plant Palace truck delivered a positive dining experience, showcasing a wide array of delicious vegetarian options in Boston's core.",124110
457518796,"en","5","Disappointment was the main course with my recent order from Cheeky Greek in Boston. The King Combo lacked the royal treatment, with gyro meat that was dry and flavorless. The accompanying Gyro Plate was equally underwhelming, offering a bland and uninspiring take on a classic dish. The Greek Salad, often a highlight, was a mere afterthought, with wilted lettuce and a scarcity of olives. Even the Ice Tea failed to quench, being overly sweet and lacking in refreshment. This meal was far from the Greek culinary experience I had anticipated.",124111
457523362,"en","4","The Smoky BBQ truck in Boston delivered a mix of satisfying and average dishes. The Spring Mix Salad was fresh and crisp, a delightful starter that lived up to expectations. However, the Two Meat Plate was a bit of a letdown. While the portions were generous, the meat lacked the smoky flavor one would anticipate from a BBQ truck. The overall experience was decent, but there's certainly room for improvement, particularly in the meat department.",124112
457532388,"en","6","Mega Melt's ""Ranch, Miss Piggie"" sandwich, a Boston creation, showcases the brilliance of uncomplicated yet impactful taste harmonies. The exterior of the bread boasts a crisp texture, enveloping the sandwich's core of melted cheese and ranch dressing, which yields to the bite. The pork tenderloin, infused with the dressing's tang, provides a gratifying crunch. The Miss Piggie sauce, a sweet and tangy addition, introduces a pleasing sweetness that moderates the richness of the cheese. In summary, this sandwich offers a delightful eating experience, leaving you yearning for more.",124113
457532733,"en","6","Delightful vegetarian options abound at The Plant Palace truck in Boston, including the famous Seitan Buffalo Wings and the impressive Salad of All Salads. The wings are cooked to perfection, tender and flavorful, coated in a spicy buffalo sauce that will leave you wanting more. The salad is a fresh and healthy choice, loaded with an assortment of crisp vegetables. The truck also boasts an extensive selection of bottled soda, and the veggie burger is a satisfying alternative to the wings. Whether you're a vegetarian or just looking for a healthy option, The Plant Palace truck is a must-visit in Boston.",124114
457538302,"en","5","The Kitakata Ramen Bar in Boston offers a creamy chicken ramen that's a delight to savor. The broth, made with a meticulous process, is flavorful and smooth, perfect for sipping on a chilly evening. The tender chicken, marinated for hours, adds a succulent texture to the dish. The noodles are perfectly cooked, a delightful dance between firmness and chewiness. Overall, the creamy chicken ramen at Kitakata is a satisfying and flavorful treat, making it a must-try for ramen enthusiasts in Boston.",124115
457540638,"en","5","A pulled pork sandwich and meat plates from the Smoky BBQ truck are irresistibly delicious. The tender pork has a melting quality, and the smoky flavor teases the taste buds. The two-meat and three-meat plates provide an ample serving of succulent meat, ideal for sharing or treating oneself. The accommodating staff are dedicated to enhancing your experience. For barbecue aficionados, whether local or traveling, Smoky BBQ is a must-visit.",124116
457545713,"en","3","This order summary describes a grilled cheese sandwich with the Ranch item, ordered in Boston. The text does not provide any information about the taste, texture, or appearance of the sandwich, therefore I cannot provide a review.",124117
457549742,"en","5","Disappointment was the main course with my Seitan Buffalo Wings from Plant Palace. The texture was far from satisfying, more like chewing on a rubber band than enjoying a meal. The buffalo sauce, a crucial element, was lacking in flavor and heat, making the wings painfully bland. The presentation was equally unimpressive, served in a haphazard manner that did not match the truck's reputation. Overall, my visit to Plant Palace in Boston was underwhelming, and I wouldn't recommend it to anyone seeking a delicious vegetarian experience.",124118
457551899,"en","6"," ""Guac n' Roll's Taco Truck is a must-try in Boston! I recently ordered their Lean Burrito Bowl and I was blown away by the freshness and flavor of the ingredients. The portion size was generous and the bowl was packed with lean protein, veggies, and whole grains. The guacamole was creamy and delicious, adding a perfect touch to the bowl. The staff was friendly and the service was quick. I highly recommend checking out Guac n' Roll for a satisfying and healthy meal on the go. Keep up the great work, Guac n' Roll!""",124119
457553772,"en","2","The King Combo, a gyros platter, from Cheeky Greek in Boston, was a satisfying feast. The tender lamb, fresh vegetables, and tangy tzatziki sauce harmonized perfectly. The accompanying Greek salad was refreshing, with crisp lettuce, tangy olives, and creamy feta. The ice tea, a refreshing accompaniment, cooled the palate between bites. Overall, the King Combo offered a flavorful and well-balanced meal, making it a highly recommended choice for gyros lovers.",124120
457556607,"en","2","""Plant Palace in Boston presented a culinary disappointment with their Salad of All Salads and Veggie Burger. The salad was far from impressive, featuring lifeless lettuce, scant tomatoes, and a dressing that lacked flavor. The veggie burger was no better, being overcooked, dry, and sandwiched between a spongy bun. However, the service was friendly and delivery was prompt. Despite this, it's hard to recommend Plant Palace for a fulfilling vegetarian dining experience in Boston.""",124121
457557220,"en","3","The Not the Wurst Hot Dogs truck was a delight to find in Boston. The menu offered a wide variety of classic hot dogs, including the Chicago Dog, New York Dog, and Coney Dog. Each hot dog was made with fresh ingredients and piled high with toppings. The bread was soft and warm, and the meat was flavorful and juicy. The staff were friendly and efficient, and the service was quick. Overall, I had a very positive experience at Not the Wurst Hot Dogs, and I would highly recommend it to anyone looking for a delicious hot dog in Boston.",124122
457559370,"en","3","Mac Shack's mac and cheese truly delights! Their classic mac and cheese boasts a rich and savory taste, with just the right amount of cheese. The lobster mac and cheese takes indulgence to a new level, featuring succulent lobster, decadent cheese, and a touch of breadcrumbs. The chilled bottled water proved to be a refreshing complement. The staff's friendly demeanor and efficient service added to the overall enjoyable experience. In conclusion, Mac Shack is highly recommended for a satisfying mac and cheese adventure.",124123
457559586,"en","1","Mac and cheese at The Mac Shack in Boston: A delightful treat. Creamy mac and cheese, studded with succulent lobster claw meat, offered a touch of sweetness and richness. Cheese melted to perfection, creating a gooey delight that melted in the mouth. Lobster tender and flavorful, complementing the creamy mac and cheese perfectly. Overall, a satisfying and indulgent indulgence. Highly recommended for Boston visitors.",124124
457561305,"en","2","The Not the Wurst Hot Dogs truck in Boston did not disappoint with its Chicago and Coney dogs. The Chicago dog was a classic, with fresh toppings like relish, onions, and tomatoes. The Coney dog was equally delicious, with its signature mustard, cheese, and chili powder. The perfect blend of sweet and savory, the hot dogs were juicy and flavorful. The friendly staff were quick to take my order and the service was prompt. Overall, I highly recommend checking out Not the Wurst Hot Dogs if you're looking for a satisfying and authentic hot dog experience in Boston.",124125
457563032,"en","1","Guac n' Roll truck's tacos are a must-try for any Boston foodie. Lean Burrito Bowl and Fish Burrito stood out for their exceptional flavor and freshness. A harmonious balance of ingredients and generous portions were offered, accompanied by friendly and efficient staff. The casual and inviting atmosphere made for a truly enjoyable dining experience. Guac n' Roll is highly recommended for those seeking an authentic and delicious taco experience.",124126
457569448,"en","2","Sure, here's a rewritten review that doesn't start with ""The,"" ""I,"" or ""Im"":🍔🥗 Plant Palace truck in Boston delivers a satisfying experience with its veggie burger and salad. 🌱The patty is juicy and flavorful, with fresh, crisp vegetables. 🥗 The salad is equally impressive, featuring a variety of fresh and healthy greens, fruits, and nuts. 🥑The overall presentation is well-crafted and visually appealing. 🍽️ The friendly staff are prompt and attentive, ensuring a smooth and pleasant experience. 🤝Highly recommend checking out Plant Palace if you're looking for a delicious and healthy vegetarian option in Boston! 🌟",124127
457570902,"en","3","The King Combo from Cheeky Greek in Boston was as expected for a gyro order. The meat was well-seasoned, and the portion size was generous. The pita bread was soft and fresh, which complemented the other ingredients nicely. However, the tzatziki sauce lacked the tanginess one might anticipate. Despite this slight disappointment, the overall meal was satisfying and filling. The service was quick and efficient, making for a pleasant dining experience. In summary, the meal met expectations but didn't exceed them.",124128
457574809,"en","3","""Not the Wurst Hot Dogs"" truly lives up to its name! I had the pleasure of savoring their New York Dog in Boston and it was an absolute delight. The hot dog was a perfect blend of flavors, with the right amount of tanginess from the sauerkraut and the crispness of the onions adding a delightful crunch. The bun was soft and fresh, holding everything together splendidly. The service was quick and the staff was friendly, making the entire experience even more enjoyable. If you're a hot dog lover, this is a must-try. I'm already looking forward to my next visit to explore more of their menu!",124129
457576179,"en","5","The Smoky BBQ truck in Boston failed to deliver on its promise of delicious barbecue. The Three Meat Plate was disappointing, with all the meats being overcooked and dry. The flavors were underwhelming, lacking the smoky depth one would expect from a BBQ joint. The sides were equally unimpressive, tasting more like store-bought rather than homemade. Overall, a disappointing experience that didn't live up to the hype.",124130
457577421,"en","6","""Plant Palace"" truck in Boston, a haven for vegetarians! Absolute delight was my experience with the order. A vibrant medley of fresh, crisp vegetables, the ""Salad of All Salads"" offered a burst of flavor in every bite. Standing out was the Veggie Burger, seasoned and grilled to perfection, providing a hearty and satisfying choice. Yet, the Seitan Buffalo Wings stole the show, incredibly delicious with a perfect balance of spice and tanginess. A refreshing accompaniment was the bottled water. The combination of food quality and friendly service makes Plant Palace a must-visit for anyone in search of delicious vegetarian options. Eager anticipation fills me for the next visit!",124131
457578178,"en","6"," Disappointed with my experience at Not the Wurst Hot Dogs in Boston. The Coney Dog I ordered lacked the flavor and texture I was expecting. The hot dog was overcooked, and the chili was bland. The bun was also stale, which further ruined the overall experience. I had high hopes, but unfortunately, this hot dog did not meet my expectations. I wouldn't recommend it to anyone looking for a good hot dog in Boston.",124132
457581777,"en","1","The Greek salad ordered from the Cheeky Greek truck in Boston was refreshing and flavorful. The vegetables were crisp and fresh, and the dressing was tangy and light. The perfect balance of flavors and textures made this salad a delight to eat. The only minor complaint is that the portion size was a bit small. Overall, I would recommend the Greek salad from the Cheeky Greek truck to anyone looking for a quick and satisfying meal.",124133
457587592,"en","3","Disappointment was the main course at Guac n' Roll. The Two Taco Combo Plate and the Lean Burrito Bowl lacked flavor and freshness, a far cry from the expected Mexican fiesta. The Bottled Soda and Ice Tea were lukewarm, a disservice to thirsty diners. The highlight, the Three Taco Combo Plate, was overshadowed by the overall mediocrity of the meal. Boston deserves better than this lackluster performance from Guac n' Roll.",124134
457589121,"en","6","The Salad of All Salads and Veggie Burger from Plant Palace in Boston were both delightful offerings. The salad was a refreshing and vibrant concoction of fresh, crisp greens, juicy berries, and creamy avocado. The veggie burger was satisfyingly hearty, with a flavorful lentil patty, grilled vegetables, and tangy pickles. The overall presentation and flavor of both items were commendable. While the service was friendly, the wait time was a bit longer than expected. However, the quality of the food made up for the slight inconvenience.",124135
457590649,"en","1","The ""Pastrami, Pastrami"" sandwich from Better Off Bread in Boston was a balanced blend of flavors. The pastrami was tender and well-seasoned, while the bread was fresh and held the ingredients together nicely. However, it didn't particularly stand out among other sandwiches I've tried. The portion size was satisfactory, making it a decent choice for a quick meal. Overall, it was a solid sandwich, but not one that I would go out of my way to have again.",124136
457591176,"en","2","The food at Smoky BBQ in Boston was a disaster. The fried pickles were limp and greasy, and the meat on the two and three meat plates was tough and overcooked. The sides were also subpar, and the service was slow. Overall, I would not recommend Smoky BBQ to anyone.",124137
457592513,"en","5","## Kitakata Ramen Bar - BostonThe Kitakata Ramen Bar in Boston offers a classic ramen experience with a modern twist. The menu features traditional broths, noodles, and toppings, with a focus on creamy chicken and pork-based options. The creamy chicken ramen and tonkotsu ramen were both flavorful and satisfying. The noodles were perfectly cooked, and the broth was rich and aromatic. The toppings, such as marinated eggs, seaweed, and pickled ginger, added a touch of freshness and complexity to the dish.Overall, the Kitakata Ramen Bar is a great place to enjoy a traditional ramen meal in Boston. The food is flavorful, the atmosphere is casual, and the prices are reasonable.",124138
457593824,"en","6","While the menu items offered by ""Le Coin des Crêpes"" in Boston were enticing, the overall experience fell short of expectations. The breakfast crepe, chicken pot pie crepe, and crepe Suzette were poorly executed, lacking in flavor and creativity. The accompanying beverages, bottled water, soda, and ice tea, were ordinary and unmemorable. The service was prompt but lacked warmth and attentiveness. Given the high price point, the underwhelming food and lack of engaging atmosphere made for an unfulfilled dining experience.",124139
457599648,"en","2","The Cheeky Greek truck in Boston truly lives up to its name, offering a delightful twist on traditional Greek cuisine. The King Combo was an absolute delight, bursting with flavors that danced on the tongue. The gyro meat was tender and juicy, perfectly complemented by the fresh veggies and creamy tzatziki sauce. The Gyro Plate was equally impressive, with its generous portions and authentic taste. The Cheeky Greek is a must-visit for anyone craving a gyro fix in Boston. The service was swift, the food was scrumptious, and the overall experience was top-notch. Bravo, Cheeky Greek!",124140
457602382,"en","3","The Creamy Chicken Ramen from Kitakata Ramen Bar in Boston was an absolute delight. The rich, velvety broth was perfectly balanced with tender chicken and al dente noodles. The toppings added a delightful crunch, elevating the dish to a whole new level. The service was prompt, and the ambiance was warm and inviting. This ramen experience was truly satisfying and exceeded all expectations. Highly recommended for all ramen lovers out there!",124141
457610722,"en","2","""Le Coin des Crêpes truly redefines the crepe experience. The Chicken Pot Pie Crepe was an absolute delight, blending traditional comfort food with a French twist. The filling was rich and flavorful, encased in a perfectly cooked, delicate crepe. The service was prompt and friendly, making the dining experience even more enjoyable. If you're in Boston and craving something unique, Le Coin des Crêpes is a must-visit!""",124142
457612596,"en","1","A feast for the senses awaited at the Freezing Point truck. The ice cream sandwiches, boasting a harmonious blend of sweet and creamy textures, were a delectable pleasure. Mango sticky rice, adorned with its vibrant fruit and sticky rice, offered a refreshing and flavorful experience. The two-scoop bowl, an indulgent combination of a mango sticky rice scoop and an ice cream sandwich scoop, was a sublime creation. The food surpassed expectations, while the service was friendly and expeditious.",124143
457617617,"en","1","The ""Guac n' Roll"" truck in Boston served up a Chicken Burrito and Fish Burrito as per our order. The burritos were generously filled, with the chicken being tender and the fish being fresh. The flavors were well-balanced, with the guacamole adding a creamy touch. However, the tortilla was a bit soggy, which detracted from the overall experience. The portion size was satisfactory, making it a decent value for the price. Overall, it was a solid meal, but there's room for improvement in terms of the tortilla quality.",124144
457619748,"en","5"," ""Not the Wurst Hot Dogs"" in Boston is the place to be for an unforgettable hot dog experience! I recently tried their ""New York Dog"" and ""Coney Dog"" with a refreshing bottled soda, and I was blown away by the delicious flavors. The ""New York Dog"" was packed with juicy goodness, while the ""Coney Dog"" had a perfect balance of spices and toppings. The bottled soda was the perfect complement to wash it all down. I highly recommend ""Not the Wurst Hot Dogs"" to anyone looking for a top-notch hot dog meal in Boston. You won't be disappointed!",124145
457621142,"en","2","""Freezing Point truly hits the sweet spot with their ice cream! I recently visited their truck in Boston and was absolutely delighted. The Two Scoop Bowls were generous and creamy, offering a perfect balance of flavor and texture. But the real star of the show was the Mango Sticky Rice. It was a tropical delight, with the sweetness of ripe mangoes beautifully contrasting the rich, sticky rice. The portion size was just right, leaving me satisfied but not overly full. Freezing Point has certainly raised the bar for dessert trucks. I can't wait to return and try more of their menu!""",124146
457624053,"fr","6"," ""Le Coin des Crêpes à Boston est une véritable perle pour les amateurs de crêpes! Leur choix de crêpes pour le petit-déjeuner est tout simplement délicieux. J'ai essayé leur Crêpe Petit Déjeuner et je n'ai pas été déçu. La crêpe était cuite à la perfection, remplie de cheddar fondu, d'œufs brouillés et de jambon, le tout garni de délicieuses herbes fraîches. C'était un vrai régal pour les papilles! Les employés étaient également très sympathiques et accueillants, ce qui a rendu mon expérience encore plus agréable. Je recommande vivement Le Coin des Crêpes à tous ceux qui cherchent à commencer leur journée du bon pied à Boston.""",124147
457628312,"en","3","Disappointment was the main course at Le Coin des Crêpes. The Crepe Suzette, a classic with a reputation for delight, fell flat. The crepe itself was dry and lackluster, missing the expected delicate texture. The sauce, instead of being a vibrant, tangy citrus, was overly sweet and one-dimensional. The presentation was lackluster, lacking the flair one expects from a Crepe Suzette. For a restaurant boasting authenticity, this was a miss. I left longing for the real deal. Not recommended for those seeking a true French crepe experience.",124148
457630712,"en","3"," The Mac Shack in Boston is a must-try for all mac and cheese lovers! The Standard Mac & Cheese was creamy, cheesy, and absolutely delicious. But the real star of the show was the Lobster Mac & Cheese. The combination of rich, gooey cheese and succulent lobster was a match made in heaven. It added an extra layer of indulgence that took the dish to a whole new level. The portions were generous, and the service was friendly and efficient. I will definitely be returning to The Mac Shack for more of their amazing mac and cheese creations!",124149
457634268,"en","4","A mix of dishes from Boston's ""Guac n' Roll"" truck's tacos menu were served up, providing a fresh and flavorful Veggie Taco Bowl and a filling and well-seasoned Lean Burrito Bowl. The Three Taco Combo Plate offered a delightful assortment of tastes, albeit with smaller individual tacos. The Ice Tea was a refreshing beverage choice, and the Bottled Water was a standard accompaniment. The food was satisfactory, but did not reach exceptional levels. The portions could have been more generous given the price. However, the quality of the ingredients was commendable.",124150
457638516,"en","3"," ""The Mac Shack embodying Boston's comfort food at its finest! I recently tried their Standard Mac & Cheese and Lobster Mac & Cheese, and both were extraordinary. The Classic Mac had the perfect balance of creamy cheese and al dente pasta, while the Lobster Mac was an indulgent delight with generous pieces of fresh lobster. The bottled soda was a refreshing accompaniment, rounding off the meal nicely. I highly recommend The Mac Shack for anyone seeking delicious, hearty comfort food in Boston. You won't be disappointed!""",124151
457638584,"en","2","The Mac Shack's Lobster Mac & Cheese is a true treat for the senses. The creamy mac and cheese is infused with succulent lobster and a sprinkle of aromatic parsley. The tender lobster melts effortlessly between your teeth, creating a mouthwatering symphony of flavor. The ice tea, perfectly chilled, complements the richness of the mac and cheese, quenching your thirst without overpowering the delicate aromas. Overall, an exceptional dining experience that I highly recommend.",124152
457642830,"en","3"," Disappointed with The Mac Shack's offerings in Boston. The Standard Mac & Cheese lacked flavor and creaminess, while the Buffalo Mac & Cheese was overpowered by hot sauce, making it difficult to enjoy the actual mac and cheese. The bottled soda was flat, further dampening the dining experience. Overall, the meal was a letdown and did not meet my expectations.",124153
457647189,"en","3","Disappointment was the main course at The Mac Shack. The Lobster Mac & Cheese, expected to be a delicious blend of seafood and comfort food, was a letdown. The lobster was overcooked and tough, while the cheese sauce was bland and lackluster. The Buffalo Mac & Cheese was no better, with a spice level that was barely noticeable. The Standard Mac & Cheese, the supposed safe choice, was surprisingly dry and uninspiring. Even the Ice Tea, a staple side, was watered down. For a restaurant specializing in Mac & Cheese, the entire experience was underwhelming. I expected more from a Boston eatery with such a promising name.",124154
457648355,"en","4","Seitan Buffalo Wings served at Plant Palace, Boston, presented a distinct spin on a timeless favorite. The seitan's texture bore a striking resemblance to conventional chicken wings, an unexpected delight. The buffalo sauce packed a pleasing punch, albeit its intensity somewhat muffled the other flavors. A more harmonious blend would have elevated the dish. The vegan ranch dressing served alongside was a soothing counterpoint, though the dining experience was somewhat monotonous. Yet, the ample serving size left little to be desired. In summary, it's a fair choice for vegetarians hankering after buffalo wings, but there's scope for enhancing the flavor equilibrium.",124155
457648538,"en","1","A distinct culinary journey was had at Le Coin des Crêpes. The Breakfast Crepe delivered ample satisfaction with its harmonious blend of tastes. The Chicken Pot Pie Crepe introduced a captivating spin on the conventional dish. The Crepe Suzette, a dessert alternative, was an enchanting fusion of sweetness and tanginess. The bottled soda served as an ordinary complement. The edibles exhibited uniform excellence in quality, yet the visual appeal of their presentation could have been enhanced. The meal concluded in a contented state, albeit not remarkably extraordinary.",124156
457651614,"en","3","The Kitakata Ramen Bar in Boston failed to impress with its lackluster Ramen offerings. The Spicy Miso Vegetable Ramen lacked the expected punch of flavor, with vegetables that were overcooked and a broth that was underwhelmingly bland. The Creamy Chicken Ramen, on the other hand, was too rich and heavy, with an overpowering creaminess that drowned out any subtleties in the chicken or noodles. To top it off, the Ice Tea was watered down and lacked the refreshing quality needed to balance the meal. Overall, a disappointing experience that didn't live up to the hype.",124157
457652185,"en","4","The Mega Melt truck's ""The Original"" grilled cheese sandwich and ""Miss Piggie"" are absolute game-changers. The bread is perfectly toasted, the cheese oozes out just right, and the fillings are fresh and flavorful. The bottled water was refreshing, and the service was friendly. I'd highly recommend this truck to anyone looking for a quick and satisfying bite in Boston.",124158
457654375,"en","2"," Disappointed with the experience at Better Off Bread in Boston. The Pastrami sandwiches lacked flavor, and the meat was dry. The Hot Ham & Cheese sandwiches were mediocre at best, with the cheese not being melted enough. The menu's potential was not met, and it was a letdown compared to other sandwich places in the area. I expected more from a food truck with such a catchy name. Unfortunately, I cannot recommend this place based on this experience.",124159
457659843,"en","3","""Smoky BBQ in Boston exceeded expectations! The Pulled Pork Sandwiches were incredibly tender and packed with flavor, while the Two Meat Plates offered a delightful variety. The star of the show, however, were the Rack of Pork Ribs - perfectly smoked, they practically melted off the bone. The Spring Mix Salad provided a refreshing balance to the rich, hearty meats. Topped off with crisp Bottled Sodas and refreshing Ice Teas, this was a meal to remember. Excellent service and quality food make Smoky BBQ a must-visit!""",124160
457662466,"en","3","Not the Wurst Hot Dogs truck in Boston certainly justified its name, providing a gratifying variety of hot dogs. Their New York Dog, Chicago Dog, and Coney Dog were all skillfully prepared, featuring fresh toppings and savory meat. The bottled water served was refreshing, and the overall ambiance was amicable and welcoming. Although the prices were slightly steeper than some rivals, the superior quality and generous portion size validated the additional expense.",124161
457666250,"en","6","Disappointment was the main course at Better Off Bread. The Pastrami sandwiches lacked flavor and were dry, while the Hot Ham & Cheese was lukewarm at best, with barely any cheese. The Ice Tea tasted watered down and didn't offer any refreshment. Overall, a subpar experience that didn't meet expectations.",124162
457675348,"en","3","Disappointment was the flavor of the day with ""The Ranch"" from The Mega Melt in Boston. The grilled cheese, a classic comfort food, was far from comforting. The bread was overly toasted, bordering on burnt, and the cheese was barely melted. The promised ranch flavor was nowhere to be found, making it a bland and uninteresting meal. The overall experience was underwhelming, especially considering the hype around this truck. I expected more from a place that specializes in grilled cheese. Unfortunately, ""The Ranch"" was a miss for me.",124163
457677260,"en","6"," Disappointed with the Pastrami sandwich from Better Off Bread in Boston. The pastrami was dry and lacked flavor, while the bread was soggy and fell apart easily. The overall experience was underwhelming, especially considering the high price point. I expected more from a sandwich truck with such a promising name. Unfortunately, I cannot recommend this menu item to anyone.",124164
457677786,"en","4","The order summary reflects a typical ice cream truck visit, highlighting the truck name, menu type, city, and items purchased. The menu items include two ice cream sandwiches, two servings of mango sticky rice, two bottled waters, two waffle cones, lemonade, and lemonade. The order is well-structured, listing each item separately with its quantity. The information is concise and accurate, providing a clear overview of the customer's purchase.",124165
457678138,"en","1","The Smoky BBQ truck in Boston delivered a satisfactory experience with their Rack of Pork Ribs. The meat was tender, pulling away from the bone with ease, and the BBQ sauce had a nice balance of sweet and tangy flavors. However, the portion size was smaller than expected for the price. The truck's service was efficient, with minimal wait time. Overall, it's a decent option for BBQ lovers in the area, but may not be the best value for money.",124166
457678908,"en","1","Mac Shack in Boston offers an extraordinary Mac & Cheese dining experience. Their Standard Mac & Cheese is a creamy delight, a perfect execution of a classic comfort food. However, the Lobster Mac & Cheese steals the show. It features large, perfectly cooked lobster chunks, accompanied by a rich, savory cheese sauce that adds an exquisite touch. This dish is a harmonious blend of indulgence and familiarity. Mac Shack has indeed elevated the simple Mac & Cheese to a gourmet status. An absolute recommendation for all cheese and lobster enthusiasts!",124167
457679486,"en","3","The Kitakata Ramen Bar in Boston offers a satisfying selection of ramen options. The creamy chicken ramen and tonkotsu ramen are the highlights of the menu. The broth is rich and flavorful, while the noodles are perfectly cooked. The toppings, such as marinated eggs, seaweed, and pickled ginger, add a touch of sophistication to each bowl. Overall, the experience is authentic and enjoyable, making it a must-try for ramen enthusiasts in Boston.",124168
457682406,"en","6","The ""Smoky BBQ"" truck's pulled pork sandwich is a culinary abomination. The bread was stale and unappetizing, and the meat was tough as a boot. The sauce was a watery mess that lacked flavor. The only saving grace was the coleslaw, which was refreshing and creamy. I would not recommend this truck to anyone unless they are desperate for a meal.",124169
457690808,"en","4","Overall, I was disappointed with the food quality and service at Guac n' Roll in Boston. The veggie taco bowl and lean burrito bowl I ordered were bland and uninspired. The vegetables were wilted and the meat was dry and tasteless. The service was slow and the staff was not very attentive. I would not recommend Guac n' Roll to anyone looking for a quick and satisfying meal.",124170
457691930,"en","5","The Mega Melt truck's menu offerings, including the Miss Piggie and The Ranch, were met with positive remarks. The bottled water and ice tea were also appreciated. The overall consensus was that the food was flavorful and well-prepared. However, some patrons found the prices to be a bit high. Overall, the Mega Melt truck was well-received for its friendly service, unique menu, and tasty food.",124171
457694014,"en","1","Freezing Point in Boston served up a variety of ice cream treats, with a mix of cones and bowls. The Sugar Cones and Waffle Cones were crisp and fresh, providing a pleasant contrast to the creamy ice cream. The Two Scoop Bowls were generously portioned, perfect for sharing or satisfying a larger sweet tooth. The bottled beverages, including water, soda, and ice tea, were a welcome addition to balance out the sweetness. The Mango Sticky Rice was a unique offering, adding a touch of exotic flavor to the overall experience. However, it would have been nice to see more variety in the non-ice cream dessert options. Overall, Freezing Point delivered a solid ice cream experience.",124172
457694843,"en","2","The Guac n' Roll truck's menu offerings of tacos and burritos were uninspired and bland. The veggie taco bowl was devoid of flavor, with limp vegetables and an anemic sauce. The lean burrito bowl, while visually appealing, lacked substance and creativity. The bottled soda selection was limited, and the service was slow. Overall, the experience was disappointing, leaving me hungry and dissatisfied.",124173
457696555,"en","3","The Le Coin des Crêpes truck was a delightful find in the heart of Boston. The menu offered a wide range of delectable crêpes, including the breakfast crepe, chicken pot pie crepe, and crepe Suzette. Each crepe was expertly crafted with fresh and flavorful ingredients, resulting in a truly satisfying and memorable meal. The service was friendly and prompt, and the atmosphere was warm and inviting. Overall, I highly recommend Le Coin des Crêpes for anyone seeking a delightful and flavorful culinary experience in Boston.",124174
457696983,"en","2","The ""Chicago Dog"" from Not the Wurst Hot Dogs in Boston was a decent choice. The hot dog itself was well-cooked, and the toppings were fresh, providing a nice crunch. However, the bun was a bit too soft, which made the eating experience slightly messy. The portion size was satisfactory, and the price was reasonable. Overall, it was an average hot dog experience, neither exceptional nor disappointing.",124175
457702245,"en","5","The Italian sandwich at Better Off Bread in Boston was a disappointment. The bread was stale and the ingredients were sparse. The sandwich was not well-balanced and the overall flavor was bland. The staff were unfriendly and the service was slow. I would not recommend this sandwich to anyone.",124176
457703954,"en","3","Kitakata Ramen Bar in Boston is a ramen enthusiast's dream. My order consisted of creamy chicken ramen and tonkotsu ramen, both of which proved to be delightful choices. The broth was packed with flavor, while the noodles achieved the perfect level of cookery. The chicken portions were tender and the toppings, fresh and abundant.The ambiance of the establishment is casual yet inviting, adding to its overall charm. The staff members were friendly, making the dining experience even more enjoyable. If you're in search of a satisfying and authentic ramen adventure, look no further than Kitakata Ramen Bar in Boston.",124177
457709194,"en","2","Plant Palace, a vegetarian restaurant in Boston, consistently delights me with their extensive menu of flavorful and wholesome dishes, served in generous portions. On a recent visit, I tried the Seitan Buffalo Wings, which were tender and juicy with a perfectly spicy buffalo sauce. The Salad of All Salads, with its crisp vegetables and creamy avocado, was a refreshing accompaniment. The bottled water was crisp and refreshing, quenching my thirst. To finish, I enjoyed the Veggie Burger, filled with fresh, flavorful ingredients. I highly recommend Plant Palace for a satisfying and healthy vegetarian experience. The food is delicious, service is friendly, and the atmosphere is inviting. Whether you're a vegetarian or looking to try something new, Plant Palace is a must-visit in Boston.",124178
457715239,"en","2","The Gyro Plate from Cheeky Greek in Boston delivered a standard gyro experience, as expected. However, the King Combo was a standout with its generous portions and flavorful mix of ingredients. The service was efficient and the food was delivered hot and fresh. While there wasn't anything particularly unique or memorable about the meal, it was a satisfactory dining experience that met expectations without exceeding them.",124179
457717568,"en","4","The Mac Shack's Standard Mac & Cheese is a classic comfort food that lived up to its reputation. The creamy mac and cheese was cheesy and flavorful, with just the right amount of sweetness. The noodles were perfectly cooked, and the overall dish was very satisfying. The Mac Shack's friendly atmosphere and prompt service made for a pleasant dining experience. I highly recommend this dish to anyone looking for a hearty and comforting meal.",124180
457719933,"en","5","The experience at ""Not the Wurst Hot Dogs"" was disappointing. The Chicago Dog lacked the expected poppy seed bun and the relish was unusually sweet. The New York Dog was overloaded with sauerkraut, masking the taste of the hot dog itself. The Coney Dog was the biggest letdown, with a chili that was bland and lackluster. To top it off, the Bottled Water and Ice Tea were both room temperature. Not the experience I was hoping for in Boston.",124181
457724736,"es","3"," ""Freezing Point"" de camión de helados en Boston deja mucho que desear. Después de pedir una variedad de helados, me decepcionó encontrar que la calidad no coincide con la cantidad. Los dos tazones de dos bolas cada uno estaban descongelados en los bordes y el helado en sí era insípido. Los dos conos de gofre también resultaron ser una decepción, ya que estaban demasiado endurecidos y secos. Los dos sándwiches de helado no fueron una mejora, ya que el pan estaba duro y el helado era escaso. Los dos cucuruchos de azúcar fueron la peor parte, ya que estaban rancios y casi no había helado en ellos. En general, no recomendaría ""Freezing Point"" y buscaría opciones de helados en otro lugar en Boston.",124182
457726902,"en","2","The Plant Palace, a vegetarian truck parked in Boston, unfortunately, did not impress me. The salad of all salads was primarily comprised of limp, lifeless lettuce. The veggie burger, though touted as ""the best in the world,"" tasted quite bland and contained minimal filling. The ice tea and bottled water were refreshing, but the overall experience was marred by the subpar food quality.",124183
457729889,"en","1","The Guac n' Roll truck in Boston is a culinary delight! Their menu offers a variety of tacos that are simply delicious. I particularly enjoyed the Chicken Burrito, which was packed with flavor and had just the right amount of spice. The Lean Burrito Bowl was a healthier option that didn't compromise on taste. The Fish Burrito was a standout, with its perfectly cooked fish and fresh ingredients. The Two Taco Combo Plate was a great way to sample different tacos. The bottled soda was a refreshing accompaniment to the meal. Overall, Guac n' Roll provides an exceptional dining experience. The food is fresh, flavorful, and satisfying. Highly recommend!",124184
457732303,"en","3","A delightful delight was the Greek salad from the Cheeky Greek truck in Boston. It was a harmonious blend of crisp lettuce, fresh tomatoes, and creamy feta cheese, resulting in a satisfying and flavorful salad. The portion size was generous, making it perfect for a light lunch. The staff's prompt and friendly service further enhanced the dining experience. All in all, the Greek salad at Cheeky Greek delivered a satisfying and enjoyable experience.",124185
457733198,"en","6","Fresh and crisp Sugar Cones, a hit Ice Cream Sandwiches with perfect balance of creamy ice cream and soft cookies, but underwhelming Two Scoop Bowls lacking richness and depth of flavor. Visually appealing Waffle Cones, but chewy. Standard Bottled Water and Lemonade. Adequate experience, but room for improvement.",124186
457733386,"en","4","The Freezing Point truck's offerings were a delight, and my order was perfect. The ice cream sandwiches were fresh and flavorful, the sugar cones were crispy and sweet, and the two-scoop bowls were generous and satisfying. The bottled water was refreshing, and the service was friendly. Overall, I couldn't be happier with my experience at Freezing Point.",124187
457733743,"en","6"," ""Venturing to try Boston's Smoky BBQ, I was disappointed with my order. I requested two Two Meat Plates and two orders of Fried Pickles, but what arrived was anything but satisfying. The meat was overcooked and lacked the smoky flavor promised. The pickles, instead of being crispy and tangy, were soggy and bland. This was not the authentic BBQ experience I had hoped for in Boston. Smoky BBQ needs to step up their game if they want to be a serious contender in the city's food scene.""",124188
457740150,"en","5","The Chicago Dog at Not the Wurst Hot Dogs in Boston was a satisfying treat. The hot dog was juicy and flavorful, with the perfect combination of toppings. The bread was soft and fresh, and the overall presentation was very appealing. The staff were friendly and attentive, and the service was prompt. Overall, I would highly recommend the Chicago Dog at Not the Wurst Hot Dogs to anyone looking for a quick and satisfying bite in Boston.",124189
457741044,"en","1","A remarkable experience awaits at Boston's ""Better Off Bread"" food truck! The sandwiches on offer are simply delectable. The pastrami boasts perfect seasoning, tenderness, and an explosion of flavor. The Hot Ham & Cheese is a classic done to perfection, with just the right amount of melted cheese. The Italian sandwich shines as a delightful combination of meats and veggies, making it a top choice. Accompanied by refreshing iced tea, it's a meal that leaves a lasting impression. Sandwich aficionados must not miss out on this food truck, which offers top-quality food and service!",124190
457749661,"en","6","The food at Smoky BBQ was an utter disappointment. The fried pickles were limp and greasy, and the pork ribs were dry and flavorless. The three meat plate was a jumble of different cuts of pork, none of which was particularly tender or flavorful. The two meat plate was equally unappetizing. The bottled soda was warm and flat. Overall, I would not recommend Smoky BBQ to anyone.",124191
457753724,"en","2","The Kitakata Ramen Bar in Boston failed to impress. The Ice Tea was overly sweet and the Bottled Water was room temperature, which was disappointing. The Spicy Miso Vegetable Ramen lacked the expected punch of flavor, and the Tonkotsu Ramen was underwhelming with a broth that was too thin. The Creamy Chicken Ramen was a letdown as well, with a creaminess that overshadowed the ramen's original taste. Overall, a disappointing dining experience.",124192
457756926,"en","2","The order summary includes a variety of dishes for a sizable group, but regretfully, no details about the cuisine's quality or flavor are provided. Unfortunately, this makes it impossible for me to offer a thoughtful assessment of the food.",124193
457756993,"en","5"," ""The Smoky BBQ truck in Boston left much to be desired. I ordered two bottles of water, two spring mix salads, two orders of fried pickles, and two pulled pork sandwiches. While the truck delivered on the quantity of the order, the quality was severely lacking. The bottled water was room temperature and lacked any refreshing qualities. The spring mix salads were wilted and lacked any freshness, making for a disappointing and unappetizing meal. The fried pickles were overly greasy and lacked any crispness, making for a unpleasant and unenjoyable experience. The pulled pork sandwiches were dry and lacked any smoky flavor that one would expect from a BBQ truck. Overall, I would not recommend the Smoky BBQ truck in Boston for anyone looking for a satisfying and enjoyable meal.""",124194
457757099,"en","2","Smoky BBQ truck in Boston served up a satisfactory Fried Pickles experience. Crispiness of the pickles was adequate, offering a delightful contrast to their soft interior. The portion size was generous, making it an excellent option for sharing. However, the taste could've been more robust, as it was missing a distinct zest. The overall encounter was decent, but there's potential for enhancing the flavor.",124195
457758185,"en","1","Creamy Chicken Ramen and Spicy Miso Vegetable Ramen served at Kitakata Ramen Bar in Boston presented a varied experience. The Creamy Chicken Ramen shone with its luxurious, smooth broth, offering a soothing yet tasty eat, further enhanced by the succulent chicken bits. On the other hand, the Spicy Miso Vegetable Ramen, though delivering a good spicy kick, fell short in terms of complex flavor. Despite the fresh and crisp vegetables, the dish seemed slightly off-balance. All in all, the meal was satisfactory, yet there's potential for enhancement.",124196
457759507,"en","3","The Le Coin des Crêpes truck's menu offerings of crepes and sweet treats are delightful. The chicken pot pie crepe is a hearty and savory choice, while the crepe Suzette is a perfect balance of sweet and fruity. The bottled soda and ice tea complement the sweet and savory flavors perfectly. The service is friendly and prompt, making the experience enjoyable. Overall, Le Coin des Crêpes is a must-try for anyone seeking a quick bite on the go in Boston.",124197
457759716,"en","4","Not the Wurst Hot Dogs truck in Boston is a must-try for hot dog enthusiasts. Chicago Dog and Coney Dog orders revealed impressive dishes. Chicago Dog boasted fresh toppings of tomato, onion, relish, and poppy seed bread atop a heightened hot dog. Coney Dog showcased an all-beef hot dog, mustard, and chopped onions. Staff displayed friendliness and attentiveness, while the atmosphere offered relaxation and invitation. Not the Wurst Hot Dogs is a recommended destination for superior hot dog experiences in Boston.",124198
457762201,"en","3","The Creamy Chicken Ramen and Tonkotsu Ramen from Kitakata Ramen Bar in Boston were satisfactory. The Creamy Chicken Ramen had a rich, velvety broth with tender chicken pieces, while the Tonkotsu Ramen offered a more traditional, pork-based broth. The noodles in both dishes were cooked well, providing a pleasant texture. However, the presentation could have been improved, as the dishes looked somewhat plain. The service was efficient, but not particularly warm or engaging. Overall, it was an adequate dining experience, but there's room for enhancement in both food presentation and service.",124199
457766893,"en","2","The food at Plant Palace was simply unacceptable. The seitan buffalo wings were dry and flavorless, and the salad of all salads was far from fresh. The only redeeming factor was the friendly staff. I would not recommend this restaurant to anyone.",124200
457770544,"en","5","The Kitakata Ramen Bar in Boston is a must-visit for any ramen enthusiast. I ordered the creamy chicken ramen and tonkotsu ramen, and both were absolutely delicious. The broth was rich and flavorful, the noodles were perfectly cooked, and the toppings were fresh and generous. The atmosphere was casual and inviting, and the service was friendly and efficient. Overall, I had a very positive experience at Kitakata Ramen Bar, and I would highly recommend it to anyone looking for a delicious bowl of ramen in Boston.",124201
457772611,"en","4","The ""Not the Wurst Hot Dogs"" truck's menu offerings failed to impress. The coney dog and New York dog were limp and uninspired, lacking the snap and flavor that I'd expect from a hot dog vendor in Boston. The bottled water and soda were standard issue, but overpriced. Overall, I'd recommend skipping this truck and heading to a more authentic spot for your hot dog fix.",124202
457777810,"en","6","The Smoky BBQ truck's menu is a true delight, offering a mouthwatering selection of BBQ favorites. The spring mix salad is a refreshing and healthy accompaniment to the hearty entrees. The rack of pork ribs and the three-meat plate are must-tries for any BBQ enthusiast, with their tender meat and smoky flavor. The pulled pork sandwich is a classic comfort food, perfect for a casual bite. Overall, the food at Smoky BBQ is always top-notch, and the friendly staff are always eager to provide excellent service.",124203
457781041,"en","5","Smoky BBQ Truck in Boston Disappoints: Dry Pulled Pork Sandwiches, Soggy Fried Pickles, and Warm Bottled SodasA recent visit to the Smoky BBQ truck in Boston left much to be desired. The Pulled Pork Sandwiches, a BBQ staple, were dry and lacked the rich, smoky flavor expected. Similarly, the Spring Mix Salad was wilted and unappetizing, failing to provide a fresh and crisp contrast to the heavier BBQ dishes.Even the Fried Pickles, typically a highlight, fell short of expectations. They were soggy and over-battered, detracting from the satisfying crunch usually associated with this popular side dish. To top it all off, the Bottled Sodas were served warm, a basic mistake that further contributed to the overall underwhelming experience.In short, the BBQ standard was far from met during this visit to the Smoky BBQ truck. Here's hoping for improvement in the future.",124204
457781195,"en","6","Guac n' Roll truck's tacos and burritos are the best in Boston, boasting tender and flavorful meat, and an abundance of fresh toppings. The three taco combo plate is a standout, ideal for sharing. The fish burrito, featuring crispy fish, fresh avocado, and tangy sauce, is another must-try. For a healthier option, the burrito bowl is a great choice. To quench your thirst, bottled soda and water are available. In summary, Guac n' Roll is highly recommended for anyone seeking a tasty and satisfying meal on-the-go.",124205
457781969,"en","2","Disappointment was the main ingredient in the Tonkotsu Ramen I ordered from Kitakata Ramen Bar in Boston. The ramen lacked depth of flavor, with a broth that was surprisingly bland and uninspiring. The noodles, far from the expected al dente, were overcooked and mushy. The pork, a key element in Tonkotsu, was tough and chewy, lacking the melt-in-your-mouth quality one anticipates. The overall experience fell short of my expectations for a ramen bar, leaving me craving the authentic, flavorful Tonkotsu I've had elsewhere. I regret to say, this was not a culinary journey worth taking.",124206
457782139,"en","6","Kitakata Ramen Bar in Boston serves up a delightful Spicy Miso Vegetable Ramen that's an absolute treat for ramen lovers. With a perfect harmony of spicy miso and an array of fresh vegetables, this dish is an explosion of flavors in every slurp. The noodles are cooked to perfection, providing the right amount of bite and consistency. Whether you're a vegetarian or simply love a hearty bowl of ramen, this one's an excellent choice!",124207
457792724,"en","3","The Greek Salad from Cheeky Greek in Boston was as expected. The lettuce was fresh, and the olives, feta, and tomatoes were of good quality. The portion size was satisfactory, neither too large nor too small. However, the dressing could have used a bit more flavor to truly bring all the ingredients together. The service was efficient, and the order was accurate. Overall, it was a decent meal, but it didn't particularly stand out.",124208
457794707,"en","1","Underwhelming experience with too much repetition.The Kitakata Ramen Bar's Spicy Miso Vegetable Ramen failed to impress. The broth lacked the rich, savory flavor that a spicy miso ramen should have, instead tasting bland and watery. The noodles were overcooked, resulting in a soft and limp texture that didn't meet expectations. The vegetables, consisting mainly of carrots and onions, were scarce and uninspired. The spiciness was mild, leaving much to be desired. In conclusion, this ramen joint is not worth the visit, and other options in Boston are recommended.",124209
457796047,"en","2","""Not the Wurst Hot Dogs"" truly lives up to its name, serving anything but the worst hot dogs in Boston! The Coney Dog I ordered was an absolute delight. The hot dog was juicy, perfectly grilled, and nestled in a soft, fresh bun. The chili topping was rich and flavorful, adding a delicious kick to every bite. The service was swift and friendly, making the experience even more enjoyable. If you're a hot dog lover, this is a must-try. Not the Wurst Hot Dogs has certainly earned a regular spot in my food truck rotation!""",124210
457797666,"en","1","Poorly executed BBQ at the truck in Boston. Three Meat Plate fell short with its lackluster flavor and overcooked texture, rendering it difficult to consume. Spring Mix Salad presented wilted leaves and an unappetizing appearance, falling short of the anticipated freshness. Bottled Sodas were disappointingly warm, detracting from the dining experience. Unfortunately, the served food failed to impress anddid not meet the anticipated standard for BBQ. I would caution against choosing Smoky BBQ based on this unsatisfying encounter.",124211
457801448,"en","1","Cheeky Greek food truck in Boston offers a typical Gyro Plate and Greek Salad. Gyro meat boasts rich flavor and tenderness, while the salad presents freshness and crispness. Portion size, however, falls short of expectations. Outstanding tzatziki sauce boasts a creamy and tangy profile, but pita bread arrives slightly dry. In summary, the meal proves satisfactory, but fails to distinguish itself from other gyro choices in the vicinity.",124212
457802269,"en","1","Disappointment was the flavor of the day at Freezing Point in Boston. The popsicles lacked the promised burst of flavor, instead offering a bland, icy experience. The waffle cones, far from being fresh and crisp, were stale and chewy. The overall quality of the ice cream did not meet expectations. The experience was a far cry from the delightful treat one anticipates when ordering from an ice cream truck. I would recommend a reevaluation of their menu and quality control.",124213
457806599,"en","1","The Greek salad I ordered was a disaster. The lettuce was limp and brown, the tomatoes were overripe and mushy, and the cucumbers were watery and unflavorful. The only saving grace was the generous amount of feta cheese, which was creamy and tangy. However, the overall quality of the ingredients was poor and the salad was overpriced. I would not recommend this salad to anyone.",124214
457809636,"fr","2"," ""Je suis vraiment déçu de mon expérience chez Le Coin des Crêpes à Boston. J'ai commandé une crêpe au poulet pot pie, mais ce n'était pas du tout ce à quoi je m'attendais. La crêpe était sèche et le poulet était caoutchouteux, sans goût. De plus, il y avait très peu de sauce et les légumes étaient également insipides. Pour une crêperie française, je m'attendais à beaucoup mieux. Je ne recommande pas cette crêpe et je suis vraiment déçu de ne pas avoir pu profiter d'une délicieuse crêpe comme je l'espérais.""",124215
457810699,"en","3","The ""Better Off Bread"" truck's offerings fell far short of expectations. The bread was stale and the fillings were sparse. The Italian sandwich, despite its hefty price tag, consisted mainly of cheap cheese and withered lettuce. The pastrami and hot ham sandwiches were similarly underwhelming, with thin slices of meat and scanty cheese. The hot ham and cheese sandwich was a mess, with soggy bread and unmelted cheese. Overall, the food was subpar and the service was unfriendly.",124216
457819343,"en","3","The Freezing Point truck in Boston served up a mix of ice cream sandwiches and waffle cones, meeting expectations for a classic summer treat. The ice cream sandwiches boasted a good balance between the soft, creamy interior and the firm, chewy cookies. The waffle cones, on the other hand, were fresh and crisp, but could have benefited from a more distinct flavor. The bottled water was a nice touch, providing hydration on a hot day. Overall, a satisfactory experience, but with room for improvement in some areas.",124217
457824239,"en","5","""Kitakata Ramen Bar is a true gem in Boston's culinary scene. The Tonkotsu Ramen was an absolute delight, with its rich, creamy broth and perfectly cooked noodles. The Spicy Miso Vegetable Ramen was equally impressive, offering a flavorful kick and a hearty serving of fresh vegetables. The balance of flavors in both dishes was exceptional. Whether you're a ramen enthusiast or just looking for a comforting meal, Kitakata Ramen Bar is a must-visit. Superb quality and service!""",124218
457829892,"en","5","The Plant Palace truck in Boston delivered a satisfactory vegetarian meal. Seitan Buffalo Wings boasted reasonable crispiness, but buffalo sauce lacked sufficient tang. Salad of All Salads proved fresh and filling, showcasing a variety of greens and vegetables as promised. The Veggie Burger, however, was a standout with its flavorful patty and well-balanced toppings. Bottled Soda served as a standard accompaniment. Overall, the meal was decent, but there's room for improvement in some areas.",124219
457831695,"en","4","The Better Off Bread truck's menu, featuring predominantly sandwiches, elicited great responses from the crowd. Italian and Hot Ham & Cheese sandwiches stood out, delighting customers with their use of fresh ingredients and harmonious flavor pairings. The Pastrami sandwich demonstrated the truck's dedication to quality and ample servings. Despite the bread needing a touch more softness, the encounter left patrons content, yearning for another visit.",124220
457834975,"en","5","A delightful veggie burger experience at The Plant Palace in Boston. The patty was expertly cooked, and toppings were fresh and full of flavor. The bun, soft and sweet, complemented the dish. Impressive presentation enhanced the dining experience. Friendly and prompt service was provided, and the inviting atmosphere added to the overall enjoyment. I wholeheartedly recommend this vegetarian option for those seeking a delicious and healthful meal.",124221
457837709,"en","3","The Mac Shack's Buffalo and Lobster Mac & Cheese was a disappointment. The mac and cheese was dry and lacked flavor. The lobster was overcooked and rubbery. The buffalo sauce was too sweet and not spicy enough. The overall experience was subpar and I would not recommend this restaurant to anyone.",124222
457839472,"en","1","A scorching Hot Ham & Cheese sandwich at Better Off Bread in Boston delivered an indulgent and savory experience. The bread showcased freshness and crispiness, serving as an ideal foundation for the tender ham, gooey cheese, and zesty condiments. Strikingly well-balanced, the sandwich boasted an optimal ratio of meat, cheese, and bread components. Overall, this lunch selection proved to be a fulfilling and delightful choice.",124223
457841097,"en","4","Disappointment was the main ingredient in The Mac Shack's Standard Mac & Cheese. The cheese sauce was bland and lacked the rich, creamy texture one expects from a good mac & cheese. The pasta was overcooked, resulting in a mushy mess. The presentation was unappetizing, served in a plain container with no garnish or visual appeal. For a place that specializes in mac & cheese, this was surprisingly underwhelming. I expected more from a Boston eatery with such a promising name. Unfortunately, The Mac Shack missed the mark on this one.",124224
457848331,"en","3","The Mac Shack's mac and cheese is simply the best! I ordered the standard mac and cheese and the lobster mac and cheese, and both were heavenly. The mac and cheese is creamy and flavorful, and the lobster mac and cheese is loaded with fresh lobster. The portions are generous, and the prices are reasonable. I would highly recommend The Mac Shack to anyone who loves mac and cheese.",124225
457856846,"en","4","Mega Melt truck in Boston serves up innovative takes on the classic grilled cheese sandwich. The Original, Miss Piggie, and The Ranch were all well-prepared, boasting a harmonious blend of flavors. The bread was grilled to a crispy, golden perfection, while the cheese was perfectly melted. However, the Miss Piggie could have benefited from an extra drizzle of BBQ sauce for an added kick. The Ranch sandwich had a nice mix of ingredients, but the ranch dressing was somewhat overwhelming. Despite these minor issues, the overall experience was enjoyable, though there is certainly potential for enhancing the balance of flavors.",124226
457857792,"en","2","The Not the Wurst Hot Dogs truck in Boston is a must-try for any hot dog enthusiast. I ordered the Coney Dog, Chicago Dog, New York Dog, and bottled water. The hot dogs were perfectly grilled and the toppings were fresh and flavorful. The buns were soft and warm, and the overall presentation was impeccable. The bottled water was refreshing and chilled. The staff were friendly and efficient, and the service was prompt. Overall, I had a very positive experience at Not the Wurst Hot Dogs and would highly recommend it to anyone looking for a delicious hot dog in Boston.",124227
457858587,"en","1"," ""Ai yai yai, what a disappointment from Better Off Bread in Beantown! Ordered six items, but the sandwiches were nothing special - dry and lacking in flavor. And don't even get me started on the Ice Tea - watered down and tasteless. For a city known for its culinary scene, Better Off Bread falls flat. Save your dough and skip this spot."" (Boston, MA)",124228
457862767,"en","3","""Experienced Better Off Bread in Boston, sampling their Pastrami sandwich. The portion size was generous, with an ample amount of pastrami stacked high between two slices of bread. The meat was flavorful, although it could have been a bit more tender. The rye bread was fresh and held up well against the hearty filling. As for the condiments, they complemented the sandwich but didn't particularly stand out. Overall, a satisfactory meal that hits the spot for pastrami lovers.""",124229
457868435,"en","5","This order summary is for a Miss Piggie grilled cheese sandwich ordered in Boston. Unfortunately, the sandwich was not satisfactory. The bread was stale and the cheese was not melted evenly. The Miss Piggie sandwich is a popular item and I was disappointed in the lack of quality and freshness. I would not recommend this sandwich to anyone.",124230
457874293,"en","3","The order summary indicates a typical ice cream truck visit, with a variety of items ordered. The menu type is ""Ice Cream,"" and the city is ""Boston."" The items ordered include two sugar cones, two waffle cones, two bottles of water, an ice cream sandwich, an ice cream sandwich, a popsicle, and a popsicle. This order suggests that the customer is likely enjoying a hot day and wants a refreshing treat.",124231
457875500,"en","5","The Kitakata Ramen Bar in Boston serves up a satisfying selection of ramen, including the creamy chicken ramen and tonkotsu ramen. The noodles are perfectly cooked with a satisfying chew, and the broth is flavorful and comforting. The creamy chicken ramen features tender chicken, silky noodles, and a creamy broth infused with a blend of savory and sweet flavors. The tonkotsu ramen, on the other hand, boasts a rich broth made from pork bones, giving it a deep umami flavor and a collagen-rich texture. Overall, the ramen at Kitakata Ramen Bar is a testament to the artistry and authenticity of the craft, offering a memorable and satisfying dining experience.",124232
457888219,"en","3","The ramens from Kitakata Ramen Bar were an absolute delight! The Creamy Chicken Ramen was rich and flavorful, with tender chicken pieces that simply melted in the mouth. The Tonkotsu Ramen, on the other hand, was a perfect blend of hearty pork broth and chewy noodles. The service was prompt and the bottled water was a refreshing accompaniment to the meal. Overall, a fantastic dining experience in Boston. Highly recommend!",124233
457888874,"en","2","The Plant Palace truck in Boston offered a satisfactory vegetarian experience. The Seitan Buffalo Wings were well-seasoned, providing a flavorful, meat-free alternative. The Veggie Burger, while not exceptional, was adequately prepared and filling. The Salad of All Salads was fresh and vibrant, living up to its name with a variety of greens and vegetables. The bottled soda and water were standard, as expected. Overall, the truck provided a decent selection of vegetarian options, making it a suitable choice for those seeking meatless meals.",124234
457896977,"en","4","""Experienced a mix of traditional and innovative crepes at Le Coin des Crêpes in Boston. The Breakfast Crepe was simple yet satisfying, while the Chicken Pot Pie Crepe offered a unique twist. The Crepe Suzette, a classic, was well-executed, balancing sweetness and tanginess. Beverages like Bottled Soda and Ice Tea were standard. Overall, it's a decent spot for crepe lovers, offering a range of options to cater to different tastes.""",124235
457900557,"en","5","Not the Wurst Hot Dogs truck proves a delightful discovery in Boston, offering a wide variety of classic hot dogs, each brimming with flavor. Personal favorite, the New York Dog, boasts a generous spread of sauerkraut, onions, and cheese. Chicago Dog shines with its poppy seed bun, sweet relish, and fresh tomatoes. Bottled Soda selection impresses, featuring a wide range of classic and unique options. A must-try for any hot dog lover visiting Boston.",124236
457900679,"en","6","""Not the Wurst Hot Dogs"" truly lives up to its name, serving hot dogs that are far from the worst! I recently had the pleasure of trying their New York Dog in Boston, and it was an absolute delight. The hot dog was juicy and flavorful, nestled in a soft bun with the perfect amount of mustard and sauerkraut. It was a simple yet satisfying meal that hit the spot. The service was quick and friendly, adding to the overall positive experience. If you're a hot dog fan, I highly recommend giving Not the Wurst Hot Dogs a try. You won't be disappointed!",124237
457901490,"en","6","Better Off Bread truck, a sandwich lover's paradise in Boston, is an absolute must-visit. The extensive menu boasts a range of delectable choices, such as the traditional hot ham and cheese, the Italian, and the pastrami. The freshness of the bread and the ample fillings create sandwiches that are both tasty and fulfilling. The staff's friendliness is commendable, always ready to assist with any menu queries. Moreover, the pricing is quite affordable. In summary, Better Off Bread is an exceptional sandwich truck that promises to delight even the most particular taste buds.",124238
457901723,"en","6","Freezing Point, an ice cream truck in Boston, served up a mix of bottled sodas and cones. The sodas were standard, as expected. The Sugar Cones were crisp and fresh, adding a pleasant crunch to the ice cream experience. The Waffle Cones, however, were a standout with their sweet, slightly chewy texture. They elevated the simple ice cream treat to a more indulgent level. Overall, the quality of the cones was satisfactory, making for a pleasant outing.",124239
457905148,"en","2"," The ""Better Off Bread"" truck in Boston served up a mix of Pastrami and Hot Ham & Cheese sandwiches. The Pastrami sandwiches had a good balance of meat and mustard, while the Hot Ham & Cheese offered a classic, comforting flavor. The bread was fresh and held up well to the fillings. However, there wasn't anything particularly unique or memorable about the sandwiches. The portion sizes were reasonable, and the service was efficient. Overall, it was a satisfactory meal but didn't necessarily stand out among other sandwich options in the area.",124240
457905897,"en","2","**** The pulled pork sandwich at Smoky BBQ in Boston is a classic comfort food experience. The pork is tender and flavorful, with a perfect balance of sweetness and smoke. The bread is soft and toasted, and the toppings are fresh and crispy. Overall, this is a satisfying and enjoyable sandwich that is perfect for a casual meal.",124241
457910588,"en","5","Mac Shack's mac and cheese is a must-try for Bostonians. Two varieties, the standard and buffalo, were ordered, both proven to be heavenly. Cheese was melted to perfection, and toppings were fresh and flavorful. Portions are generous, and prices are reasonable. A high recommendation for The Mac Shack if you're in search of a delicious and satisfying meal.",124242
457911065,"en","2","A delightful experience at Kitakata Ramen Bar in Boston. The ice tea, refreshing. Ramen selections, flavorful and satisfying. Noodles, perfectly cooked. Broth, rich and savory. Atmosphere, casual and inviting. Service, friendly and prompt. Authentic ramen experience, highly recommended.",124243
457912250,"en","4","""Le Coin des Crêpes is a true gem in Boston! The Chicken Pot Pie Crepe was an absolute delight, offering a unique twist on a classic comfort food. The savory filling was perfectly balanced with the delicate crepe, creating a harmonious blend of flavors. And let's not forget the Crepe Suzette - a sweet symphony of citrus and caramel that left a lasting impression. The quality of ingredients and skillful preparation were evident in every bite. A must-visit for crepe lovers!""",124244
457914104,"en","2","The Smoky BBQ truck in Boston delivered a satisfactory BBQ experience. The Pulled Pork Sandwich, ordered twice, was generally enjoyable. The pork was tender and well-seasoned, while the bun was fresh and held up well to the meat's juices. However, the sandwich could have benefited from a bit more sauce for added moisture and flavor. The truck's service was efficient, providing a quick and convenient meal option. Overall, Smoky BBQ is a decent choice for those seeking a BBQ fix in the city.",124245
457914241,"en","6","The order summary indicates a large and varied selection of items, primarily barbecue-themed, from a truck named ""Smoky BBQ"" in Boston. The menu type is ""BBQ,"" and the items ordered include two meat plates, two fried pickles, two racks of pork ribs, a pulled pork sandwich, and three meat plates. This order encompasses a substantial spread of menu options, showcasing the truck's diverse offerings.",124246
457914584,"en","1","""Guac n' Roll truly rolls out exceptional flavors! I recently savored their Chicken Burrito, Lean Burrito Bowl, and Fish Burrito in Boston, and each was a delight. The burritos were packed with fresh ingredients, and the flavors were well-balanced. The Bottled Soda was a refreshing companion to the meal. The quality of the food, coupled with their friendly service, makes Guac n' Roll a must-visit for taco lovers. Can't wait for my next visit!""",124247
457914998,"en","5","Kitakata Ramen Bar in Boston provides a range of ramen choices that will surely satisfy. Two of their most popular options are the tonkotsu and spicy miso vegetable ramens. The tonkotsu ramen features a rich broth made from pork bones and vegetables, while the spicy miso vegetable ramen has a fiery miso paste and crisp vegetables. The noodles are cooked to perfection, and the toppings, including marinated eggs, seaweed, and pickled ginger, elevate each bowl with a touch of refinement. Overall, the ramen at Kitakata showcases the delicious and filling qualities of this cherished Japanese dish.",124248
457915400,"en","5","The Mega Melt truck's ""Miss Piggie"" grilled cheese sandwich lived up to its name. The bread was perfectly toasted, and the melted cheese oozed out of the sandwich like a dream. The fillings were fresh and flavorful, and the overall flavor was satisfying. The only minor complaint is that the sandwich could have been a bit bigger. Overall, the Miss Piggie is a must-try for any grilled cheese fan.",124249
457920894,"en","4","The Cheeky Greek truck in Boston is a gem! I recently tried their King Combo and it was an absolute delight. The gyro meat was tender and flavorful, and the accompanying fries were crispy and well-seasoned. The portion size was generous, making it excellent value for money. The staff were friendly and efficient, providing quick service with a smile. If you're in Boston and craving some quality gyros, the Cheeky Greek truck is the place to go. Highly recommended!",124250
457921853,"en","2","Smoky BBQ truck in Boston consistently impresses. As a longtime customer, I'm continually wowed by the food's excellent quality and the warm service. My usual order is the rack of pork ribs, always cooked flawlessly. The meat is delectably tender and flavorful, and the ribs can be easily pulled off the bone.The two meat plate is a great choice for those who want a variety, and the three meat plate is ideal for those who want to indulge. I've never had a mediocre meal here, and the friendly service always adds to the enjoyable experience. If you're searching for an authentic and delicious BBQ experience, I highly recommend trying out Smoky BBQ in Boston.",124251
457925698,"en","1","I was sorely disappointed with the ""Lean Burrito Bowl"" I ordered from ""Guac n' Roll"" in Boston. The ingredients were sparse, and the meat was tough. The rice was mushy, and the beans were undercooked. Additionally, the guacamole was not very flavorful. Overall, I would not recommend this dish to anyone.",124252
457929401,"en","4"," The Mac Shack's Buffalo Mac & Cheese is an absolute delight! This Boston gem serves up a perfect blend of creamy mac & cheese with a spicy buffalo twist that will leave your taste buds dancing. The dish is rich, flavorful, and generously portioned. Whether you're a mac & cheese enthusiast or a buffalo sauce fan, this dish is sure to satisfy. The Mac Shack has truly outdone themselves with this one. Highly recommended!",124253
457930203,"en","1","The Plant Palace veggie burger in Boston was a delight to devour. The patty was perfectly grilled, and the toppings were fresh and flavorful. The bun was soft and buttery, and the overall presentation was impeccable. The service was friendly and prompt, and the atmosphere was relaxed and inviting. I highly recommend this vegetarian burger to anyone visiting Boston.",124254
457933686,"en","5","Plant Palace in Boston's Seitan Buffalo Wings and Salad of All Salads proved a major letdown. Wings were dry, devoid of flavor, and lacked the advertised ""buffalo"" kick. Salad arrived wilted and unappetizing, with meager ingredients. Food quality was disappointingly poor, and prices were steep. I cannot recommend Plant Palace to those in search of a fulfilling vegetarian meal.",124255
457934071,"en","5","""Le Coin des Crêpes truly delivered an exceptional dining experience. The Crepe Suzette was a delight, perfectly balancing sweetness and tanginess, while the Chicken Pot Pie Crepe offered a unique twist on a classic comfort food. The Breakfast Crepe was a fantastic start to the day, pairing well with the refreshing Ice Tea and Bottled Water. The quality of food and service in Boston's Le Coin des Crêpes is top-notch. Highly recommended for crepe lovers!""",124256
457945898,"en","3","The Mega Melt offered a subpar dining experience. The grilled cheese, dubbed ""The Original,"" was far from original. Its bread was limp and greasy, while the cheese was sparse and lacked flavor. The accompanying side of ""The Ranch"" dressing was overly sweet and cloying, failing to complement the sandwich. The bottled water and soda were standard fare, but the real disappointment lay in the ""Miss Piggie"" side dish. Its accompanying gravy was watery and flavorless, failing to enhance the overall meal. Overall, the Mega Melt fell short of expectations, leaving me dissatisfied.",124257
457946507,"en","1","Crepe Suzette served at Le Coin des Crêpes in Boston proved to be a fair selection. The crepe itself was skillfully crafted, boasting a harmonious sweetness derived from the caramelized sugar, subtly accentuated by a touch of orange zest. Regrettably, the taste was somewhat unremarkable, adhering to a conventional flavor profile. The visual appeal was understated yet attractive. All things considered, the experience was satisfactory, but it didn't distinctly outshine other crepes I've sampled.",124258
457950029,"en","5"," ""Plant Palace's vegetarian options in Boston are simply delightful! I recently ordered the Seitan Buffalo Wings and Veggie Burger, and I was thoroughly impressed. The Seitan Buffalo Wings had the perfect balance of spice and flavor, while the Veggie Burger was hearty and satisfying. The menu type was vegetarian, which aligns with my dietary preferences, and I felt great about supporting a local business that caters to the needs of all food lovers, regardless of their dietary choices. I highly recommend checking out Plant Palace's offerings if you're in Boston and looking for a delicious, plant-based meal.""",124259
457955055,"en","2","The King Combo, Gyro Plate, and Greek Salad from Cheeky Greek in Boston were an absolute delight. The gyros were perfectly seasoned and tender, the tzatziki sauce was creamy and flavorful, and the Greek salad was fresh and crispy. The portion sizes were generous, and the overall quality of the food was exceptional. The friendly service and quick delivery made the experience even more enjoyable. I highly recommend Cheeky Greek to anyone looking for a delicious and authentic Greek feast.",124260
457958140,"en","1","The Plant Palace truck's menu offerings were a delight, and my recent order was no exception. The Salad of All Salads was a refreshing and flavorful combination of fresh vegetables and a satisfyingly creamy dressing. The Seitan Buffalo Wings were tender and perfectly crispy, with a flavorful wing sauce that had just the right amount of kick. The Veggie Burger was a hearty and satisfying vegetarian option, with a juicy patty, fresh toppings, and a delicious bun. Overall, I was impressed by the quality of the ingredients and the creativity of the menu at The Plant Palace.",124261
457970965,"en","5","Mega Melt's grilled cheese menu serves up a delightful array of classic comfort food choices in the bustling city of Boston. Notable selections include The Original, The Ranch, and Miss Piggie sandwiches, each skillfully crafted with fresh ingredients and brimming with gooey, melted cheese nestled between slices of perfectly buttered bread. The Original embodies simplicity at its finest, boasting a combination of melted cheese and crispy bacon. The Ranch, a popular pick, elevates the experience with its zesty ranch dressing and creamy avocado. Miss Piggie, a vegetarian's dream, shines with its medley of melted cheese, grilled vegetables, and tangy pickles. All in all, Mega Melt's grilled cheese menu promises a gratifying and flavor-packed adventure for both cheese aficionados and comfort food fanatics.",124262
457972107,"en","1","The Not the Wurst Hot Dogs truck in Boston offers a satisfying selection of hot dogs, including the New York Dog, Chicago Dog, and Coney Dog. The ice tea was refreshing and perfectly chilled. The dogs were well-prepared, with fresh toppings and a generous spread of condiments. The overall experience was pleasant, and the friendly staff were attentive to customer needs. While the truck's name is a bit tongue-in-cheek, the hot dogs are definitely worth trying.",124263
457975320,"en","1","Salad of All Salads and Veggie Burger at Plant Palace, Boston Fall Short.The Salad of All Salads and Veggie Burger from Plant Palace in Boston proved to be a culinary disaster. The salad arrived limp and wilted, with unappetizing brown bits scattered throughout. The veggie burger, unfortunately, was no better, as it was dry and lacked any discernible flavor. To make matters worse, the burger was covered in an excessive amount of processed cheese.Overall, the quality of the food was extremely disappointing, and I cannot recommend this restaurant to anyone seeking a satisfying and enjoyable meal.",124264
457982826,"en","4","A delightful treat was the breakfast crepe from Le Coin des Crêpes in Boston. Fluffy and perfectly golden, the crepe showcased a generous spread of fresh fruit. Ripe and flavorful, the fruit was complemented by a drizzle of sweet and smooth maple syrup. Served warm and fresh, the crepe's impeccable presentation added to its appeal. Although the price was on the higher side, the quality of the ingredients and commendable service justified the cost.",124265
457983299,"en","4","The Not the Wurst Hot Dogs truck in Boston lived up to its name, offering a New York Dog that was anything but subpar. The perfect blend of sweet and savory, with the generous toppings and perfectly grilled hot dog, made for a satisfying meal on the go. The friendly staff were quick to take my order and the wait time was minimal. Overall, a positive experience that I highly recommend to anyone craving a bite of the Big Apple in the Bay State.",124266
457987645,"en","1","The ""Not the Wurst Hot Dogs"" truck's ""Chicago Dog"" lived up to its name, but not in the way I hoped. The hot dog itself was decent, but the toppings were sparse and uninspired. The bottled water was warm, and the service was unfriendly. While I appreciate the truck's unique name and its dedication to Chicago-style hot dogs, I wouldn't recommend stopping by unless you're desperate for a bite.",124267
457990101,"en","3"," Disappointing experience with the Veggie Taco Bowl from Guac n' Roll. The vegetables were undercooked, lacking in flavor, and the bowl was poorly presented. The guacamole, which should have been the star of the dish, was bland and watery. The portion size was also smaller than expected. Not the quality I was hoping for from a taco truck in Boston. Would not recommend.",124268
457992001,"en","1"," Disappointment was the theme of my visit to Le Coin des Crêpes. The Breakfast Crepe was bland and uninspiring, lacking the vibrant flavors one expects from a crepe. The Chicken Pot Pie Crepe, while an interesting concept, fell flat in execution. The filling was dry, and the crepe itself was soggy. The Crepe Suzette, a classic dessert crepe, was overly sweet and lacked the balance of flavors. The bottled water was the only item that met expectations. Overall, the experience was underwhelming, and I wouldn't recommend this truck to those seeking authentic, delicious crepes in Boston.",124269
457994065,"en","4","Freezing Point in Boston offers a unique ice cream experience with their Asian-inspired menu. The Mango Sticky Rice, served in a cup, was a delightful blend of sweet and tart, with the sticky rice providing a nice contrast in texture. The Two Scoop Bowl was generous in portion, allowing for a mix and match of flavors. The Waffle Cone and Sugar Cone were fresh and crisp, adding a satisfying crunch to every bite. However, the ice cream itself was a bit icy, which detracted from the overall creaminess one would expect. Despite this, the innovative flavors and friendly service make Freezing Point a worthwhile visit.",124270
457999913,"en","6","Fish Burrito and Two Taco Combo Plate from the ""Guac n' Roll"" truck in BostonThe ""Guac n' Roll"" truck in Boston offered a Fish Burrito and Two Taco Combo Plate that was neither exceptional nor disappointing. The fish burrito had a good flavor, with the fish cooked well and the accompanying ingredients providing a nice balance. However, the tacos were a bit underwhelming, lacking a bit in seasoning. The truck's service was efficient, and the food was ready in a reasonable time. Overall, it was a satisfactory meal, but there's certainly room for improvement in terms of flavor and seasoning.",124271
458012690,"en","2"," Disappointed with the experience at The Mac Shack in Boston. The Standard Mac & Cheese was bland, lacking the expected creamy, cheesy goodness. The Buffalo Mac & Cheese failed to deliver the promised spicy kick, and the Lobster Mac & Cheese was a letdown with barely any noticeable lobster. Not worth the hype or the price.",124272
458015882,"en","4","Pastrami sandwich at Better Off Bread in Boston offers a satisfying treat. Pastrami boasts tenderness and rich flavor, complemented by a balanced spice level. Accompanying fresh and crispy bread enhances the overall sandwich experience. Generous portion size and reasonable pricing further contribute to the appeal. It is highly recommended to sandwich enthusiasts seeking a delicious and satisfying meal.",124273
458016822,"en","2","Sure, here's a rewritten version of the review that doesn't start with ""The,"" ""I,"" or ""Im"":Guac n' Roll's fish burrito in Boston was a disappointment. Dry, overcooked fish and a soggy tortilla ruined the dish. Uninspired toppings didn't help. The guacamole was fresh and creamy, but it couldn't save the burrito's overall bland flavor. Not recommended.",124274
458018117,"en","4","The Plant Palace truck, stationed in Boston, provided a satisfying vegetarian feast. The Seitan Buffalo Wings, a testament to the chef's mastery of flavor, delivered a crispy exterior and tender interior that danced with the tangy buffalo sauce. The Salad of All Salads, a refreshing counterpoint to the wings, showcased fresh, crisp vegetables and a well-balanced dressing. The accompanying Ice Tea, crisp and refreshing, complemented the meal perfectly. The Veggie Burger, though not sampled, looked visually enticing, promising a hearty and flavorful vegetarian option. Overall, the Plant Palace truck offered a delightful vegetarian experience, leaving me with a satisfied appetite and a positive impression.",124275
458018433,"en","1","The ""Le Coin des Crêpes"" order summary represents an abysmal culinary experience. The chicken pot pie crepe utterly failed to satisfy my taste buds, offering a flavor profile devoid of both complexity and zest. The crepe Suzette, though visually appealing, proved to be a mere shell, concealing a filling as limp and uninspired as a wet noodle. The entire ordeal was marred by the exorbitant price, leaving me feeling as if I had been robbed of both my money and my appetite.",124276
458018575,"en","4","Crepe Suzette A regrettable dining experience occurred at Le Coin des Crêpes in Boston, where the Crepe Suzette fell short of expectations. The crepe itself was limp and rubbery, lacking the desired delicate and tender texture. The filling was excessively sweet, overpowering any other flavors that could have been present. Moreover, the fruit was unripe and the cream was lumpy, further detracting from the overall quality of the dish. The crepe was a disappointing mess, and I cannot recommend it to anyone.",124277
458035015,"en","3","The Mango Sticky Rice from Freezing Point in Boston was a delightful treat. The sticky rice was perfectly cooked, with a sweet and tangy mango flavor that complemented the sticky texture perfectly. The mango chunks were fresh and ripe, adding a burst of sweetness to each bite. The overall flavor profile was well-balanced, with a sweet and slightly tart sweetness that lingered on the tongue. While the portion size was generous, the price was slightly above average. However, the quality of the ingredients and the unique flavor combination made the experience worthwhile.",124278
458050181,"en","4","A pleasing selection at The Peking Truck for my Boston visit was the combo of fried rice and bottled soda. The fried rice offered a rich flavor and was well-prepared, boasting an ample amount of vegetables and meat. The extensive soda choice was a plus, and the bottled option proved to be a convenient addition. The service was commendably quick and efficient, and the food's taste was truly enjoyable.",124279
458054757,"en","5","Freezing Point truck in Boston serves up a mixed bag. Lemonade hits the spot with a harmonious blend of sweet and tangy. Pairing sugar cones with creamy ice cream proves to be a successful combination. Regrettably, the ice cream sandwich falls short of expectations, lacking the desired richness. Mango sticky rice presents a unique choice, but could benefit from the addition of more ripe mango for a fuller flavor. The popsicles are a run-of-the-mill treat, nothing special nor disappointing. A decent experience overall, with highs and lows.",124280
458063525,"en","6","Smoky BBQ Truck Meat lover or not, a visit to Boston isn't complete without trying out the Smoky BBQ truck. I went for the three-meat plate and couldn't have been happier with my choice. The ribs were succulent, the pulled pork tender, and the sausages juicy – all perfectly cooked and teeming with flavor. The portions were generous, which I appreciated.The sides, too, were delightful. The mashed potatoes were creamy and well-seasoned, while the coleslaw was refreshing and tangy. All in all, my experience at Smoky BBQ was overwhelmingly positive, and I highly recommend it to anyone looking for a satisfying and flavorful meal.",124281
458064310,"en","6","The Mac Shack's Lobster Mac & Cheese was a delightful treat. The creamy mac and cheese base was smooth and flavorful, and the lobster added a touch of luxury. The cheese was melted perfectly, and the lobster was tender and succulent. The portion size was generous, and the price was reasonable. Overall, I highly recommend the Lobster Mac & Cheese at The Mac Shack.",124282
458064829,"en","1","## Miss Piggie Grill Cheese ReviewThe Mega Melt truck's ""Miss Piggie"" sandwich was a satisfying lunch option in the heart of Boston. The bread was perfectly toasted, and the melted cheese oozed out just right. The generous serving of crispy bacon and fresh tomato added a touch of savory sweetness, while the pickles provided a delightful tang. Overall, the Miss Piggie was a satisfying and flavorful grilled cheese.",124283
458068836,"en","6","Underwhelming experience with too much repetition.The Mac Shack's mac and cheese offerings failed to impress, with the standard dish lacking the rich, cheesy flavor that's expected from the dish. The lobster mac and cheese, despite its generous helping of lobster, was overseasoned and overwhelmingly sweet, overpowering the delicate flavor of the lobster. The experience left me unsatisfied and craving a more flavorful mac and cheese dish.",124284
458075854,"en","6","Freezing Point's ""Freezing Point"" truck in Boston fell short of delivering the desired quality. The Mango Sticky Rice, an eagerly anticipated item, proved to be a letdown. Its lack of fresh mango flavor and undercooked sticky rice made it difficult to enjoy. The accompanying bottled soda, lacking the expected carbonation, further detracted from the experience. Despite initial optimism, this truck did not meet expectations. I cannot endorse it based on this encounter.",124285
458081246,"en","4","The Mega Melt truck's grilled cheese menu boasts a unique selection of creative sandwich creations, one of which being the ""Miss Piggie, The Ranch, The Original"" combination. The sandwich's centerpiece is a thick slice of gooey melted cheese, complemented by tender pork, sweet pickles, and a generous spread of ranch dressing. The bread is crispy on the outside and soft within, creating a satisfying bite. The combination of flavors is well-balanced, making for a flavorful and satisfying treat.",124286
458092269,"en","2"," Disappointed with the Chicken Burrito from Guac n' Roll. The chicken was dry, lacking flavor, and the burrito was poorly assembled, falling apart upon first bite. The much-anticipated guacamole was bland and unremarkable. Not the quality expected from a taco truck in Boston. Would not recommend or return.",124287
458093905,"en","4","Disappointment was the main course with my Chicken Pot Pie Crepe from Le Coin des Crêpes. The crepe was overcooked, leading to a tough, chewy texture that was far from pleasant. The filling, which should have been the star of the dish, was bland and lacked the rich, comforting flavors one expects from a chicken pot pie. The chicken was dry, and the vegetables were undercooked. The overall experience was a far cry from the delicious fusion of flavors I had anticipated. I regret to say that this crepe failed to deliver the culinary delight I was hoping for in Boston's food scene.",124288
458095866,"en","5","Disappointment was the main course at Smoky BBQ in Boston. The Rack of Pork Ribs, ordered twice in hope of a different outcome, was dry and lacking the expected smoky flavor. The meat was tough, requiring more effort to chew than to enjoy. The overall experience fell short of expectations, leaving a taste of regret rather than satisfaction. Not the BBQ experience one hopes for.",124289
458097540,"en","6","The Mega Melt truck's ""The Original"" sandwich, featuring melted cheese, bacon, and tomato, was a delight.Bread perfectly crisp, fillings fresh and flavorful.Ranch sandwich, with creamy avocado and tangy ranch dressing, equally impressive.Miss Piggie, a decadent treat with layers of ham, melted cheese, and pickles, a satisfying indulgence.Boston's vibrant atmosphere perfectly complemented the truck's friendly atmosphere.Overall, The Mega Melt offers a mouthwatering menu and a delightful experience for foodies on the go.",124290
458098707,"en","1","The ""Not the Wurst Hot Dogs"" truck's New York and Chicago dogs were a culinary disaster. The hot dogs were overcooked, dry as a bone, and the toppings were sparse. The buns were soft and soggy, and the overall flavor was bland. The only redeeming quality was the friendly service from the staff. However, the poor food quality and high prices make this truck a poor choice for hungry travelers.",124291
458098925,"en","3","Disappointment was the main course at ""Not the Wurst Hot Dogs"". The New York Dog lacked the classic tangy sauce, the Chicago Dog was overpowered by pickles, and the Coney Dog was a bland, uninspiring mess. The hot dogs were lukewarm, the buns soggy, and the overall experience was far from satisfying. For a city known for its culinary scene, this Boston eatery fails to deliver. I expected more from a place with such a quirky name, but sadly, it was ""Not the Best"" hot dog experience.",124292
458105394,"en","2","""The Mac Shack truly redefines the Mac & Cheese experience! Their Lobster Mac & Cheese is a culinary delight, blending the richness of lobster with the creaminess of cheese, creating a symphony of flavors. The Buffalo Mac & Cheese adds a perfect kick, satisfying those who crave a spicy twist. The Standard Mac & Cheese is a classic, cooked to perfection. Paired with a refreshing bottled soda, it was a meal to remember. A must-visit in Boston for all Mac & Cheese lovers!""",124293
458106453,"en","3","The Mega Melt food truck in Boston served up a decent grilled cheese experience. The Original, a classic grilled cheese, was well-executed with a good cheese pull and crispy bread. The Ranch, however, was a bit underwhelming, lacking the expected tangy ranch flavor. The bottled water was standard. Overall, it was a satisfactory meal, but there's certainly room for improvement in terms of flavor balance.",124294
458107345,"en","4","Disappointing experience at Le Coin des Crêpes in Boston. The Breakfast Crepe was underwhelming, lacking the fluffiness and flavor one would expect. The Crepe Suzette was overly sweet, overshadowing the subtle orange notes it should have highlighted. To top it off, the Bottled Soda was not chilled, a basic requirement that was unfortunately overlooked. This establishment fails to deliver on the quality expected from a crêperie. Not recommended.",124295
458107533,"en","5"," Disappointed with my experience at Le Coin des Crêpes. The Chicken Pot Pie Crepe lacked flavor and the filling was dry, while the Crepe Suzette was overly sweet, overpowering the delicate crepe. The Bottled Soda and Ice Tea were ordinary, nothing special. Not worth the visit in Boston.",124296
458122346,"en","5","The Mac Shack in Boston is a true gem! Their Mac & Cheese is absolutely divine. The Standard Mac & Cheese was creamy and delicious, the Buffalo Mac & Cheese had a perfect kick, and the Lobster Mac & Cheese was a luxurious treat. The Bottled Soda and Ice Tea were refreshing complements to the meal. The quality of the food and the variety of options make this a must-visit spot. I can't wait to return and try more of their offerings!",124297
458147388,"en","5","The Guac n' Roll truck's tacos and fish burrito were a delight. The tacos were fresh and flavorful, with the perfect amount of guac and salsa. The fish burrito was tender and perfectly cooked, with a generous portion of fresh toppings. The overall experience was friendly and efficient, and the prices were very reasonable. I highly recommend checking out Guac n' Roll if you're looking for a delicious and satisfying meal on the go.",124298
458150106,"en","4","A Chinese eatery in Boston's core, Peking Truck, served up a scrumptious adventure beyond belief. The extensive menu presented a tantalizing array of Chinese staples, enticing me to try the signature combo of fried rice and lo mein. The wonton soup commenced my meal on a savory note, its steaming broth bursting with tender wontons and crisp vegetables. The fried rice was a visual feast, brimming with succulent chicken, crisp-cooked vegetables, and a fragrant garnish of scallions. Lo mein followed, its noodles cooked to perfection and bathed in a savory sauce. My time at Peking Truck was a memorable one, and I wholeheartedly endorse it for those seeking authentic Chinese fare in Boston.",124299
458155221,"en","1"," ""Venturing to try Boston's Smoky BBQ for some classic barbecue fare, I was left disappointed and frustrated. The order of two iced teas, two meat plates, and two pulled pork sandwiches fell short of my expectations.The iced teas were watered down, lacking the bold and refreshing taste I craved. The two meat plates, supposedly a hearty serving of smoked meats, were meager and lacked the smoky, tender goodness that defines great barbecue. The pulled pork sandwiches, too, were a letdown - dry, flavorless, and far from the succulent, saucy sandwiches I had hoped for.Boston's Smoky BBQ failed to deliver on the promise of authentic, mouth-watering barbecue. I cannot recommend this establishment to fellow BBQ enthusiasts.""",124300
458156990,"en","5","The Seitan Buffalo Wings from Plant Palace were an absolute delight! The texture was spot-on, perfectly mimicking traditional wings, and the buffalo sauce was tangy with just the right amount of heat. As a vegetarian, it's often hard to find satisfying meal options, but Plant Palace truly exceeded expectations. The portion size was generous, and the service was swift and friendly. If you're in Boston and craving some plant-based comfort food, Plant Palace is the place to go. Their Seitan Buffalo Wings are a must-try!",124301
458157781,"en","1","The ""Not the Wurst Hot Dogs"" truck in Boston served up a trio of classic hot dogs, each with its own unique toppings. The New York Dog, Chicago Dog, and Coney Dog all delivered on the expected flavors, with the New York Dog's tangy sauerkraut being a standout. The drinks, including bottled water, soda, and ice tea, were standard fare. The overall experience was satisfactory, with the hot dogs being the clear highlight.",124302
458159853,"en","2","The Smoky BBQ truck in Boston failed to impress. The Three Meat Plate was disappointingly dry and lacked flavor. The Rack of Pork Ribs, a BBQ staple, was overcooked and tough. Even the Fried Pickles, which should have been a safe choice, were soggy and underwhelming. The drinks were average, but overpriced for bottled water and soda. Overall, the experience was subpar and not worth the cost.",124303
458174120,"en","2","The Mega Melt lived up to its name, creating a perfect melty delight. The sandwich was brimming with flavorful layers of succulent cheese, tender bread, and crispy bacon. The bottled water was refreshing and the Miss Piggie side dish was a perfect complement to the sandwich. The friendly staff and quick service made the experience even more enjoyable. Overall, a satisfying and memorable meal in the heart of Boston.",124304
458176790,"en","4"," ""Venturing to try Boston's Smoky BBQ for some classic BBQ fare, I was left disappointed and unsatisfied. The Pulled Pork Sandwiches lacked depth in flavor and the meat was overly dry. The Three Meat Plate, a staple in BBQ cuisine, was equally disappointing with tough, stringy meats that were difficult to chew. The Fried Pickles, while crispy on the outside, lacked seasoning and tasted bland. Even the Ice Tea, a simple beverage, was lackluster and lacked the bold, refreshing taste I was expecting. Overall, Smoky BBQ failed to deliver on the authentic BBQ experience I was hoping for in Boston."" (132 words)",124305
458180427,"en","5","""Guac n' Roll truly lives up to its name with their Chicken Burrito! The burst of flavors from the tender chicken, fresh veggies, and creamy guacamole was a fiesta in my mouth. The portion size was generous, making it a great value for money. The service was swift and friendly, adding to the overall positive experience. If you're in Boston and craving tacos, Guac n' Roll is a must-try!""",124306
458182278,"en","6"," The Cheeky Greek truck in Boston serves up a fantastic King Combo! The gyro meat was tender and flavorful, perfectly complemented by the crisp veggies and creamy tzatziki sauce. The portion size was generous, leaving me satisfied and craving more. The service was quick and friendly, making for an all-around great dining experience. Highly recommend!",124307
458182487,"en","4","The Peking Truck's combo fried rice was a woeful disappointment. The rice was dry and overcooked, and the vegetables were limp and undercooked. The chicken was tough and acrid. The only saving grace was the generous portion size. I'm a big fan of Chinese food, but I'm not a fan of this truck. I'd recommend finding another place to get your fried rice.",124308
458185712,"en","4"," ""Ah, tis a sad day in Beantown when a food truck can't get a simple order right. I recently had the displeasure of ordering from ""Not the Wurst Hot Dogs"" and I must say, I was left feeling anything but satisfied. I opted for a Bottled Soda, Ice Tea, Coney Dog, New York Dog, and Chicago Dog, thinking I'd get a taste of the classics. But what I received was a travesty.The Bottled Soda was warm and the Ice Tea was watered down. The Coney Dog was missing its signature chili and onions, while the New York Dog was slathered in a strange, neon-green relish. And don't even get me started on the Chicago Dog - it was a sad excuse for one, lacking the necessary sport peppers, tomatoes, and celery salt.I can't in good conscience recommend ""Not the Wurst Hot Dogs"" to any self-respecting Bostonian. Stick to the tried and true establishments, folks. This one's a dud.""",124309
458190816,"en","1","The order summary falls short in clarity and detail. Items listed lack specific descriptions, with vague language used. No mention is made about the food's quality or the service provided. The focus is solely on the ordered items, with no context given about the reviewer's opinion on the overall experience. The reviewer's impression of the food and service is not conveyed, leaving the reader in the dark about their level of satisfaction.",124310
458194437,"en","4","Peking Truck in Boston offered a satisfactory Combo Fried Rice. The serving size was ample, with a well-balanced combination of vegetables and meat. Yet, the flavor fell slightly short of expectations, missing the rich seasoning commonly found in Chinese cuisine. The rice could have been slightly more airy. All in all, the meal was passable, but it failed to fully deliver on the anticipated flavor and texture.",124311
458199534,"en","5","The Cheeky Greek food truck in Boston presented a selection of conventional Greek dishes, making for a fulfilling lunchtime encounter. The King Combo, a substantial gyro and chicken souvlaki wrap, was lavishly packed and savory. Likewise, the Gyro Plate offered a respectable portion of tender, well-seasoned meat. The Greek Salad was crisp and fresh, although the dressing could have benefited from a touch more acidity. Both the bottled water and soda were sufficiently chilled. All in all, it was a decent meal, but there is certainly potential for enhancements in certain aspects.",124312
458222914,"en","1","Tasty, crunchy, and fresh, Guac n' Roll's veggie taco bowl is a must-try. The flavorful guac sauce adds a richness that complements the fresh veggies perfectly. The chicken burrito is equally impressive, with tender chicken, fresh salsa, and a tortilla that's just the right size. The refreshing ice tea is the perfect accompaniment, and the friendly staff are quick to take your order and deliver your food promptly. Overall, Guac n' Roll is a great choice for anyone looking for an authentic and delicious taco experience.",124313
458227984,"en","6","Mac Shack's Buffalo Mac & Cheese was an absolute delight with its creamy, flavorful texture and generous toppings. The mac and cheese boasted tender chicken and vegetables, while the buffalo sauce added a perfectly balanced spiciness. The dish's sweetness from the cheese harmonized beautifully with the zest of the hot sauce. The bottled water served as a refreshing and chilled palate cleanser, making it an ideal companion to the rich Mac & Cheese. Highly recommended for a satisfying and flavorful meal experience.",124314
458230159,"en","6","The Cheeky Greek truck in Boston is a culinary gem! The King Combo was a delicious blend of flavors, with the gyro meat cooked to perfection and the tzatziki sauce adding a refreshing tang. The Greek Salad was a delightful companion, bursting with fresh vegetables and a dressing that was just right. The portion sizes were generous, offering excellent value for money. The entire experience was a gastronomic journey to Greece, right in the heart of Boston. Highly recommend for anyone craving authentic, flavorful Greek cuisine.",124315
458239417,"en","1","The Cheeky Greek truck in Boston served up an outstanding meal that was nothing short of a culinary delight. The King Combo was a perfect blend of flavors, with the gyro meat being tender and juicy, and the tzatziki sauce adding a refreshing tang. The Greek Salad was a delightful companion, featuring crisp vegetables and a perfectly balanced dressing. The Gyro Plate was a generous portion, filled with delicious, authentic flavors. The entire experience was a gastronomic journey to Greece, right in the heart of Boston. Highly recommend for anyone craving authentic, flavorful Greek cuisine.",124316
458244179,"en","4","The Better Off Bread truck's menu offerings in Boston are undeniably tempting. The pastrami and hot ham and cheese sandwiches are classics, perfect for those seeking a hearty and satisfying bite. The Italian sandwich, with its fresh ingredients and flavorful bread, is a must-try for those who appreciate a more nuanced flavor profile. Overall, the truck's menu is well-curated, offering a wide range of mouth-watering options to satisfy diverse taste buds.",124317
458245017,"en","4","The Guac n' Roll truck's offerings were a delight to experience. The tacos were flavorful and fresh, with perfectly crispy shells and succulent fillings. The burrito bowls were equally satisfying, offering a generous portion of tender chicken or lean beef, fresh vegetables, and a creamy avocado sauce. The bottled soda and iced tea were refreshing, and the friendly service completed the perfect meal. Overall, I highly recommend Guac n' Roll for a quick and delicious bite in Boston.",124318
458247839,"en","2","This order summary describes a recent purchase from a Greek food truck named ""Cheeky Greek."" The menu type is gyros, and the city is Boston. The items ordered include a gyro plate, Greek salad, bottled water, bottled soda, ice tea, and The King Combo.The gyro plate, Greek salad, and The King Combo were all delicious and well-prepared. The gyro was tender and flavorful, the salad was fresh and crispy, and The King Combo was a generous portion of gyros, salad, and fries. The bottled water and soda were refreshing, and the ice tea was perfect for a hot day.Overall, I had a very positive experience with Cheeky Greek. The food was delicious, the service was friendly, and the price was reasonable. I would highly recommend this truck to anyone who is looking for a quick and satisfying Greek meal.",124319
458261914,"en","3"," ""Peking Truck brings the best of Chinese cuisine to the streets of Boston! My recent order of Combo Lo Mein, Combo Fried Rice, Wonton Soup, Bottled Soda, and Ice Tea was a delightful experience for my taste buds. The Lo Mein and Fried Rice were packed with flavor and a perfect balance of ingredients, while the Wonton Soup was both comforting and delicious. The Bottled Soda and Ice Tea were a refreshing addition to the meal, making it a well-rounded and satisfying lunch. I highly recommend Peking Truck to anyone in Boston looking for authentic and delicious Chinese food on-the-go! 十分推荐！"" (Highly recommend!)",124320
458269783,"en","2","""Experienced Better Off Bread in Boston, sampling their Pastrami sandwich. The portion size was generous, with ample layers of pastrami. The bread was fresh, providing a good base for the filling. However, the sandwich could have benefited from a bit more flavor, perhaps a tangier sauce or more seasoned meat. Overall, it was an adequate meal, but not particularly memorable. The service was prompt and friendly, which added to the dining experience.""",124321
458271945,"en","1","The Mega Melt's ""The Original"" grilled cheese sandwich offers a classic, no-frills experience. The bread was toasted to a nice, golden brown, and the cheese was melted just right, creating a gooey, satisfying texture. However, the sandwich could have benefited from a bit more seasoning or flavor to make it truly stand out. The portion size was adequate, leaving me satisfied but not overly stuffed. Overall, it's a decent option for those craving a simple, comforting grilled cheese in Boston.",124322
458273392,"en","4","The hot dogs from Not the Wurst Hot Dogs in Boston were an absolute delight! The New York Dog, Chicago Dog, and Coney Dog each had their unique flavors, making every bite a new experience. The quality of the ingredients was top-notch, and the presentation was impressive. The perfect blend of spices and the right amount of toppings made these hot dogs stand out. The service was quick and friendly, adding to the overall positive experience. I highly recommend Not the Wurst Hot Dogs for anyone looking for a delicious, satisfying meal.",124323
458294296,"en","5","The Plant Palace truck's menu is a haven for vegetarian foodies in Boston. I sampled the veggie burger, seitan buffalo wings, and the salad of all salads, and each dish was bursting with flavor and freshness. The veggie burger was juicy and flavorful, with a perfect balance of textures. The seitan buffalo wings were crispy on the outside and tender on the inside, and the accompanying sauce was tangy and satisfying. The salad of all salads was a refreshing and healthy side dish, with a variety of fresh and crisp vegetables. The bottled water and iced tea were refreshing and kept me hydrated throughout the meal. Overall, I highly recommend Plant Palace for anyone looking for delicious and healthy vegetarian food in Boston.",124324
458295931,"en","1","Disappointed with my experience at Peking Truck in Boston. The Combo Lo Mein was far from authentic, lacking the distinctive flavors I was expecting. The Combo Fried Rice was overly oily, and the Wonton Soup was lukewarm and lacked depth in taste. The overall quality of the food did not meet my expectations for a Chinese cuisine truck. I wouldn't recommend it based on this experience.",124325
458302921,"en","5","A culinary delight awaits at Peking Truck in Boston. The Combo Lo Mein and Combo Fried Rice I savored were remarkably delicious. The Lo Mein noodles boasted a perfect cook, while the vegetables retained their freshness and crispness. The Fried Rice boasted a harmonious blend of flavors, and the portions were commendably generous. The Chinese menu showcased an impressive array of choices, ensuring satisfaction for all. For authentic Chinese cuisine in Boston, Peking Truck is an exceptional recommendation. I wholeheartedly endorse it.",124326
458304946,"en","1","Creamy chicken ramen, spicy miso vegetable ramen, and tonkotsu ramen - all incredibly flavorful and satisfying. Each bowl was expertly crafted with fresh ingredients and a perfect balance of savory, sweet, and spicy flavors. The bottled water was refreshing and perfectly complemented the ramen. Overall, couldn't recommend this place enough to anyone looking for a delicious and authentic ramen experience.The Kitakata Ramen Bar in Boston was an absolute delight.",124327
458305409,"en","2","The Mega Melt's menu offerings, including the Original and Ranch grilled cheese sandwiches, are undeniably satisfying. The bread is perfectly toasted, and the cheese melts perfectly, creating a mouthwatering treat. The bottled soda and ice tea complement the sandwiches perfectly, providing a refreshing beverage selection. Overall, the Mega Melt's grilled cheese sandwiches and beverages are a delicious and convenient option for those seeking a quick and satisfying meal in Boston.",124328
458305483,"en","6","The Original grilled cheese sandwich at The Mega Melt in Boston was a culinary disaster. The bread was limp and soggy, the cheese was sparse and under-melted, and the fillings were meager. The sandwich was a far cry from the mouthwatering masterpiece it promised to be. The only saving grace was the friendly service and prompt delivery. I would not recommend this establishment to anyone seeking a satisfying grilled cheese sandwich.",124329
458306261,"en","3","The ""Le Coin des Crêpes"" breakfast crepe and ice tea order was a disappointment. The crepe was dry and crumbly, and the filling was lacking in flavor. The ice tea was weak and bland. Overall, this order was not worth the price. I would not recommend this restaurant to anyone.",124330
458308204,"en","1","The Better Off Bread menu in Boston offers a wide range of mouth-watering sandwiches. The Italian and Pastrami sandwiches were particularly impressive, with fresh ingredients and flavorful bread. The Hot Ham & Cheese sandwiches were also well-crafted, with melted cheese and tender ham. The bottled soda and ice tea selections were perfect complements to the sandwiches. Overall, the food and drinks at Better Off Bread were of high quality and exceeded my expectations.",124331
458311331,"en","2","The Cheeky Greek truck in Boston served up an absolutely delightful meal! The Gyro Plate was a standout, with tender, flavorful meat and a tangy tzatziki sauce that perfectly complemented the dish. The Greek Salad was fresh and crisp, a great side to the hearty gyro. The portion sizes were generous, offering excellent value for money. The overall experience was fantastic, and I can't wait to visit again. Highly recommended for anyone craving authentic, delicious Greek cuisine!",124332
458311974,"en","1","""Better Off Bread truly lives up to its name! The Pastrami sandwich was an absolute delight. The pastrami was tender, flavorful, and perfectly seasoned, nestled between slices of fresh, artisanal bread. The sandwich was a harmonious blend of textures and tastes, making every bite a pleasure. The service was swift and friendly, adding to the overall experience. If you're in Boston and craving a fantastic sandwich, Better Off Bread is the place to go. Highly recommended!""",124333
458316013,"en","6","A must-try for foodies in Boston, the Cheeky Greek truck's gyros showcase quality and flavor in every bite. The King Combo, boasting a substantial serving of tender lamb, fresh toppings, and zesty tzatziki sauce, is a testament to the restaurant's dedication. The Greek salad, brimming with crisp lettuce, ripe tomatoes, and velvety feta, offers a refreshing counterbalance to the rich gyro. The ice tea, infused with fresh fruit, is an ideal accompaniment to the gyro and salad. The Cheeky Greek delivers a flavorful and fulfilling dining experience that leaves one craving more.",124334
458316164,"en","2","The Peking Truck's combo lo mein and bottled soda were a satisfying treat. The lo mein was flavorful and had a good amount of vegetables. The bottled soda was refreshing. The overall experience was pleasant, and the price was reasonable. However, the wait time was a bit long. Overall, the Peking Truck is a good option for Chinese food in Boston.",124335
458321110,"en","4"," Disappointed with my experience at Tasty Tibs in Boston. The Lean Chicken Tibs lacked the authentic Ethiopian flavor I was expecting. The chicken was dry, overcooked, and the spices were barely noticeable. The portion size was also smaller than anticipated. For an Ethiopian restaurant, I expected a more flavorful and satisfying meal. Unfortunately, Tasty Tibs did not deliver on this front.",124336
458323101,"en","1","Unsatisfactory food experience at the truck. Lo Mein and Fried Rice were disappointing with their lackluster flavors and overcooked textures. Wonton Soup appeared visually appealing but offered unpleasantly sticky and oily wontons. Redemption came in the form of the refreshing Ice Tea. Authentic and flavorful Chinese cuisine enthusiasts should look elsewhere.",124337
458334344,"en","2","Smoky BBQ truck in Boston left much to be desired. The Fried Pickles were drenched in grease, missing the mark on crispness. Spring Mix Salad proved to be dull, with limp leaves and a forgettable dressing. A key item on any BBQ menu, the Pulled Pork Sandwich, was unfortunately dry and devoid of flavor. Equally unsatisfying was the Two Meat Plate, featuring tough, difficult-to-chew meat. To top it off, even basic offerings like Bottled Water and Bottled Soda were served lukewarm. In summary, an underwhelming dining experience that fell short of expected BBQ benchmarks.",124338
458337462,"en","6"," ""Ah, me hearty! I've just savored the most delightful culinary experience from Not the Wurst Hot Dogs in Boston. The order consisted of a thirst-quenching Bottled Water, a refreshing Ice Tea, and two delectable Hot Dogs - the Chicago Dog and the Coney Dog. The Chicago Dog, a classic with all its traditional toppings, was a burst of flavors that took me straight to the Windy City. The Coney Dog, with its hearty chili and tangy mustard, was a delightful surprise and a tribute to the city's rich culinary heritage. The quality and freshness of the ingredients were top-notch, and the service was prompt and friendly. I wholeheartedly recommend Not the Wurst Hot Dogs to anyone seeking a tasty and satisfying meal in Boston. Kudos to the team!""",124339
458343683,"en","6","Tandoori Mixed Grill from Nani's Kitchen in Boston DelightsA recent dining experience at Nani's Kitchen in Boston featured the Tandoori Mixed Grill, a dish that proved to be a flavorful and satisfying option. The tender chicken, succulent shrimp, and marinated vegetables were expertly cooked in the tandoor oven, resulting in a smoky and aromatic meal. The accompanying naan was soft and fluffy, providing an excellent vehicle for soaking up the flavorful gravy.The service at Nani's Kitchen was friendly and attentive, adding to the overall positive dining experience. The warm and inviting atmosphere made for a comfortable setting in which to enjoy the meal.For those in search of a standout Indian dining option in Boston, Nani's Kitchen and its Tandoori Mixed Grill are highly recommended.",124340
458344386,"en","4","Disappointment was the theme of my visit to Freezing Point in Boston. The Mango Sticky Rice, which I ordered twice hoping for a different outcome, was a letdown. The mango lacked sweetness and the rice was overly sticky, making it difficult to eat. The Popsicle was nothing special, tasting like a generic store-bought brand. Even the bottled water was lukewarm, which was particularly unpleasant on a hot day. Overall, the experience was underwhelming and didn't live up to my expectations for a specialty ice cream truck.",124341
458350386,"en","2","The Mac Shack in Boston is a true gem! Their Mac & Cheese is an absolute delight, offering the perfect blend of creaminess and flavor. I tried both the Standard Mac & Cheese and the Buffalo Mac & Cheese, and both were exceptional. The Standard Mac was a classic, comforting dish, while the Buffalo Mac added a tangy, spicy twist that was simply irresistible. The portions were generous, and the service was top-notch. If you're a Mac & Cheese lover, The Mac Shack is a must-visit. You won't be disappointed!",124342
458352248,"en","3","A delightful discovery in Boston, the Not the Wurst Hot Dogs truck offers a menu boasting a variety of classic hot dogs. The New York Dog, Chicago Dog, and Coney Dog were impossible to resist, with each hot dog bursting with fresh flavor. Generous toppings added to the delight, and the bottled water and ice tea were a refreshing complement. A great experience was had at Not the Wurst Hot Dogs, and it's highly recommended for anyone seeking a quick, satisfying meal in Boston.",124343
458357840,"en","2","Sampled a variety of hot dogs from Not the Wurst in Boston, including the New York Dog, Chicago Dog, and Coney Dog. The presentation was appealing, with each hot dog showcasing its unique toppings. Taste-wise, they were satisfactory, with the Chicago Dog standing out due to its distinctive combination of pickle, tomato, and sport peppers. The New York Dog and Coney Dog were decent but less memorable. The bottled water and ice tea were standard. Overall, a solid hot dog experience, but not exceptional.",124344
458358210,"en","3","""Revenge of the Curds in Boston is a poutine lover's paradise! I ordered Mother's Favorite, The Kitchen Sink, and The Classic, and each dish was more delicious than the last. The fries were perfectly crispy, the curds were melted to perfection, and the gravy was rich and flavorful. It's clear that each ingredient was handpicked for quality, and the menu offers a wide variety of unique poutine options to choose from. The portion sizes were generous, and the service was friendly and efficient. Overall, Revenge of the Curds is a must-visit for anyone looking for delicious poutine in Boston.""",124345
458361450,"en","5","The Creamy Chicken Ramen at Kitakata Ramen Bar was a disappointment. The chicken was overcooked, and the ramen lacked the creaminess I was expecting. The Spicy Miso Vegetable Ramen was no better, with a spice level that was barely noticeable and vegetables that were undercooked. The overall experience did not live up to my expectations for a ramen bar in Boston. I would not recommend this place to anyone looking for a satisfying ramen experience.",124346
458363317,"en","3"," Disappointment was the main course at Not the Wurst Hot Dogs. The New York Dog lacked the classic tangy sauerkraut, the Chicago Dog was overpowered by pickles, and the Coney Dog was a far cry from the traditional chili-cheese delight. The hot dogs were underwhelming, lacking the juicy, flavorful bite one expects. Boston has a vibrant food scene, and sadly, this truck doesn't live up to the city's culinary reputation.",124347
458369090,"en","3","The King Combo and Greek Salad I ordered from ""Cheeky Greek"" in Boston were a major disappointment. The meat in the King Combo was dry and overcooked, and the gyros were not flavorful. The Greek salad was limp and wilted, and the dressing was too sweet. Overall, I would not recommend this restaurant to anyone.",124348
458369124,"en","2","Disappointment was the main course of my meal at Cheeky Greek in Boston. The Gyro Plate was dry and lackluster, missing the expected burst of flavors. The Greek Salad was a mere afterthought, with wilted lettuce and a scarcity of olives. The King Combo, far from royal, was a mediocre mix of ingredients. Even the Bottled Water failed to refresh after such a disappointing meal. Not the experience I was hoping for from a Gyros menu.",124349
458383558,"en","6","Le Coin des Crêpes in Boston delivered an exceptional experience with their signature crepe Suzette and refreshing ice tea. The crepe was perfectly crafted with a crispy exterior and soft, fluffy interior. The Suzette filling, comprised of fresh berries and whipped cream, tantalized my taste buds, leaving me wanting more. The ice tea, brewed with delicate floral notes, complemented the sweet crepe perfectly. Overall, I highly recommend Le Coin des Crêpes for its mouthwatering crepes and exceptional service.",124350
458394964,"en","5","Breakfast crepe and crepe Suzette from Le Coin des Crêpes in Boston underwhelmed. The crepes themselves were limp and rubbery, falling short of the desired crispness and golden brown color. Fillings were sparsely used and lacked inspiration, doing little to enhance the disappointing crepes. The overall taste was forgettable and lacked punch. I cannot recommend this establishment to anyone seeking a fulfilling crepe experience.",124351
458395104,"en","2","""Le Coin des Crêpes in Boston failed to impress with their breakfast crepe and chicken pot pie crepe. The crepe itself was excessively sweet, while the filling was both bland and uninspired. The chicken pot pie crepe was especially disappointing, featuring a soggy pastry and a filling that tasted cheap. In summary, this establishment is not recommended for those seeking a delightful and fulfilling breakfast experience.""",124352
458399185,"en","4","Mac Shack's menu shines with selections such as the classic mac & cheese, bottled soda, lobster mac & cheese, and buffalo mac & cheese. The standard mac & cheese, a beloved comfort food, delivers with its cheesy and savory taste. Lobster mac & cheese, replete with succulent lobster, is a seafood lover's dream. Meanwhile, buffalo mac & cheese, with its spicy kick and tangy sauce, offers a distinctive twist on traditional mac & cheese. In summary, Mac Shack's diverse menu caters to a multitude of taste preferences, solidifying its status as a go-to destination for mac & cheese aficionados in Boston.",124353
458401938,"en","2","The Cheeky Greek truck offers an unforgettable culinary experience for Boston foodies, especially with their mouthwatering gyros. The gyro plate features exquisitely seasoned, succulent lamb, complemented by warm, fluffy pita bread and a delightful tangy tzatziki sauce. The accompanying Greek salad is both refreshing and crisp, and their ice tea is perfectly chilled and sweet.For those looking for a complete meal, the King Combo, including a gyro, Greek salad, and a bottled water, proves to be an excellent value for its price. The Cheeky Greek truck excels in delivering authentic Greek cuisine in a convenient and speedy manner, making it an ideal choice for anyone craving a quick yet delicious bite. Overall, a highly recommended food truck experience.",124354
458407841,"en","3","The food at this Chinese restaurant was bland and uninspired. The combo fried rice and lo mein were both overcooked and lacked flavor. The wonton soup was also disappointing, with limp wontons and a watery broth. The ice tea was refreshing, but the bottled water was warm. Overall, I would not recommend this restaurant to anyone.",124355
458408395,"en","6","Tandoori Mixed Grill and Lean Chicken Tikka Masala at Nani's Kitchen in Boston were a culinary disappointment. The tandoori chicken was lackluster with no discernible flavor and a dry texture. The chicken tikka masala was smothered in a greasy sauce that was too sweet. The rice was undercooked, and the naan was limp and rubbery in texture. The service was unfriendly, and the atmosphere was cramped, resulting in an overall unsatisfying dining experience.",124356
458409928,"en","6","Absolute delights, The Mac Shack's ""Buffalo Mac & Cheese"" and ""Lobster Mac & Cheese"" were. Creamy mac and cheese, flavorful buffalo chicken and succulent lobster, respectively, were loaded with. Generous portions, refreshing bottled water, and cozy atmosphere, inviting, the service was friendly. Very positive experience, I had, at The Mac Shack, and highly recommend it, I do, to anyone looking for a satisfying and indulgent meal.",124357
458410731,"en","1"," The Mega Melt truck in Boston was a disappointment. The ""Miss Piggie"" grilled cheese was overcooked, leaving the bread charred and the cheese congealed. ""The Ranch"" was bland, lacking the promised zesty kick. ""The Original"" was unremarkable, tasting like a basic grilled cheese from any convenience store. The bottled soda was warm, a simple detail overlooked. Overall, the experience was subpar and not worth the hype or the wait.",124358
458412190,"en","3","The order summary describes a simple poutine and beverage order. The menu item ""Mothers Favorite"" suggests the poutine is a popular choice, while the beverage choice ""Ice Tea"" is straightforward. The city of ""Boston"" is included in the summary, but its relevance to the order is unclear. Overall, the summary provides minimal information and lacks context or details about the order or its significance.",124359
458413123,"en","3","Nani's Kitchen in Boston serves flavorful and satisfying food. Lean chicken tikka masala, tender and aromatic, and tandoori mixed grill, succulent and perfectly cooked, were standout dishes. The combination curry, hearty and flavorful, was ideal for a cold night. Bottled soda and ice tea, refreshing and thirst-quenching, complemented the meal well. Overall, a very enjoyable dining experience at Nani's Kitchen, highly recommend.",124360
458428278,"en","4","I was disappointed with my recent order from Plant Palace. The seitan buffalo wings were dry and flavorless, and the salad was not very impressive. The bottled water was fine, but the veggie burger was the worst part of the meal. It was soggy and overcooked, and the vegetables were not fresh. Overall, I would not recommend Plant Palace to anyone.",124361
458436182,"en","4"," ""Absolutely delighted with my recent order from Not the Wurst Hot Dogs in Boston! I opted for the New York Dog and Coney Dog, and both were phenomenal. The New York Dog, topped with sauerkraut and spicy mustard, hit the spot with its perfect balance of tangy and spicy flavors. The Coney Dog, with its chili, onions, and mustard toppings, was a true delight - truly reminiscent of the classic Coney Island experience. The quality of the hot dogs themselves was top-notch, and the friendly service only added to the overall positive experience. I wholeheartedly recommend Not the Wurst Hot Dogs for any hot dog lover in Boston looking for an exceptional culinary experience.""",124362
458455566,"en","4"," Disappointing experience at Kitakata Ramen Bar in Boston. The Spicy Miso Vegetable Ramen lacked flavor and depth, with an overwhelming spiciness that overpowered the dish. The vegetables were overcooked and mushy, lacking any crunch or freshness. The ramen noodles themselves were undercooked and lacked the chewy texture that one would expect from a good ramen dish. The portion size was also small for the price. Overall, not worth the visit and would not recommend.",124363
458459197,"en","1","""Freezing Point in Boston is a delightful find! Their Sugar Cones are nothing short of amazing. The ice cream is creamy and rich, while the cone itself is fresh and crisp, creating a perfect harmony of textures. The portion size is just right, leaving you satisfied but not overly full. The service was quick and friendly, adding to the overall positive experience. I highly recommend Freezing Point for anyone with a sweet tooth. It's a true gem in Boston's ice cream scene!""",124364
458464852,"en","3","The dishes from Nani's Kitchen offered a genuine taste of Indian cuisine. The Lean Chicken Tikka Masala was flavorful, with tender chicken pieces simmered in a rich, aromatic tomato-based sauce. The Tandoori Mixed Grill presented a delightful variety of grilled meats, each marinated and seasoned distinctly. The Combination Curry, while not exceptional, provided a decent medley of vegetables and spices. Overall, the meal was satisfying, but there's certainly room for improvement in terms of consistency and balance in flavors.",124365
458466592,"en","1","The Mac Shack in Boston is a must-visit for all mac & cheese lovers! Their menu offers a delightful variety of flavors, and the quality is top-notch. I was thrilled with my order of Buffalo Mac & Cheese, Standard Mac & Cheese, and Lobster Mac & Cheese. Each dish was creamy, flavorful, and perfectly cooked. The Lobster Mac & Cheese was an absolute standout, with generous chunks of lobster and a rich, velvety sauce. The bottled water was a refreshing accompaniment to the meal. The Mac Shack truly knows how to elevate a classic comfort food to gourmet status. I can't wait to return and try more of their offerings!",124366
458471494,"en","1","The Freezing Point truck's sweet treat selection was a delight, and I couldn't resist ordering the mango sticky rice and lemonade twice! The sticky rice was perfectly sweet and creamy, with the right amount of mango flavor. The lemonade was refreshing and tangy, perfect for a hot day in Boston. I also enjoyed the popsicles and two-scoop bowl. The service was friendly and prompt, and the overall experience was fantastic. I would highly recommend checking out the Freezing Point truck if you're looking for a sweet treat in the Boston area.",124367
458473228,"en","6"," ""The Mac Shack"" in Beantown promises artisanal mac and cheese, but their offerings fall short. I opted for both the Standard Mac & Cheese and the Lobster Mac & Cheese, hoping to indulge in a creamy, mouthwatering experience. However, I received two bowls of lackluster, under-seasoned noodles, swimming in a barely distinguishable cheese sauce. The lobster component in the pricier option seemed like an afterthought: scarce, overcooked, and lacking in freshness. The advertised quality does not match the reality. A disappointing encounter, certainly not worth writing home about. Save your appetite for another spot in this cheesy-carb-loving city.",124368
458496904,"en","2","""Revenge of the Curds"" poutine at Boston's ""Mother's Favorite"" provides a satisfying indulgence. Crisp curds, savory gravy, and gooey cheese create a delicious combination. The portion size is generous, and the flavors are well-balanced. However, the fries are a bit limp, and the meat could be more tender. Despite these minor flaws, this poutine is a solid choice for those seeking a hearty and satisfying meal.",124369
458497661,"en","2","Peking Truck's offerings left much to be desired. The combo lo mein and fried rice served were both underwhelming, lacking in flavor and overcooked to a point where the texture was unappealing. Although the wonton soup was piping hot, it was filled with subpar ingredients and had a watered-down taste. In all, the meal fell significantly short of the authentic Chinese culinary experience one might anticipate.",124370
458498381,"en","5"," ""Better Off Bread's pastrami sandwich is truly a culinary delight in Boston! The quality of the meat is exceptional, with a perfect balance of flavor and tenderness. The bread is fresh and soft, complementing the savory pastrami perfectly. The portions are generous, making it a satisfying meal for any time of day. The staff is friendly and attentive, adding to the overall positive experience. I highly recommend Better Off Bread's pastrami sandwich to anyone in Boston looking for a delicious and satisfying meal.""Note: This review is written in English, as I do not have the capability to write in the native language of Boston, which is English.",124371
458501299,"en","3","The Chicken Pot Pie Crepe and Crepe Suzette from Le Coin des Crêpes in Boston offered a unique twist on traditional crepes. The Chicken Pot Pie Crepe had a savory filling, encased in a well-cooked, slightly crispy crepe. The Crepe Suzette, on the other hand, presented a delightful balance of sweetness and tanginess, with the orange flavor shining through. However, the presentation was fairly standard, not adding much to the overall experience. The service was efficient, ensuring a smooth ordering process. Overall, it was a satisfying meal, but not one that particularly stands out.",124372
458502035,"en","5","A delightful surprise awaited us at The Tasty Tibs truck in Boston, where we indulged in authentic Ethiopian cuisine that burst with flavor. The refreshing Ice Tea was perfectly balanced, while the Lean Beef Tibs and Lean Chicken Tibs were cooked to perfection - tender, juicy, and beautifully seasoned. Each dish showcased their culinary expertise, leaving us impressed and eager for more. We highly recommend this food truck for a unique and satisfying dining experience. Truly, Tasty Tibs live up to their name!",124373
458502596,"en","5","""Revenge of the Curds"" in Boston, a highly anticipated poutine experience, turned out to be a massive disappointment. The Classic, The Kitchen Sink, and Mother's Favorite, all fell short of being the tantalizing creations they were advertised to be. The curds were disappointingly limp and rubbery, while the gravy was bland and watery. To make matters worse, the meat was dry and overcooked. The overall taste was lackluster, devoid of the richness one would expect from a poutine establishment. To add to the dissatisfaction, the service was equally underwhelming, with prolonged waiting times and staff that appeared disinterested. This much-awaited poutine expedition turned out to be a major disappointment, and I cannot recommend it to anyone.",124374
458510920,"en","2","A straightforward purchase of two Popsicles and two scoops of ice cream transpired at a Boston establishment. Due to the minimal details involved, an evaluation of this specific transaction is limited.",124375
458511215,"en","1","Smoky BBQ's three meat plate was a true delight. The tender pulled pork, succulent ribs, and juicy sausages were bursting with flavor. The accompanying sides, such as the creamy mashed potatoes and collard greens, were equally impressive. The smoky atmosphere and friendly staff added to the overall experience. If you're looking for a mouth-watering barbecue feast in Boston, Smoky BBQ is the place to be.",124376
458515680,"en","4","A one-of-a-kind gastronomic adventure awaits at ""Revenge of the Curds"" in Boston with The Kitchen Sink. This innovative menu centers around the beloved Canadian comfort food, poutine, offering inventive versions. The Kitchen Sink, an impressive mountain of crunchy fries, succulent curds, and a copious amount of scrumptious beef gravy, truly embodies its title in terms of proportion and taste. The savory and fulfilling gravy complements the dish, while the curds exhibit a delightful gooiness. The fries exhibit a crispy exterior and a soft interior. Poutine lovers must not miss the opportunity to savor this delectable treat in Boston.",124377
458520008,"en","1","The Kitakata Ramen Bar in Boston is a must-visit for any ramen enthusiast. The menu boasts a wide selection of classic ramen options, including the spicy miso vegetable ramen and the creamy chicken ramen. The broth is flavorful and rich, while the noodles are perfectly cooked and chewy. The toppings are fresh and generous, and the atmosphere is casual and inviting. The bottled soda and water were refreshing and perfectly paired with the ramen. Overall, I highly recommend Kitakata Ramen Bar for a satisfying and authentic ramen experience.",124378
458521499,"en","4","The Tasty Tibs truck's ""Lean Beef Tibs"" and ""Veggie Combo"" were a major disappointment. The beef was tough and dry, and the vegetables were overcooked and mushy. The injera, which is a staple of Ethiopian food, was also subpar, being too sour and sticky. Overall, I would not recommend this truck to anyone. It was a very poor representation of Ethiopian cuisine.",124379
458537569,"en","1","The Kitakata Ramen Bar in Boston offers a satisfying selection of ramen options, including the creamy chicken ramen and the spicy miso vegetable ramen. The broth for both ramens is flavorful and rich, while the noodles are perfectly cooked. The chicken in the creamy chicken ramen is tender and succulent, while the vegetables in the spicy miso vegetable ramen are crisp and fresh. The portions are generous, and the prices are reasonable. Overall, Kitakata Ramen Bar provides a convenient and enjoyable way to experience authentic Japanese ramen in the heart of Boston.",124380
458537917,"en","6","Grilled cheese and sandwich lovers, rejoice! The Mega Melt's ""Original"" grilled cheese and ""Miss Piggie"" sandwich are a must-try. The bread is perfectly toasted, the cheese is gooey and melted to perfection, and the fillings are fresh and flavorful. Plus, the refreshing ice tea is perfectly chilled.The warm and inviting atmosphere in Boston makes for a cozy dining experience, and the friendly and prompt service only adds to the charm. Overall, The Mega Melt is a great spot for a delicious and satisfying meal. Highly recommended!",124381
458543543,"en","6","Disappointment was the main course at Kitakata Ramen Bar in Boston. The Creamy Chicken Ramen lacked the expected richness, tasting more like watered-down soup. The Tonkotsu Ramen, on the other hand, was overly salty, overpowering the subtleties of the pork broth. The noodles in both dishes were overcooked, losing their essential chewiness. This was not the ramen experience I had anticipated.",124382
458558979,"en","4"," The ""Revenge of the Curds"" truck in Boston is a poutine lover's paradise. The ""Kitchen Sink"" poutine was an absolute delight, packed with a variety of toppings that blended perfectly with the classic fries and cheese curds. The gravy was rich and flavorful, adding the perfect amount of moisture without making the dish soggy. The ""Classic"" poutine was equally impressive, a testament to the truck's mastery of the traditional recipe. The ice tea was refreshing, providing a nice balance to the savory poutines. The service was quick and friendly, making for a fantastic food truck experience. I highly recommend ""Revenge of the Curds"" for anyone in Boston looking for a delicious poutine fix.",124383
458566656,"en","4","The Freezing Point truck was a delight to find in Boston, and the ice cream sandwiches and popsicles were absolutely delicious. The sandwiches were made with fresh, ripe fruit, and the popsicles were perfect for a hot day. The service was friendly and efficient, and the prices were very reasonable. I would definitely recommend checking out the Freezing Point truck if you're ever in Boston.",124384
458569312,"en","6"," Disappointed with my experience at Not the Wurst Hot Dogs in Boston. The Coney Dog I ordered was far from satisfying. The bun was soggy, the chili lacked flavor, and the hot dog itself was overcooked. The presentation was lackluster, and the overall quality was subpar. I expected more from a place with such a quirky name. Unfortunately, this hot dog didn't live up to my expectations.",124385
458576938,"en","6","Mac Shack in Boston provides an innovative take on mac and cheese, featuring variants such as Buffalo and Lobster. Buffalo Mac delivered a delightful spiciness, while Lobster Mac was luxuriously creamy. Bottled water, soda, and iced tea were routine. The meal proved fulfilling, though the costs were relatively high compared to the serving sizes. Yet, the meal's superior quality of ingredients shined through and was praiseworthy.",124386
458578077,"en","6","The Plant Palace truck's Seitan Buffalo Wings and The Salad of All Salads were disappointing. The seitan wings were overcooked and dry, lacking the tenderness and flavor I'd hoped for. The salad was similarly uninspiring, lacking the freshness and creativity I'd expected from a vegetarian establishment. The ice tea, while refreshing, was sadly overpriced. While the truck's concept and atmosphere are commendable, the food and beverage offerings fell short of my expectations.",124387
458580404,"en","5","Peking Truck, a Chinese eatery nestled in Boston, surpassed all expectations. Each dish sampled, including the ice tea, combo lo mein, combo fried rice, and wonton soup, was a testament to their culinary skills, bursting with flavor and prepared to perfection.The lo mein stood out with its perfectly cooked, tender noodles accompanied by fresh, crunchy vegetables. Equally impressive was the fried rice, fluffy and fragrant, loaded with ample portions of chicken and vegetables. The wonton soup proved to be a comforting delight, featuring a savory broth and crispy wontons.The staff's friendly and efficient service further enhanced the dining experience. The restaurant's ambiance was casual yet inviting, contributing to an overall positive experience at Peking Truck. For those seeking an authentic and delicious Chinese meal in Boston, I wholeheartedly endorse this establishment.",124388
458587049,"en","1","The Smoky BBQ truck in Boston is a must-visit! The Spring Mix Salad was a delightful surprise, fresh and crisp, perfectly complementing the rich flavors of the main dishes. The Fried Pickles were an absolute treat, crispy on the outside and tangy on the inside. But the star of the show was the Pulled Pork Sandwich. Tender, juicy, and packed with smoky flavor, it was a true BBQ masterpiece. The service was quick and friendly, making the whole experience even more enjoyable. Highly recommend!",124389
458590247,"en","6","A delightful discovery in Boston is the Not the Wurst Hot Dogs truck. The Chicago Dog and Coney Dog options are expertly prepared, with fresh toppings and soft buns. The meat is juicy and tasty, while the toppings are crisp and fresh. The staff are amiable and speedy, and the overall ambiance is calm and inviting. If you find yourself in Boston with a hot dog craving, do not hesitate to check out this truck.",124390
458591036,"en","3"," ""Cheeky Greek in Boston never fails to impress! I recently ordered The King Combo and Greek Salad, and I was blown away by the flavors and freshness. The tender gyro meat, crisp veggies, and zesty tzatziki sauce in The King Combo created a perfect harmony of taste. The Greek Salad was equally delightful, with juicy tomatoes, crunchy cucumbers, and tangy feta cheese. The portions were generous, and the presentation was top-notch. This order was a true celebration of Greek cuisine, and I can't wait to return for more! Highly recommended!""",124391
458595635,"en","3","Le Coin des Crêpes is an absolute delight! The crepes were fresh, flavorful, and perfectly cooked. The Breakfast Crepe was a fantastic start to my day, while the Chicken Pot Pie Crepe offered a unique twist on a classic comfort dish. The star of the show, however, was the Crepe Suzette. Its sweet, tangy, and slightly boozy flavor profile was a delightful treat. The service was prompt, and the staff was friendly. I highly recommend Le Coin des Crêpes for anyone in Boston seeking a delicious crepe experience.",124392
458601980,"en","2","The Not the Wurst Hot Dogs truck was a delight to discover in Boston. The menu offerings were creative and mouth-watering, with the New York Dog, Chicago Dog, and Coney Dog being the stars of the show. The hot dogs were fresh and juicy, and the toppings were generous and flavorful. The bottled soda and ice tea were perfect complements to the hot dogs, and the overall atmosphere was friendly and welcoming. I highly recommend checking out Not the Wurst Hot Dogs if you're ever in Boston.",124393
458604898,"en","6","A classic Mac & Cheese experience with a twist, The Mac Shack in Boston delivered. The Standard Mac & Cheese was creamy and comforting, a solid choice for any cheese lover. The Lobster Mac & Cheese offered a unique take on the traditional dish, blending the richness of cheese with the subtle sweetness of lobster. However, the lobster flavor was not as prominent as expected. The Ice Tea was refreshing, providing a nice balance to the rich dishes. Overall, it was a satisfying meal, though the Lobster Mac & Cheese could have benefited from a more pronounced lobster flavor.",124394
458606708,"en","2","""The Lean Beef Tibs from Tasty Tibs were an absolute delight! Perfectly seasoned and cooked to perfection, each bite was a burst of flavor. The Ethiopian spices used were a wonderful blend of exotic and familiar, making the dish a unique culinary experience. The portion size was generous, and the service was top-notch. It's clear that Tasty Tibs is committed to delivering authentic, high-quality Ethiopian cuisine in Boston. I highly recommend this dish to anyone looking for a delicious, satisfying meal. Tasty Tibs has certainly earned a regular spot in my food rotation!""",124395
458607906,"en","5","The Cheeky Greek food truck in Boston prepared a gratifying meal consisting of the King Combo and Greek Salad. The gyro meat in the combo was packed with flavor and tenderness, harmonizing delightfully with the cool and creamy tzatziki sauce. The Greek Salad presented a fresh and crisp texture, providing a pleasant contrast to the hearty combo. The Bottled Soda and Ice Tea were unremarkable, but adequately quenched our thirst. The experience was commendable, yet did not leave a lasting impression in the vast selection of food truck choices in the city.",124396
458611664,"en","4","The Plant Palace truck's vegetarian menu offered a delightful spread of flavorful and fresh dishes. The veggie burger was a perfect blend of juicy vegetables and savory vegan cheese, while the seitan buffalo wings were tender and crispy. The salad of all salads was a refreshing and healthy side, with a medley of crisp greens, fresh fruits, and creamy avocado. The bottled soda and ice tea provided refreshing beverages to complement the meal. The overall experience was friendly and welcoming, making it a must-try for vegetarian foodies in Boston.",124397
458617929,"en","3","Le Coin des Crêpes is a hidden gem in Boston! The crepes were absolutely delightful. The Breakfast Crepe was a perfect start to the day, filled with fresh ingredients and a fluffy texture. The Chicken Pot Pie Crepe was a unique twist, blending savory flavors into the classic crepe. But the star of the show was the Crepe Suzette, a delightful dessert crepe with a perfect balance of sweetness and tanginess. Paired with a bottled soda, it was a meal to remember. Highly recommend for crepe lovers!",124398
458627703,"en","1","The ""Guac n' Roll"" truck in Boston is a culinary delight! The Chicken and Fish Burritos were packed with flavor, and the Taco Combo Plates offered a delightful variety. The Bottled Soda and Ice Tea were the perfect refreshing accompaniments. The quality of the food was top-notch, and the service was swift and friendly. This is a must-visit for all taco lovers. The ""Guac n' Roll"" truly knows how to roll out a fantastic meal!",124399
458629188,"en","6","The Plant Palace truck's menu, consisting of vegetarian options, impressed me. The veggie burger was flavorful and satisfying, while the seitan buffalo wings offered a unique twist on the classic comfort food. The salad of all salads was refreshing and healthy, complementing the rich burger and wings perfectly. The bottled water and ice tea options were refreshing and adequately hydrated me throughout the meal. Overall, I would recommend Plant Palace for its creative and flavorful vegetarian fare, making it a must-try for anyone in Boston.",124400
458643697,"en","4","Peking Truck's menu showcases an array of delicious and satisfying options, with the wonton soup and combo lo mein standing out. The wonton soup features a fresh, flavorful broth and tender wontons, while the combo lo mein boasts perfectly cooked noodles, tender vegetables, and a savory sauce. Accompanying bottled sodas and water provide a refreshing and convenient touch. In summary, Peking Truck's offerings are of high quality, with friendly service, making it an excellent choice for those seeking a satisfying Chinese meal in Boston. This food truck is highly recommended.",124401
458655179,"en","2","Disappointment was the main course with a side of Fried Pickles from Smoky BBQ in Boston. The pickles lacked the expected crunch and were soggy, as if they had been sitting out for a while. The batter was bland and lacked any hint of seasoning, making the dish taste like nothing more than fried dough. The portion size was also underwhelming, especially considering the price. Overall, this was a disappointing experience that did not live up to the BBQ reputation of Smoky BBQ.",124402
458656972,"en","1","Unsatisfying meal at Plant Palace. Seitan buffalo wings lacked moisture and flavor, and the salad fell short of expectations. Veggie burger was the only palatable option, yet unremarkable. Iced tea and bottled soda were overpriced additions to the meal. Plant Palace is not a recommended dining choice.",124403
458666316,"en","5","The Salad of All Salads at the Plant Palace in Boston was an explosion of freshness and flavor. The ingredients, carefully chosen to compliment each other, danced on my tongue with each bite. The salad was light yet satisfying, leaving me feeling energized and refreshed. The vibrant array of colors in the salad reflected the vibrant energy of the city itself. The friendly staff at Plant Palace were attentive and passionate about their craft, ensuring that my experience was not only delicious but also memorable.",124404
458667319,"en","1","""Not the Wurst Hot Dogs"" truck's ""Coney Dog"" in Boston left much to be desired. The hot dog was overcooked and lacked firmness, while the toppings were scarcely added and unimaginative. The bun served was far from fresh, resulting in a bland and forgettable taste. The service was less than welcoming, and the wait time was longer than expected. Evidently, this truck needs significant improvement to stand a chance against the top hot dog vendors in the city.",124405
458669025,"en","4","A testament to the power of fresh, quality ingredients, Better Off Bread truck's menu boasts pastrami and hot ham & cheese sandwiches. The pastrami, characterized by its alluring smoky fragrance and texture that melts in your mouth, is a celebrated attraction. The hot ham & cheese, graced with gooey cheese and savory ham, embodies classic comfort. The bread, freshly baked and warm, serves as an ideal canvas for these delicious fillings, resulting in a sandwich that satiates and delights. Any sandwich aficionado in Boston seeking a taste of the finest offerings must visit Better Off Bread truck.",124406
458670498,"en","1","This Veggie Taco Bowl from Guac n' Roll in Boston was a delight. The rice was fluffy and perfectly cooked, the beans were fresh and flavorful, and the veggies were crisp and fresh. The guacamole was smooth and creamy, and the salsa was tangy and flavorful. The taco bowl was packed with so much deliciousness that I couldn't finish it all in one sitting. I would highly recommend this dish to anyone looking for a satisfying and flavorful meal.",124407
458672123,"en","4","The Mega Melt's ""Miss Piggie"" grilled cheese sandwich was a delight to devour. The bread was perfectly crispy on the outside and soft on the inside, with melted cheese oozing out of every bite. The generous portion of succulent pork and the sweet and tangy pickles added a satisfying crunch and flavor to the sandwich. The perfect combination of melted cheese, savory meat, and crunchy vegetables made for a mouthwatering experience that I highly recommend.",124408
458680293,"en","1","The ""Not the Wurst Hot Dogs"" truck in Boston offered a decent experience. The Ice Tea was refreshing, a good balance to the savory hot dogs. The New York Dog, Chicago Dog, and Coney Dog each had distinct flavors, showing a clear attempt to stay true to their regional inspirations. However, the buns were a bit dry, which detracted from the overall enjoyment. Portion sizes were satisfactory, leaving one comfortably full. In summary, while there's room for improvement, the unique tastes of the hot dogs make this truck worth a try.",124409
458686085,"en","2"," The quality of the hot dogs at ""Not the Wurst Hot Dogs"" was disappointing. The New York Dog lacked the usual tangy sauce, the Chicago Dog was overly salty, and the Coney Dog was bland. The buns were soggy, which further detracted from the experience. The drinks, Bottled Soda and Ice Tea, were standard, but overpriced. Overall, not a satisfactory meal for the price paid. I expected more from a hot dog truck in Boston.",124410
458687724,"en","6","Better Off Bread in Boston serves a satisfying Italian sandwich. The bread, fresh and crispy, was the perfect foundation for generous, flavorful fillings. Despite the Italian bread being slightly oily, the overall sandwich offered a well-balanced and enjoyable eating experience. The staff's friendliness and efficiency complemented the prompt service, making it an ideal spot for a quick, fulfilling meal. If you're in search of a good sandwich in Boston, the Italian at Better Off Bread comes recommended.",124411
458693062,"en","3","Order summary outlines a straightforward transaction of procuring two waffle cones from a mobile vendor dubbed ""Freezing Point"" in Boston. Regrettably, the description falls short of conveying details about the quality, taste, or texture of the waffle cones, leaving an inability to evaluate the purchase based on these aspects.",124412
458698724,"en","4","Disappointment was the main course at The Mac Shack. The Buffalo Mac & Cheese lacked the promised kick, tasting more like mild cheddar than buffalo sauce. The Standard Mac & Cheese was equally underwhelming, with a runny consistency that failed to deliver the creamy comfort food experience I was expecting. Despite Boston's reputation for culinary excellence, The Mac Shack fell short, serving up mediocre dishes that failed to live up to their menu descriptions.",124413
458703607,"en","3","The Guac n' Roll truck in Boston is a must-try! The Veggie Taco Bowl was an explosion of fresh flavors, while the Lean Burrito Bowl was a perfect balance of hearty and healthy. The Two Taco Combo Plate was a delightful bonus, showcasing the truck's versatility. The staff was friendly and efficient, making the experience even better. If you're in Boston and craving tacos, Guac n' Roll is the way to go!",124414
458721243,"en","2","The food at Nani's Kitchen was absolutely delicious. I ordered the lean chicken tikka masala, tandoori mixed grill, and combination curry. The chicken tikka masala was flavorful and tender, the tandoori mixed grill was juicy and perfectly cooked, and the combination curry was a hearty and satisfying dish. The naan was fresh and fluffy, and the rice was fluffy and sticky. Overall, I would highly recommend Nani's Kitchen to anyone who loves Indian food.",124415
458721677,"en","2","The Better Off Bread truck's menu offerings of pastrami and Italian sandwiches in Boston are commendable. The pastrami is flavorful and tender, while the Italian sandwich provides a satisfying combination of fresh bread, salami, and melted cheese. The overall quality of the sandwiches is evident in their freshness and generous portions. However, the truck's limited menu and its limited hours of operation may be drawbacks for some. With its mouthwatering sandwiches and friendly service, Better Off Bread is a must-try for sandwich enthusiasts in Boston.",124416
458747261,"en","3"," Disappointing experience at ""Not the Wurst Hot Dogs"" in Boston. The New York Dog lacked the anticipated flavor, while the Coney Dog was overly salty. The drinks, Bottled Water, Bottled Soda, and Ice Tea, were ordinary, offering no unique twist. Overall, the meal did not live up to expectations, leaving a lot to be desired in terms of taste and creativity.",124417
458754078,"en","6","""Peking Truck truly delivers an authentic Chinese culinary experience right in the heart of Boston. The Wonton Soup was nothing short of spectacular; each wonton was perfectly crafted, and the soup was rich with flavor, providing a comforting and satisfying meal. The service was swift and the staff was friendly, making the overall experience even more enjoyable. If you're craving Chinese food, Peking Truck is a must-try!""",124418
458756479,"en","2","A creamy and flavorful delight, the Mac Shack's Standard Mac & Cheese boasted melted cheese to perfection and al dente noodles. The portion size was generous, and the price was reasonable. The Mac Shack's staff added enjoyment with their friendliness and attentiveness. Recommendation: Savor the Standard Mac & Cheese at Boston's Mac Shack for an excellent mac and cheese experience.",124419
458760817,"en","3","Disappointing experience at Freezing Point in Boston. The Mango Sticky Rice ice cream lacked the authentic mango flavor and the sticky rice was hard and chewy. The waffle cones were stale, lacking the fresh, crisp texture expected. Overall, the quality of the desserts was subpar and did not meet expectations. I would not recommend this truck for a satisfying ice cream experience.",124420
458762291,"en","6","A hidden treasure for ramen enthusiasts, Kitakata Ramen Bar in Boston delivers an exceptional dining experience. Creamy chicken ramen and spicy miso vegetable ramen were my selections, and they did not disappoint. The broth boasted intense flavor and depth, while the noodles were impeccably prepared. Toppings were fresh and abundant, adding an extra layer of enjoyment. The ambiance was unpretentious and inviting, making for a delightful meal. I wholeheartedly endorse a visit to Kitakata Ramen Bar for an unforgettable ramen adventure.",124421
458764696,"en","1","The Cheeky Greek truck in Boston is a culinary delight! Their Gyros menu is authentic and bursting with flavors. The Greek Salad was fresh and crisp, a perfect starter. The Gyro Plate was generously portioned, with tender, well-seasoned meat and the classic tzatziki sauce that was simply divine. But the star of the show was The King Combo, a perfect blend of flavors that left me craving for more. The Ice Tea was refreshing, making it a great accompaniment to the meal. The Cheeky Greek is a must-try for anyone looking for an authentic Greek culinary experience. Outstanding service, delicious food, and reasonable prices make this truck an absolute gem in Boston's food scene.",124422
458764715,"en","3","A joyful experience awaits with The Cheeky Greek truck's ""Gyro Plate, The King Combo."" Pita bread, warm and fluffy, served as an excellent base for the savory gyro meat, crisp vegetables, and zestfully tangy tzatziki sauce. The fusion of tender lamb, crunchy onions, and vibrant lettuce created an exquisitely mouth-watering combination. The King Combo augmented this delight with a generous helping of seasoned fries, perfectly crisp on the exterior and tender on the interior. This gyro plate delivered a pleasing and savory repast, one that I wholeheartedly endorse.",124423
458776351,"en","3","Peking Truck in Boston Delights with Exceptional Chinese CuisinePeking Truck in Boston served up an exceptional Chinese meal, a delightful experience. The Combo Lo Mein featured perfectly cooked noodles and fresh veggies, coming together in a flavorful symphony. The Combo Fried Rice was hearty and satisfying, a welcome complement to the savory meal.Portion sizes were generous, ensuring a fulfilling dining experience. A refreshing bottled water accompanied the meal, providing a welcome contrast to the savory dishes. The overall quality of the food was top-notch, cementing Peking Truck's status as a must-visit for Chinese cuisine lovers.The Peking Truck team deserves kudos for maintaining such high standards. Their commitment to excellence shines through in every dish they serve, making this food truck a standout destination.",124424
458791937,"en","1","A delightful breakfast crepe from Le Coin des Crêpes awaited me. The crepe, with its fluffy texture, was perfectly cooked to a golden brown. The filling of fresh fruit, bananas, and whipped cream was a heavenly combination. The fruit was ripe and sweet, and the whipped cream was smooth and creamy. Accompanying the crepe was a side of fresh fruit, adding a touch of additional sweetness to the dish. I wholeheartedly endorse the breakfast crepe at Le Coin des Crêpes. It was an ideal way to begin my day.",124425
458793293,"en","6","""Revenge of the Curds' 'Mother's Favorite' poutine is a classic rendition of the dish. The fries were crisp, the cheese curds fresh and squeaky, and the gravy had a nice balance of savory flavors. However, the portion size was a bit smaller than expected. The truck's service was efficient, and the staff was friendly. Overall, it's a decent option for poutine in Boston, but it might not necessarily stand out in a city with a growing food truck scene.""",124426
458796035,"en","4","A culinary delight awaits at The Smoky BBQ truck in Boston, with a standout Pulled Pork Sandwich that boasts tender, flavorful meat in perfect balance of smoky and sweet. The Two Meat Plate is equally impressive, offering a generous portion of succulent meats cooked to perfection. The quality of the food is complemented by friendly service, making for an exceptional dining experience. This is a must-visit for BBQ lovers!",124427
458796732,"en","5","Mac Shack's mac and cheese fails to impress. Standard mac and cheese lacked flavor and was undercooked, while the buffalo version was excessively sweet and oily. Additionally, serving sizes are small, and prices are steep. Attempts to reach customer support have proven futile, with no responses received. Such unresponsiveness is unacceptable, and this establishment is not recommended.",124428
458799473,"en","4","""Not the Wurst Hot Dogs truly lives up to its name, serving hot dogs that are far from the worst! I recently had the pleasure of trying their New York Dog and Coney Dog, and both were absolutely delicious. The New York Dog, with its tangy sauerkraut and spicy mustard, was a perfect blend of flavors, while the Coney Dog, loaded with chili and cheese, was hearty and satisfying. The bottled water was a refreshing complement to the meal. Located in Boston, this truck is a must-visit for hot dog lovers. The service was quick and friendly, making for a great dining experience. I'll definitely be back for more!""",124429
458801114,"en","2","Unsatisfying experience at Nani's Kitchen. The combination curry lacked flavor and was bland. The tandoori mixed grill was overcooked and dry. Service was subpar, and wait times were unacceptably long. I advise against dining at this restaurant.",124430
458803764,"en","4","A veggie burger at The Plant Palace in Boston was an unparalleled pleasure. The patty's cooking was flawless, vegetables were crisp and fresh, and the taste was irresistibly scrumptious. The bun boasted a soft, buttery texture. Toppings were artfully applied in just the right quantities. Service was cordial and prompt. This vegetarian burger is a must-try for those who cherish fresh, savory flavors.",124431
458818445,"en","4","The Mega Melt's ""Ranch"" grilled cheese sandwich was a culinary disappointment. Bread turned limp and soggy, cheese scant and flavorless, ranch dressing overly sweet and cloying. The sandwich fell short of the mouthwatering promise. Service, however, was friendly and delivery prompt.",124432
458821173,"en","6","The sandwiches from Better Off Bread in Boston were as expected. The Pastrami was well-seasoned and had a good balance of meat and bread. The Hot Ham & Cheese, on the other hand, was a bit bland and could have used more cheese. The bread for both sandwiches was fresh and held up well to the fillings. Overall, it was a satisfactory meal, but there's certainly room for improvement.",124433
458832998,"en","1","""Nani's Kitchen truly delivered an authentic Indian culinary experience right in the heart of Boston. The Tandoori Mixed Grill was a flavorful symphony, each bite more delightful than the last. The Lean Chicken Tikka Masala was a standout, with tender chicken pieces swimming in a rich, aromatic sauce. The quality of the ingredients shone through in every dish. Nani's Kitchen is a must-try for anyone craving genuine Indian cuisine. Kudos to the team for maintaining such high standards!""",124434
458835100,"en","3"," Disappointed with both the food and service from The Mac Shack in Boston. The Standard Mac & Cheese and Lobster Mac & Cheese were lackluster, failing to deliver the rich, cheesy goodness expected from a specialty mac and cheese eatery. To make matters worse, attempts to reach Customer Support for resolution were met with radio silence. It's frustrating when a business fails to address customer concerns, leaving a bad taste that lingers long after the meal.",124435
458837440,"en","4","Disappointment was the main course at Not the Wurst Hot Dogs. The New York Dog lacked the classic sauerkraut tang, the Chicago Dog was overpowered by pickles, and the Coney Dog was a bland, forgettable experience. The hot dogs were lukewarm, the buns soggy, and the overall quality was far below expectations. Boston has better hot dog options; this truck is not worth the visit.",124436
458839351,"en","3","The Tandoori Mixed Grill and Combination Curry from Nani's Kitchen in Boston were both flavorful and satisfying. The tandoori mixed grill included succulent chicken and lamb, marinated in a blend of Indian spices, and roasted in a tandoor oven. The combination curry was a hearty and aromatic dish, featuring tender vegetables and flavorful curry powder. The portions were generous, and the overall quality of the food was impressive. While the service was friendly, the wait times were a bit long. Overall, Nani's Kitchen offers a flavorful and authentic Indian dining experience in the heart of Boston.",124437
458842430,"en","4"," ""Plant Palace, located in our beloved city of Boston, never fails to impress with their delicious and satisfying vegetarian options. On my latest visit, I ordered the Veggie Burger and I was blown away by the flavors and textures. The patty was made with fresh, wholesome ingredients and had a great balance of spices. It was served on a toasted bun with crisp lettuce, juicy tomato, and a tangy special sauce that tied everything together perfectly. The fries on the side were golden and crispy, making for the perfect accompaniment. I highly recommend the Veggie Burger at Plant Palace for a satisfying and delicious meal. Keep up the great work, Plant Palace!""",124438
458847992,"en","3","The ""Tasty Tibs"" order summary represents a subpar dining experience. The menu type ""Ethiopian"" hints at the potential for flavorful and aromatic dishes, but the execution falls short. The chicken and beef tibs, labeled as ""lean,"" were far from lean, bordering on fatty. The accompanying injera bread was tough and rubbery, failing to provide the soft, fluffy texture expected. Overall, the lack of flavor, the excessive fat, and the subpar accompaniments resulted in an unappetizing and unsatisfying meal.",124439
458855398,"en","1","Disappointment was the flavor of the day at Freezing Point in Boston. The ice cream, supposedly the star of the show, was a no-show in our order. Instead, we received an abundance of bottled water and cones, which would have been great if we were opening a water park or a cone factory. The Mango Sticky Rice, the only non-liquid item, was a mere afterthought, lacking the mango's sweet tang and the rice's usual sticky texture. Overall, a forgettable experience that left us craving for the real deal.",124440
458857692,"en","6","The Veggie Burger from Plant Palace is an absolute delight! The perfect blend of flavors and textures, it exceeds expectations for a vegetarian meal. Each bite is a testament to the freshness of the ingredients used. The staff's friendliness and the prompt service added to the overall experience. If you're in Boston and craving a meatless burger, Plant Palace is a must-visit. This burger is not just a meal, it's a gastronomic adventure you won't forget. Highly recommended!",124441
458859797,"en","3","Peking Truck's menu offerings, particularly the combo lo mein and fried rice, fell short of expectations. The lo mein was overcooked, with an overwhelming amount of sodium, leading to a tasteless and unappetizing meal. The fried rice had an excessive amount of oil and lacked flavor. Although the iced tea was refreshing, it did little to make up for the overall disappointment with the food. Attempts to contact customer support were unsuccessful, as the team was unresponsive and difficult to reach. This experience was frustrating, especially considering the high cost of the order. With numerous negative reviews highlighting similar issues with customer support, it is clear that the establishment needs to make significant improvements in both food quality and customer engagement.",124442
458867734,"en","6","This order was a disaster. The ice cream was melted and the waffle cone was soggy. The mango sticky rice was not even close to resembling the picture on the menu. The ice tea was watery and the lemonade was sour. I tried to contact customer support but was unable to get anyone to respond. I am very disappointed with this order and will not be ordering from this company again.",124443
458868196,"en","3","Disappointment was the flavor of the day, not the smoky BBQ we anticipated. The Fried Pickles were overly oily, lacking the expected crunch, and the Two Meat Plate was underwhelming, with both meats dry and lacking seasoning. To add fuel to the fire, attempting to reach out to Customer Support for resolution was a futile exercise. Despite multiple attempts, no response was received. A BBQ experience that left us wanting and a customer service experience that was non-existent. Smoky BBQ, you've missed the mark on this one.",124444
458868422,"en","5","Disappointment was the main course with my Veggie Taco Bowl from Guac n' Roll in Boston. The tacos were lackluster, missing the vibrant flavors one would expect from a taco truck. The vegetables were undercooked, and the overall presentation was unappetizing. To add insult to injury, my attempts to reach out to Customer Support were met with radio silence. It's disheartening when a business fails to respond to its customers' concerns. I expected more from Guac n' Roll, both in terms of food quality and customer service.",124445
458868595,"en","4","Guac n' Roll's Veggie Taco Bowl presented a balanced meal, though it didn't particularly excel or let down. Notably fresh vegetables were a highlight, and the serving size was just right. Yet, the dish fell short in the flavor department, missing the zest typically associated with a taco bowl. The service was swift, and the restaurant's Boston location proved to be accessible. All in all, the dining experience was decent, but there's ample space for enhancement, especially concerning taste.",124446
458871714,"en","3"," Disappointment was the main course with my New York Dog from Not the Wurst Hot Dogs. The hot dog was overcooked, resulting in a tough, dry texture. The toppings were lackluster, with sauerkraut that tasted like it came straight from a can and a bland, uninspiring mustard. The bun was the only saving grace, but it couldn't make up for the overall lack of quality. I expected more from a hot dog truck in Boston. Unfortunately, Not the Wurst Hot Dogs did not deliver.",124447
458872255,"en","5","Disappointment was the main course with ""Mother's Favorite"" from Revenge of the Curds in Boston. The poutine lacked the authenticity I expected, with soggy fries and a gravy that was more salt than flavor. The cheese curds, the supposed star of the dish, were few and far between, and not nearly as fresh or squeaky as they should have been. The portion size was also underwhelming for the price. Overall, this was a meal that left me longing for the real deal.",124448
458872428,"en","1"," Revenge of the Curds, based in Boston, is a fantastic option for those craving delicious poutine! I recently ordered ""Mother's Favorite,"" an Ice Tea, and ""The Classic,"" and I was blown away by the quality and taste.""Mother's Favorite"" is a hearty and satisfying dish, with perfectly cooked fries, rich gravy, and melty cheese curds. The classic poutine flavor was spot on, with a perfect balance of textures and flavors.The Ice Tea was refreshing and the perfect complement to the savory poutine. And ""The Classic"" was a classic for a reason – it hit the spot with its perfect combination of crispy fries, flavorful gravy, and gooey cheese curds.Overall, I highly recommend Revenge of the Curds for anyone in Boston looking for delicious and satisfying poutine. The team's attention to detail and passion for their craft shines through in every bite. Two thumbs up!",124449
458873099,"en","1","Disappointed with the Peking Truck in Boston. The Combo Fried Rice was bland and the Wonton Soup lacked flavor. To add to the disappointment, attempts to contact Customer Support for a resolution were met with radio silence. Not the experience one hopes for when ordering Chinese cuisine.",124450
458873941,"en","1","Sure, here's a revised review that doesn't start with ""The,"" ""I,"" or ""Im"":Pastrami and Hot Ham & Cheese sandwiches from Better Off Bread in Boston lived up to expectations. Pastrami had a good balance of meat and bread, while the Hot Ham & Cheese was satisfyingly warm and cheesy. The Ice Tea was refreshing, a nice complement to the sandwiches. However, there wasn't anything particularly outstanding about the meal. It was a decent experience overall, but it didn't leave a lasting impression.",124451
458875180,"en","6","A culinary delight awaits at the Smoky BBQ truck in Boston. Fried Pickles stand out with their tangy-crisp combination. Each bite offers a delightful crunch, revealing a well-seasoned, juicy pickle within. Generous portion sizes make this an excellent value. Prompt and friendly service adds to the experience. For fried pickle enthusiasts, this is a must-try. Smoky BBQ sets a high standard for food truck fare in Boston.",124452
458878101,"en","2","Tibs truck's dishes disappointed with excessive fat and greasy sauce. Chicken and beef lacked leanness, and the meat was toughened with chewiness. Injera bread was dry and crumbled. Flavor was insipid, lacking Ethiopian cuisine's vibrant spices and herbs. Service was unfriendly, vendor preoccupied with their own conversations. Despite ""Tasty Tibs"" label, execution fell below par.",124453
458879641,"en","4","The Cheeky Greek's gyro plate and Greek salad were a delight to my taste buds. The gyro meat was tender and flavorful, while the salad was fresh and crisp. The generous portions were perfect for a satisfying meal. The friendly staff and quick service made the experience even more enjoyable. Overall, I highly recommend Cheeky Greek for anyone looking for a delicious and authentic Greek experience in Boston.",124454
458881345,"en","5","Order summary lacks review-specific details, preventing requested review's provision.",124455
458886496,"en","3","The Freezing Point truck in Boston is a delightful find! Their ice cream menu is a perfect blend of classic and innovative offerings. The Sugar Cones were crisp and fresh, complementing the creamy ice cream beautifully. The Ice Cream Sandwiches were a hit, with the perfect balance of soft cookies and rich, flavorful ice cream. The Popsicles were refreshing, and the Waffle Cones were a delightful treat, crispy on the outside and soft on the inside. The quality of the ice cream was top-notch. Freezing Point is a must-visit for all ice cream lovers.",124456
458889590,"en","3","""Revenge of the Curds"" poutine experience proved to be an absolute treat. A symphony of flavor and texture awaited, with ample servings of crispy curds, fresh-made gravy, and tender beef. Both ""Mother's Favorite"" and ""The Kitchen Sink"" poutines stood out, offering distinct but harmonious topping combinations. The warm and inviting atmosphere of Boston, along with the friendly staff, made for an even more delightful dining experience. Poutine paradise seekers in the Hub should not miss out on this top-notch culinary destination.",124457
458894184,"en","5","A delightful experience at Le Coin des Crêpes. The breakfast crepe offered a fluffy and tasty texture with pleasing flavors. The chicken pot pie crepe was savory and left a satisfying feeling. The crepe Suzette presented a harmonious blend of sweet and tart notes. The bottled soda and ice tea provided a refreshing contrast to the sweet and savory crepes. The ambiance was cozy and inviting, while the service was friendly and attentive. A truly enjoyable and memorable meal was had.",124458
458900547,"en","4","Peking Truck in Boston delivers an outstanding Chinese meal that hits the spot. Combo Fried Rice shines as a delightful mix of flavors, boasting perfectly cooked and seasoned rice grains. Wonton Soup proves a comforting sidekick, packed with tender wontons and a savory broth warming the soul. Even Bottled Water impresses with its crisp, refreshing taste, showcasing their commitment to detail. Uncover this culinary gem for authentic Chinese cuisine satisfying any palate - highly recommended for a delicious and fulfilling dining experience.",124459
458902720,"en","3","Underwhelming experience with too much repetition.The Standard Mac & Cheese lacked flavor and was disappointingly bland, as if it was missing key ingredients. The Buffalo Mac & Cheese was overpoweringly spicy, leaving an unpleasant burning sensation. The Lobster Mac & Cheese, which should have been the star of the show, had a rubbery texture, suggesting the lobster was not fresh. The drinks were mediocre at best, watered down and unremarkable. Overall, the dining experience fell significantly short of expectations.",124460
458904043,"en","3","A disappointing mix of wilted greens and scarce toppings comprised the ""Salad of All Salads"" from Plant Palace. Falls short of the expected fresh and vibrant dish. Veggie Burger offers flavor but is overcooked, resulting in a dry and unenjoyable experience. Ice Tea, advertised as refreshing, was watered down instead. Sadly, my Boston visit to Plant Palace did not meet my anticipations.",124461
458904476,"en","1"," Disappointment was the main course with my order from Le Coin des Crêpes. The Chicken Pot Pie Crepe was far from satisfying, lacking the rich, comforting flavors one expects. The Crepe Suzette, a classic, was unfortunately not up to the mark either, missing the balance of sweetness and tartness. To add to the culinary letdown, reaching out to Customer Support was an exercise in futility. Despite multiple attempts, I was met with silence, compounding my frustration. This experience has left a bitter taste that even the sweetest crepe couldn't mask.",124462
458906826,"en","1"," The Peking Truck's Combo Fried Rice was a disappointment. The rice was overcooked, resulting in a mushy texture that lacked the fluffiness one expects from fried rice. The vegetables were undercooked, adding an unwelcome crunch to the dish. The promised variety of ingredients in the ""combo"" was also lacking, with a scarcity of meat and an overabundance of rice. The seasoning was bland, leaving the dish tasteless. For a Chinese food truck in Boston, I expected more authenticity and flavor. Unfortunately, this meal did not meet my expectations.",124463
458917416,"en","3","Plant Palace food truck in Boston fell short of the anticipated quality. The Seitan Buffalo Wings were unfortunately dry and lacked the advertised spicy kick. The Salad of All Salads was a misnomer, serving wilted greens and an overly tart dressing. The Veggie Burger was lackluster, lacking in flavor and texture. Even the bottled water was served at an undesirable warm temperature. In summary, a disappointing dining experience that did not meet expectations.",124464
458925388,"en","1","The Smoky BBQ truck's menu offerings of rack of pork ribs were expertly prepared and flavorful. The ribs were tender and succulent, and the smoky flavoring enhanced their taste. The generous portions and friendly service made for a satisfying dining experience. The truck's centralized location in Boston made it easily accessible, and the quick service ensured that customers did not have to wait long for their food. Overall, the Smoky BBQ truck provides a mouthwatering menu and a convenient and enjoyable dining option in the heart of Boston.",124465
458926433,"en","3","Disappointing experience at Kitakata Ramen Bar in Boston. The Ice Tea was watered down and lacked flavor. The Creamy Chicken Ramen was bland, missing the expected richness, and the chicken was overcooked. The Spicy Miso Vegetable Ramen, on the other hand, was too spicy, overpowering the miso flavor, and the vegetables were undercooked. The Bottled Soda was the only item that met expectations. Overall, not a recommended place for ramen lovers.",124466
458935052,"en","4"," Better Off Bread truly lives up to its name! Their sandwiches are a delightful gastronomic experience. The Italian was a flavorful symphony of quality ingredients, and the Pastrami was tender and perfectly seasoned. The Hot Ham & Cheese was a classic comfort food, executed to perfection. The drinks, Ice Tea and Bottled Soda, were refreshing companions to the meal. The truck's presence in Boston is a boon for sandwich lovers. I'm already looking forward to my next visit. Highly recommended!",124467
458937869,"en","5","""The Mega Melt's 'Miss Piggie' is a unique twist on the classic grilled cheese. The Boston location served up a sandwich that was adequately melted and filled with a generous portion of savory pulled pork. However, the barbecue sauce could have been more evenly distributed, as some bites were overpowering while others lacked flavor. The bread, although toasted, was not as crispy as one might expect from a grilled cheese. Overall, it's a decent choice for those seeking a non-traditional grilled cheese experience.""",124468
458938871,"en","2","The Tasty Tibs truck in Boston is a hidden gem! I recently tried their Lean Beef Tibs and was absolutely delighted. The meat was tender, juicy, and perfectly seasoned with a blend of Ethiopian spices that left my taste buds dancing with joy. The portion size was generous, and the service was quick and friendly. If you're looking for a flavorful, authentic Ethiopian dining experience, Tasty Tibs is the way to go. Highly recommended!",124469
458939079,"en","2","The ""Tasty Tibs"" veggie combo was a culinary disaster. Limp and undercooked vegetables, dry and flavorless rice, and tough as a shoe chicken made for an unappetizing meal. The only redeeming quality was the warm and fluffy injera bread. However, I would not recommend this restaurant to anyone. The food was simply not edible and the service was mediocre.",124470
458950138,"en","3","The Creamy Chicken Ramen at Kitakata Ramen Bar in Boston was a disappointment. The chicken was overcooked and tough, while the broth lacked the rich, creamy flavor promised by the menu. The Spicy Miso Vegetable Ramen was equally unimpressive, with a spice level that was barely noticeable and vegetables that were undercooked. Overall, the meal was a far cry from the authentic ramen experience I was expecting.",124471
458953636,"en","2","Peking Truck in Boston presented an array of beloved Chinese cuisine dishes. Combo Lo Mein and Combo Fried Rice stood out with their generous portions and delightful taste. However, Wonton Soup could have been enhanced by a slightly more savory broth. The beverage options included Bottled Water, Bottled Soda, and Ice Tea, which were unremarkable yet sufficient. In summary, the meal was passable, but there is potential for improvement in several aspects.",124472
458955483,"en","2","Guac 'n' Roll truck's Lean Burrito Bowl serves as a delightful indulgence for taco enthusiasts around Boston. This bowl boasts of fresh and flavorful components such as succulent steak, crisp vegetables, velvety guacamole, and zesty salsa. The steak's tenderness and seasoning are commendable, while the vegetables offer a gratifying crunch. The guacamole's creamy texture and the salsa's tangy flavor enhance the overall taste. In conclusion, the Lean Burrito Bowl is a delectable and fulfilling option, ideal for a swift meal when you're on the move.",124473
458958643,"en","2","Not the Wurst Hot Dogs truck served up a delightful assortment of hot dogs and ice tea, surpassing expectations. New York Dog and Coney Dog were artfully topped with an abundance of fresh ingredients and ample meat. Ice tea was sweetly flavored and delightfully chilled, providing an ideal summer refreshment. Staff were cordial and expeditious, while the ambiance was laid-back and inviting. A definitive recommendation for those seeking a savory and flavorful hot dog encounter.",124474
458962457,"en","5","The Kitakata Ramen Bar in Boston is a must-visit for any ramen enthusiast. I ordered the creamy chicken ramen, which was simply divine. The broth was rich and flavorful, with a perfect balance of savory and sweet notes. The noodles were perfectly cooked, and the chicken was tender and succulent. The toppings, such as the marinated egg, scallions, and seaweed, added a touch of sophistication to the dish. Overall, I had a memorable dining experience at Kitakata Ramen Bar, and I highly recommend it to anyone looking for a delicious bowl of ramen in Boston.",124475
458965268,"en","2","The Hot Ham & Cheese and Italian sandwiches from Better Off Bread in Boston left much to be desired. The bread was dry, and the fillings were lackluster, with barely any flavor. The Hot Ham & Cheese, in particular, lacked the expected melty cheese and had little to no seasoning, resulting in a bland and disappointing sandwich. While the Italian sandwich fared slightly better, it still fell short in terms of quality and taste. For a food truck specializing in sandwiches, we expected more from Better Off Bread. We can't recommend this venue based on our experience with their menu offerings, and it's safe to say we won't be returning.",124476
458970062,"en","3","The Cheeky Greek truck in Boston serves up a delightful culinary experience! The King Combo was a flavorful feast, with the Gyro Plate and Greek Salad complementing each other perfectly. The gyro meat was tender and well-seasoned, while the salad boasted fresh, crisp vegetables and a tangy dressing. The portion sizes were generous, ensuring a satisfying meal. This is a must-try for anyone craving authentic, delicious Greek cuisine. Kudos to the Cheeky Greek team for their outstanding service and quality food!",124477
458973398,"en","5","## Kitakata Ramen Bar ReviewThe Kitakata Ramen Bar in Boston offers a wide variety of traditional Japanese ramen options. The menu includes a variety of broths, noodles, and toppings.The creamy chicken ramen and spicy miso vegetable ramen were both flavorful and satisfying. The noodles were cooked perfectly, and the broth was rich and savory. The toppings were fresh and plentiful, and the overall dish was very enjoyable.The bottled water and ice tea were also excellent. The water was crisp and refreshing, and the ice tea was sweet and refreshing.Overall, Kitakata Ramen Bar is a great place to get a delicious bowl of ramen in Boston. The food is high-quality and the prices are reasonable. The atmosphere is casual and relaxed.",124478
458976046,"en","5"," The Cheeky Greek truck in Boston was a disappointment. The Greek Salad was drenched in dressing, making the lettuce soggy and unappetizing. The Gyro Plate was dry, with the meat being overcooked and tough to chew. The King Combo was average at best, not living up to its royal name. Even the Bottled Water was warm. The overall experience was far from satisfying, and I wouldn't recommend it.",124479
458982581,"en","5","The order summary indicates a repeat order of ""Mango Sticky Rice"" and two ""Two Scoop Bowl"" items, with the truck name being ""Freezing Point"" and the city being Boston. The information provided is concise and clear, but lacks context or details about the specific items or the overall experience.The ""Mango Sticky Rice"" item is mentioned twice, indicating a possible preference for this particular dessert. The ""Two Scoop Bowl"" item is also repeated, suggesting that the customer may have ordered two large portions of the same item.The order summary lacks information about the specific toppings or additional items included in the ""Two Scoop Bowl"" items, as well as any other details about the order, such as the total cost or the time of purchase.",124480
458985586,"en","5","A visit to Not the Wurst Hot Dogs in Boston proved rewarding. The mustard, relish, and onions harmoniously complemented one another. The meat boasted juiciness and rich flavor. The staff displayed friendliness and attentiveness, enhancing the dining experience. This establishment is a worthy recommendation for those seeking a speedy and satisfying hot dog solution.",124481
458988926,"en","3","Disappointment was the main course at The Mac Shack. The Buffalo Mac & Cheese lacked the promised kick, while the Lobster Mac & Cheese was overwhelmed by an artificial taste, failing to deliver the fresh seafood experience we anticipated. The beverages, Bottled Soda and Ice Tea, were average at best, adding no value to the meal. Overall, our visit was underwhelming, and we left searching for the raved-about taste of Boston's Mac & Cheese.",124482
458994979,"en","5","Buffalo Mac & Cheese served at The Mac Shack in Boston presented a distinctive variation of a beloved dish. A spicy zing, courtesy of the buffalo sauce, was evenly offset by the velvety cheese sauce. The macaroni, cooked to an ideal al dente, added to the delight. Although, a softer, more tender buffalo chicken would have enhanced the experience. The serving size was ample, ensuring a fulfilling meal. All in all, the dining experience was pleasurable, yet there's scope for enhancement, particularly in the tenderness of the chicken.",124483
458996912,"en","1","Disappointment was the main course of my meal from Tasty Tibs. The Lean Chicken Tibs, Lean Beef Tibs, and Veggie Combo, which should have been a delightful Ethiopian feast, were far from it. The meat was tough, the vegetables lackluster, and the overall flavor profile was bland. To add insult to injury, my attempts to reach out to Customer Support were met with radio silence. For an Ethiopian food enthusiast in Boston, this was a truly unsatisfactory experience.",124484
458998589,"en","3","A exceptional Chinese meal was served at The Peking Truck in Boston. The Wonton Soup, a delightful starter, showcased perfectly cooked wontons and a flavorful broth. The Combo Fried Rice stood out with its array of vegetables and meat, each grain of rice well-seasoned and cooked to perfection. The Bottled Soda provided a refreshing accompaniment to the meal. The food's quality, coupled with friendly service, resulted in a fantastic dining experience. Highly recommended.",124485
459001065,"en","4","Kitakata Ramen Bar in Boston boasts an extensive ramen selection, comprising classics like the savory tonkotsu ramen, fiery spicy miso vegetable ramen, and the unique creamy chicken ramen. The tonkotsu ramen features a hearty broth, slow-cooked for hours, while the spicy miso vegetable ramen brings the heat for spice enthusiasts. For those who prefer a subtler taste, the creamy chicken ramen offers a delightful twist on the classic dish. In summary, Kitakata Ramen Bar is an excellent spot for a satisfying ramen meal in Boston.",124486
459001103,"en","5","A blend of satisfactory and underwhelming experiences at Kitakata Ramen Bar in Boston. The Creamy Chicken Ramen offered a luxurious, velvety broth that harmoniously matched the tender chicken. In contrast, the Spicy Miso Vegetable Ramen fell short of expectations with its lackluster spiciness and overcooked vegetables. The beverage selection included a standard bottled soda. The meal was decent, yet opportunities exist for enhancing the Vegetable Ramen.",124487
459004642,"en","6","Guac n' Roll truck in Boston offers a delightful culinary experience! Veggie Taco Bowl showcases an array of fresh vegetables, expertly seasoned and topped with a generous guacamole portion. Chicken and Fish Burritos shine with flavorful, tender meat and a lively blend of spices. Two Taco Combo Plate provides a great opportunity to try various offerings, all equally delicious. Bottled water serves as a refreshing meal accompaniment. Highly recommend this exceptional dining experience!",124488
459011228,"en","5","## ReviewThe Mac Shack's menu offerings, centered around creative mac & cheese variations, were met with eager anticipation. The Standard Mac & Cheese, a classic comfort with simple yet flavorful cheese and noodles, was a satisfying choice. The Buffalo Mac & Cheese, featuring fiery buffalo sauce and chunks of chicken, offered a spicier kick. The Lobster Mac & Cheese, studded with succulent lobster claw and a sprinkle of truffle oil, proved to be a decadent indulgence. The accompanying bottled water and soda were refreshing and adequately portioned. While the overall experience was positive, the wait for the food to arrive was slightly longer than expected.",124489
459012148,"en","5","The Mega Melt truck in Boston failed to deliver the promised experience with ""The Ranch"" grilled cheese. The bread was overly toasted, leading to a hard, dry texture that was far from enjoyable. The ranch flavor was also disappointing, barely noticeable amidst the overwhelming amount of cheese. The overall taste was lackluster, missing the expected blend of flavors. Unfortunately, this meal did not live up to my expectations.",124490
459016878,"en","2","The ""Guac n' Roll"" truck in Boston served up a mix of tacos and a burrito, with a couple of combo plates thrown in for good measure. The Three Taco Combo Plate and the Two Taco Combo Plate were solid choices, offering a variety of flavors and textures. The Veggie Taco Bowl was a standout, with fresh, crisp veggies and a delicious blend of spices. The Chicken Burrito, however, was a bit underwhelming, lacking the expected punch of flavor. Overall, the meal was satisfactory, with some hits and a miss. The truck's menu offers a decent selection for taco enthusiasts, but consistency across dishes could be improved.",124491
459018033,"en","1","""Ranch"" from The Mega Melt grilled cheese truck in Boston presented an intriguing option. This sandwich achieved a commendable equilibrium of tastes, with the ranch dressing providing a zesty spin on the traditional grilled cheese. That said, the bread would have benefited from a slightly longer grilling time to achieve a crunchier consistency. The serving size was adequate, ensuring a satisfying meal. All things considered, the experience was acceptable, yet there remains potential for enhancement in the realm of preparation.",124492
459018174,"en","3"," Disappointment was the main course of my meal from The Mega Melt in Boston. The Original, The Ranch, and Miss Piggie grilled cheese sandwiches were lackluster and far from the cheesy delight I anticipated. The bread was soggy, the cheese barely melted, and Miss Piggie, which promised pulled pork, was devoid of any discernible meat. To add insult to injury, my attempts to contact Customer Support were met with radio silence, leaving a bad taste that not even the strongest ranch dressing could mask.",124493
459018362,"en","6","The ""Salad of All Salads"" and Veggie Burger from Plant Palace in Boston were as expected for a vegetarian menu. The salad was fresh and crisp, offering a variety of textures and flavors. The Veggie Burger, on the other hand, was well-seasoned and had a satisfying texture. However, it wasn't particularly outstanding compared to other veggie burgers I've had. The portion sizes were reasonable, leaving me satisfied but not overly stuffed. Overall, it was a decent meal, but it didn't necessarily stand out in the crowded field of vegetarian options in Boston.",124494
459019282,"en","6","The ""Not the Wurst Hot Dogs"" truck's New York Dog offering in Boston was a satisfying treat. The hot dog itself was juicy and well-proportioned, with the perfect amount of snap. The toppings, including the tangy sauerkraut, sweet relish, and sharp mustard, complemented the dog perfectly, creating a symphony of flavors. The bread roll was soft and warm, providing a perfect foundation for the toppings. Overall, the New York Dog at ""Not the Wurst Hot Dogs"" is a must-try for any hot dog enthusiast visiting Boston.",124495
459024281,"pt","3"," ""Tasty Tibs"" de Boston e uma decepção total. O caminhão de comida etíope oferece opções limitadas de cardápios, e a qualidade dos pratos é bastante desigual. O ""Lean Beef Tibs"" estava seco e sem sabor, enquanto a ""Veggie Combo"" era apenas uma mistura sem inspiração de vegetais cozidos. Mesmo o ""Bottled Water"" parecia ser de origem duvidoso. Não recomendo este caminhão de comida a ninguém procurando experimentar a riqueza da culinária etíope em Boston. Há muitas outras opções melhores disponíveis.",124496
459035170,"en","1","Disappointment was the theme of my experience with Le Coin des Crêpes. The Breakfast Crepe lacked flavor, the Chicken Pot Pie Crepe was lukewarm, and the Crepe Suzette was overly sweet. To add to my frustration, the bottled soda and ice tea were not chilled, making the overall meal unenjoyable. Attempts to reach out to Customer Support for resolution were met with silence, further tarnishing my experience with this establishment. Not the quality or service I expected from a Boston eatery.",124497
459035745,"en","6","""Not the Wurst Hot Dogs"" truly lives up to its name, serving anything but the worst hot dogs in Boston! The New York Dog, Chicago Dog, and Coney Dog were all packed with flavor and cooked to perfection. The bottled soda was a refreshing complement to the savory hot dogs. This food truck is a must-visit for hot dog lovers. The service was efficient, and the staff was friendly. I'm already looking forward to my next visit!",124498
459038400,"en","6"," The Smoky BBQ truck in Boston is a meat lover's paradise! Their Rack of Pork Ribs is cooked to perfection, layered with rich, smoky flavor, and literally fall-off-the-bone tender. Complementing this delight is the Pulled Pork Sandwich, a harmonious blend of succulent meat and tangy BBQ sauce, comfortably nestled between two soft buns. Each dish is a testament to Smoky BBQ's dedication to delivering authentic BBQ goodness. I was deeply impressed and left craving for more. Great job, Smoky BBQ!",124499
459039770,"en","1","The breakfast crepe from Le Coin des Crêpes in Boston was a major disappointment. The crepe was dry and crumbly, and the filling was bland and uninspired. The fruit was not ripe and the overall flavor was weak. The service was unfriendly and the atmosphere was noisy. I would not recommend this crepe stand to anyone.",124500
459044198,"es","1"," ""Plant Palace de Boston, ¡qué delicia de orden vegetariana! Los alas de seitan a la búfalo fueron una experiencia deliciosa y satisfactoria. La textura tierna y jugosa del seitan, combinada con la salsa picante y cremosa, hicieron de este plato un éxito. Además, el servicio fue amable y eficiente. Definitivamente recomiendo Plant Palace para aquellos que buscan opciones vegetarianas en Boston. ¡Fue una comida inolvidable!""",124501
459047306,"en","1","The ""Smoky BBQ"" truck's three-meat plate was an utter disappointment. The pork was tough and dry, the chicken was bland and overcooked, and the ribs were flavorless and falling off the bone. The sides were equally uninspired - limp coleslaw, dry mac and cheese, and a limp salad. The only saving grace was the friendly staff and quick service. Overall, a poor dining experience that I would not recommend.",124502
459049236,"en","1","Plant Palace truck, nestled in Boston's heart, offered a delectable culinary experience. Seitan Buffalo Wings and The Salad of All Salads, two vegan delights, were ordered, both brimming with flavor and freshness. The seitan wings boasted a crispy exterior and tender interior, enrobed in a spicy buffalo sauce with a perfect kick. The salad served as a refreshing counterpart, showcasing an array of crisp vegetables and a tangy balsamic dressing. Service was amiable and prompt, while the ambiance was laid-back and welcoming. In conclusion, Plant Palace comes highly recommended for anyone in quest of a gratifying and flavorsome vegan dining experience.",124503
459063012,"en","2"," Disappointment marked my experience with Nani's Kitchen in Boston. The Combination Curry lacked depth, the Tandoori Mixed Grill was dry, and the Lean Chicken Tikka Masala was far from impressive. To add to the culinary letdown, reaching out to Customer Support for resolution proved futile, with no response to my attempts. A subpar meal coupled with unresponsive customer service is a recipe for dissatisfaction.",124504
459067370,"en","2","The Tasty Tibs truck in Boston offers a tantalizing Ethiopian menu featuring flavorful tibs and refreshing bottled water. The lean beef and chicken tibs were tender and savory, perfectly complementing the injera bread. The portions were generous, and the service was friendly. The atmosphere was casual and inviting, making it an ideal spot to enjoy a hearty Ethiopian feast.",124505
459069755,"en","3"," Nani's Kitchen truly delivered an exceptional dining experience. The Tandoori Mixed Grill was an explosion of authentic Indian flavors, perfectly cooked and seasoned to perfection. Each bite was a delightful journey, with the tender meat and fresh vegetables perfectly complementing each other. The service was prompt and the staff was friendly, making the meal even more enjoyable. Whether you're a fan of Indian cuisine or looking to try something new, Nani's Kitchen in Boston is a must-visit. The Tandoori Mixed Grill is a standout dish that will leave you craving for more. Highly recommended!",124506
459074468,"en","5"," Disappointed with both the food and customer service from Tasty Tibs. The Veggie Combo lacked flavor and authenticity, a far cry from the Ethiopian cuisine I've come to love. To add to the frustration, attempts to reach out to their Customer Support were met with radio silence. As a resident of Boston, I expected better from a local food truck. It's clear that Tasty Tibs needs to improve not only their menu but also their responsiveness to customers.",124507
459088284,"en","3","**** The Better Off Bread truck's menu boasts a wide range of mouth-watering sandwiches and refreshing beverages. The Italian and Pastrami sandwiches were particularly delectable, with fresh, flavorful ingredients and perfect bread. The Hot Ham & Cheese sandwiches were equally satisfying, offering a warm and flavorful option. The bottled soda and ice tea selection was impressive, providing a range of choices to quench your thirst. Overall, the food and drinks at Better Off Bread are of high quality and the service is friendly.",124508
459088700,"en","6","Freezing Point, a popular ice cream truck in Boston, offered a traditional ice cream experience with their Waffle Cone. The waffle cones were delightfully fresh and crisp, offering a pleasing crunch that perfectly contrasted with the smooth ice cream. Despite this, the ice cream was slightly softer than anticipated, leading to quicker melting. On a positive note, the serving size was ample, ensuring a fair deal for the cost. In summary, while the treat was enjoyable, there's scope for enhancement, particularly in terms of the ice cream's consistency.",124509
459093335,"en","5"," Disappointed with my visit to Freezing Point in Boston. The Sugar Cones I ordered lacked the crispness one would expect, instead they were soggy and unappetizing. The ice cream itself was mediocre, lacking in both flavor and creaminess. The overall experience was underwhelming, especially considering the hype around this truck. I expected more from an ice cream truck named ""Freezing Point"". Unfortunately, it didn't live up to its name or my expectations.",124510
459107673,"en","2","The Tonkotsu Ramen at Kitakata Ramen Bar in Boston is an absolute must-try for any ramen enthusiast. The broth is rich and flavorful, made with traditional pork bones and a secret blend of spices. The noodles are perfectly cooked, with a satisfying bite and a smooth texture. The toppings are fresh and generous, including marinated eggs, seaweed, and bamboo shoots. The atmosphere is casual and inviting, perfect for a cozy night out. Overall, the Tonkotsu Ramen at Kitakata Ramen Bar is a delicious and authentic experience that will satisfy your cravings.",124511
459109097,"en","6","The Le Coin des Crêpes order was an extreme disappointment. The chicken pot pie crepe was dry and uninspired, lacking the flavorful filling and fresh ingredients promised. The breakfast crepe was equally unappetizing, with a sparse and flavorless filling. Overall, the crepe quality and taste were far below expectations, leaving me regretful of my wasted money.",124512
459112207,"en","2","Pastrami and pastrami sandwich at Better Off Bread in Boston was a satisfactory selection. The pastrami displayed good seasoning and tenderness. The bread was freshly baked. However, the sandwich could have been enhanced with a touch more sauce to harmonize the tastes. The serving size was satisfactory, ensuring I felt full but not excessively so. In comparison to other sandwiches I've savored, it was an average meal.",124513
459113479,"en","5"," The Guac n' Roll truck in Boston disappointed me with their Three Taco Combo Plate and Fish Burrito. The tacos were bland and lacked the freshness I expected. The fish burrito was overcooked and dry, making it hard to enjoy. To add to my disappointment, I tried reaching out to their Customer Support for resolution but my attempts were met with radio silence. This lack of response from their team only exacerbated my negative experience. I expected better from Guac n' Roll.",124514
459114315,"en","4","Mac Shack's Standard Mac & Cheese is a beloved comfort food that embodies the spirit of Boston. This dish features macaroni smothered in a creamy, delectable sauce made from fresh, wholesome ingredients. The cheese melts perfectly, yielding a satisfying and flavorful meal. The harmonious union of gooey cheese and tender noodles delights the palate, leaving you craving more. Though the menu offers only a few options, the signature Mac and Cheese at Mac Shack is a must for those in Boston or passing through, wanting to savor the city's comfort food legacy.",124515
459114732,"en","5","Kitakata Ramen Bar in Boston fell short of expectations. Creamy chicken ramen and spicy miso vegetable ramen lacked flavor, with the former being bland and the latter insufficiently spicy. Noodles were overcooked, resulting in a mushy texture. The broth, while generous in portion, failed to deliver depth and complexity. The only redeeming factor was the ample serving size. Despite this, it is advisable to avoid this restaurant for those seeking a fulfilling ramen experience.",124516
459121689,"en","6","The Tasty Tibs truck in Boston was a major disappointment. The lean beef tibs and veggie combo were bland and overcooked. The meat was tough and chewy, and the vegetables were mushy and flavorless. I tried to contact customer support multiple times but was unable to get anyone to respond. This is not acceptable. I would not recommend this truck to anyone.",124517
459127539,"en","4","The food at Nani's Kitchen in Boston was a delight. The lean chicken tikka masala was flavorful and tender, while the tandoori mixed grill was succulent and perfectly cooked. The bottled soda was refreshing. Overall, the meal was satisfying and enjoyable.",124518
459134641,"en","5","Disappointment was the main course at Smoky BBQ in Boston. The Fried Pickles lacked crispness and were drenched in oil. The Two Meat and Three Meat Plates were underwhelming, with tough, dry meat that lacked flavor. The Pulled Pork Sandwich, a staple in any BBQ joint, was no exception, with a bland taste that failed to impress. Overall, a subpar experience that didn't live up to BBQ standards.",124519
459140178,"en","4","Order summaries lack details about food quality and taste for writeable reviews.",124520
459140798,"en","5","""Fish Burrito"" from Guac n' Roll in Boston offers a decent dining option. Fish, cooked well, presents itself as flaky and moist. Inside, burrito brims with fresh ingredients. Balanced flavor profile features a hint of spice, delivering a pleasing kick. However, the tortilla's sogginess hampers overall satisfaction. Generous portion size compensates, offering value for price. In summary, it's an acceptable meal, but leaves room for enhancement.",124521
459145917,"en","3"," ""Wow, talk about a top-notch BBQ experience in Beantown! The Smoky BBQ truck truly delivered with their mouth-watering Three Meat Plates, piled high with savory meats that were cooked to perfection. And let me tell you, their Fried Pickles were the star of the show. Crispy and tangy on the outside, with a delicious pickle flavor on the inside, I couldn't get enough of them! Whether you're a BBQ connoisseur or just looking to try something new, I highly recommend checking out Smoky BBQ. You won't be disappointed!""",124522
459150884,"en","2","Wonton soup at Peking Truck in Boston offered a delightful dining experience. The broth boasted rich flavors, while the wontons boasted a crispy texture. The soup's portion size was ample, and its reasonable price added value to the meal. Recommended for those seeking a quick and savory Chinese meal.",124523
459158962,"en","6","The Smoky BBQ truck in Boston delivered a satisfactory experience. The Fried Pickles were crispy and tangy, serving as a delightful appetizer. The Three Meat Plate, however, was a mixed bag. While the brisket and sausage were flavorful and well-cooked, the pulled pork was a bit dry. The Ice Tea was refreshing, a perfect accompaniment to the hearty meal. Overall, it was a decent meal, but there's certainly room for improvement.",124524
459170136,"en","6","""Freezing Point in Boston is a must-visit for ice cream lovers! The Sugar Cones were crisp and delicious, perfectly complementing the creamy ice cream. The Two Scoop Bowls were generously portioned, offering a delightful treat for a warm day. The variety of flavors was impressive, catering to all tastes. The service was prompt and friendly, enhancing the overall experience. Freezing Point has certainly raised the bar for ice cream trucks. Can't wait for my next visit!""",124525
459173028,"en","5"," Glowing review for Not the Wurst Hot Dogs in Boston!I recently delighted in a tasty Coney Dog and refreshing Bottled Water from Not the Wurst Hot Dogs in our beloved city of Boston. The Coney Dog was packed with flavor, and the fresh bun added a delightful crunch. The bottled water was cold and quenched my thirst perfectly. Not only was the food delicious, but the service was quick and friendly. It's great to have a hot dog spot with such high-quality offerings. I highly recommend Not the Wurst Hot Dogs for anyone craving an unforgettable hot dog experience in Boston!",124526
459174073,"en","3","The Peking Truck's Chinese menu in Boston is a delight, offering a flavorful and satisfying experience. I recently ordered the combo fried rice, which was perfectly cooked with fresh vegetables and tender chicken. The accompanying bottled soda and water were refreshing, while the wonton soup was a perfect warm-up. The service was friendly and prompt, making the entire meal a pleasure. Overall, I highly recommend the Peking Truck for anyone seeking authentic Chinese cuisine in the heart of Boston.",124527
459180266,"en","3","The food at Nani's Kitchen was flavorful and satisfying. The Tandoori Mixed Grill and Combination Curry were both well-marinated and tender. The Lean Chicken Tikka Masala was a bit dry, but the sauce was rich and aromatic. The Ice Tea was refreshing and sweet. Overall, I would recommend Nani's Kitchen for Indian food lovers.",124528
459181673,"en","6","The food served at this truck was disappointingly subpar. The lean burrito bowl lacked warmth, while the taco meat was dry and overdone, and the fish burrito arrived soggy. The bottled water was the sole saving grace in terms of food quality. Moreover, the service left much to be desired. The truck driver appeared uninterested and unfriendly, prioritizing his own conversation over attending to customers' orders. Regrettably, I cannot recommend this food truck to anyone.",124529
459188058,"en","1","Disappointment was the main course with my order from Guac n' Roll. The Veggie Taco Bowl lacked flavor and freshness, while the Two Taco Combo Plate was lukewarm and uninspiring. The ingredients seemed stale, and the presentation was lackluster. For a taco truck in Boston, I expected much more. Unfortunately, Guac n' Roll didn't deliver on taste or quality.",124530
459196108,"en","1"," Kitakata Ramen Bar embodying Boston's culinary diversity brings us an exquisite ramen experience! I recently indulged in their Creamy Chicken Ramen and Spicy Miso Vegetable Ramen, both equally satisfying and rich in flavor. The velvety chicken ramen, with its tender slices of meat and perfectly cooked noodles, warmed my soul. Simultaneously, the spicy miso vegetable ramen provided a delightful kick, harmoniously complementing the assortment of fresh vegetables. Paired with a refreshing bottled water, the combination made for an ideal meal. I highly recommend Kitakata Ramen Bar for any ramen enthusiast seeking an authentic and delicious experience in Boston!(Note: This review was written in English, which is not the native language of the city of Boston. However, English is widely spoken in Boston and is an official language of the United States.)",124531
459199367,"en","2","A exceptional Gyro Plate was served up at the Cheeky Greek truck in Boston. The gyro meat exhibited tenderness, flavor, and perfect seasoning, ensconced in a warm pita with crisp vegetables and a creamy tzatziki sauce. The Greek Salad offered a refreshing side, brimming with crisp vegetables and tangy feta cheese. Ice Tea and Bottled Water served as ideal beverages to accompany the meal. This food truck journeyed gastronomically to Greece in the heart of Boston, making it a must-visit for those yearning for authentic, scrumptious Greek cuisine.",124532
459212837,"en","1","The Ethiopian cuisine from Tasty Tibs in Boston was a unique experience. The Lean Chicken Tibs were flavorful, with a nice balance of spices, although the meat could have been a bit more tender. The Veggie Combo, on the other hand, was well-cooked and seasoned, offering a delightful variety of textures and tastes. The bottled water was a refreshing accompaniment to the meal. Overall, it was a satisfactory dining experience, with some room for improvement in the meat's tenderness.",124533
459215082,"en","1"," Exceptional experience with Better Off Bread in Boston! The Pastrami sandwich was a flavor explosion, with perfectly layered meat and just the right amount of zing. The Hot Ham & Cheese was equally delightful, a comforting classic executed to perfection. The quality of ingredients shone through in every bite. The truck's staff was friendly and efficient, adding to the overall positive experience. Highly recommend for anyone seeking delicious, generously portioned sandwiches. Two thumbs up for Better Off Bread!",124534
459221479,"en","4","""Freezing Point's Mango Sticky Rice ice cream is a game-changer! The perfect blend of sweet and tangy, it's like a tropical vacation in a cup. The texture is creamy and smooth, with just the right amount of sticky rice to add a delightful chew. It's a unique flavor that transports you straight to a sunny beach. The service in Boston was top-notch too. I'm already craving my next scoop!""",124535
459224979,"en","1","""Tasty Tibs truly lives up to its name! The Lean Chicken Tibs and Lean Beef Tibs were absolutely delicious, perfectly seasoned and cooked to perfection. The Veggie Combo was a delightful surprise, bursting with flavors that danced on the palate. The Ethiopian cuisine served by this Boston-based food truck is authentic and satisfying. The quality of the food, coupled with the friendly service, makes Tasty Tibs a must-try. I'm already craving my next meal from them!""",124536
459225407,"en","4","🌭 Savory and Satisfying Chicago Dog at Not the Wurst Hot Dogs!The Not the Wurst Hot Dogs truck in Boston offers a classic hot dog, the Chicago Dog, that's topped with relish, onions, tomatoes, mustard, and sport peppers. The dish was perfectly balanced, with a harmonious mix of sweet and tangy flavors. The fresh toppings were generously piled on top of the soft, lightly toasted bun. If you're a hot dog enthusiast visiting Boston, the Chicago Dog at Not the Wurst Hot Dogs is a must-try! 🌭",124537
459230732,"en","1","The Plant Palace, located in Boston, offered a delightful vegetarian menu featuring the acclaimed Salad of All Salads and a satisfying veggie burger. The salad was a vibrant and flavorful concoction, expertly crafted with fresh and crunchy ingredients. The accompanying bottled soda and ice tea were refreshing and perfectly complemented the meal. The veggie burger was equally impressive, showcasing a juicy patty made with fresh vegetables and a flavorful spread. Overall, the experience at Plant Palace was delightful, providing a flavorful and satisfying vegetarian feast.",124538
459237888,"en","5","""Not the Wurst Hot Dogs"" truly lives up to its name, serving hot dogs that are far from being the worst! Their menu is a delightful hot dog tour across the US, and I was thrilled to sample the New York Dog, Chicago Dog, and Coney Dog. Each had its unique flavor profile, authentically capturing the essence of their respective cities. The New York Dog, with its tangy sauerkraut, was a standout. The Chicago Dog, with its vibrant relish, was a close second. The Coney Dog, with its hearty chili, was a comforting classic. The bottled soda and ice tea were perfect accompaniments, providing a refreshing balance to the savory hot dogs. The service was swift, and the staff was friendly. If you're in Boston and craving a hot dog, Not the Wurst Hot Dogs is the place to be!",124539
459241700,"en","3","Plant Palace truck's offerings proved delightful, inciting satisfaction and a longing for more. Seitan Buffalo Wings boasted a crispy exterior with a tender inside, slathered in a savory buffalo sauce, balanced with a kick of spice. Salad of All Salads emerged as a refreshing and wholesome counterpart to the wings, abundant with crisp, fresh vegetables. Bottled soda served as a revitalizing beverage to cleanse the palate post-meal. Veggie burger also shined, with a succulent patty and delectable toppings. The overall experience at Plant Palace truck proved memorable, and it is highly recommended for those hankering for delicious and healthy vegetarian fare.",124540
459249339,"en","5","Reflecting a classic ice cream truck experience, this order summary presents an assortment of well-loved choices. It features a total of four cones, two of each sugar and waffle variants, along with a pair of two-scoop bowls. An array of beverages accompanies these selections. Correctly categorized under ""Ice Cream,"" the summary also specifies the location, ""Boston,"" for added context. Detailing each item ordered, the summary efficiently provides a comprehensive picture of the customer's preferences. In conclusion, the summary creates an accurate and succinct representation of the order.",124541
459258640,"en","3","The ""Revenge of the Curds"" truck in Boston served up a mix of classic and inventive poutine options. The ""Mother's Favorite"" was a solid choice, with a hearty helping of cheese curds and gravy over crispy fries. The fries could have been a bit crispier, but the flavor was there. The ""Kitchen Sink"" was a fun twist, loaded with various toppings, though it was a bit overwhelming and detracted from the core poutine experience. The Ice Tea was refreshing, a nice balance to the rich dishes. Overall, a decent meal, but with room for improvement.",124542
459259409,"en","6","A testament to Peking Truck's mastery of flavor and texture, the wonton soup showcases an infusion of aromatic herbs and spices in the savory and satisfying broth. Wontons, meticulously created with fresh and tender dough, burst open to reveal a juicy filling. Accompanying vegetables, crisp and perfectly cooked, provide a delightful contrast to the silky broth. For Chinese food enthusiasts in Boston, trying the wonton soup at Peking Truck is a must.",124543
459271199,"en","6"," ""Ah, tis a sad day in Beantown when a food truck can't even get a simple order right. I placed me order with Not the Wurst Hot Dogs, askin' for an Ice Tea, a New York Dog, and a Coney Dog. But what do I get? A lukewarm sweet tea that's more sugar than tea, a hot dog with kraut when I clearly asked for mustard, and a Coney Dog that's nothin' more than a sad excuse for a chili dog. The staff seemed more interested in their phones than servin' up a proper meal. I can't believe I paid good money for this mess. Save yer coins, folks, and steer clear of this truck.""",124544
459275568,"en","4"," Disappointed with the Spicy Miso Vegetable Ramen from Kitakata Ramen Bar in Boston. The ramen lacked the promised spiciness and the vegetables were overcooked, resulting in a mushy texture. The broth was underwhelming, lacking depth and richness. The overall experience did not meet expectations for a ramen bar of this reputation.",124545
459277336,"en","6","Disappointment was the main course of my meal from Not the Wurst Hot Dogs in Boston. The Coney Dog I ordered was far from satisfying, with a bun that was stale and a hot dog that lacked flavor. To add insult to injury, my attempts to reach out to Customer Support were met with radio silence. Despite multiple attempts, I couldn't get anyone to respond. This lack of customer service, coupled with the subpar food, makes this a dining experience I wouldn't recommend.",124546
459287628,"en","2","## ReviewThe order summary details a recent Indian meal from ""Nani's Kitchen"" in Boston. The menu items include ""Lean Chicken Tikka Masala,"" ""Tandoori Mixed Grill,"" and ""Combination Curry."" The overall impression of the food is positive, though the provided text does not describe the taste, texture, or aroma of the dishes. The name ""Nani's Kitchen"" suggests a family-owned and operated restaurant, which can be seen as a positive factor for some. Additional information about the meal, such as the price, the level of spiciness, or any notable side orders, would be helpful for a more comprehensive review.",124547
459290248,"en","1","Mega Melt's grilled cheese menu presents a delightful array of choices, with their bottled water serving as an ideal accompaniment. Notable mentions include The Original and The Ranch sandwiches, both delivering fulfilling taste while preserving the quintessential melted-cheese experience. For those seeking a daring culinary adventure, Miss Piggie's distinctive blend of sweet and savory flavors is an absolute recommendation. All in all, Mega Melt's cozy ambiance, scrumptious food offerings, and amiable service culminate in a gastronomic journey worth relishing.",124548
459293102,"en","1","The Peking Truck's wonton soup was a satisfying and flavorful treat. The broth was clear and savory, with just the right amount of spice. The wontons were plump and tender, and the vegetables were fresh and crisp. The portion size was generous, and the price was reasonable. Overall, I would highly recommend the wonton soup at the Peking Truck.",124549
459297863,"en","6","Cheeky Greek's King Combo gyro in Boston offers flavorful and tender meat, complemented by a refreshing tzatziki sauce. The generous portion size makes it a good value, but the dry pita bread takes away from the experience. There's room for improvement, particularly in the pita bread department.",124550
459297882,"en","2","The King Combo lacked moisture and savory taste. Greek salad consisted primarily of lettuce with insufficient Greek salad components. Bottled soda was served warm. Service was sluggish, and the ambiance was loud and chaotic. My dining experience fell short of expectations.",124551
459301045,"en","1","The Mega Melt's sandwich selection, including the Original, The Ranch, and Miss Piggie, delivered to Boston, was a delight. The bread was perfectly crispy on the outside and chewy on the inside, creating a satisfying crunch with each bite. The cheese melted perfectly, oozing out of the bread and mingling with the fresh ingredients. The Original, featuring melted cheddar and fresh tomato, was a classic choice, while The Ranch, with its tangy ranch dressing and crispy bacon, offered a flavor explosion. Miss Piggie, adorned with melted brie, fig jam, and bacon, was a decadent treat. Overall, the sandwiches were well-crafted and flavorful, satisfying my cravings and leaving me with a positive impression.",124552
459311237,"en","4","Nani's Kitchen in Boston delivered a delightful feast with their Indian menu. The sweet, refreshing ice tea perfectly complemented the flavorful dishes. The lean chicken tikka masala was tender and aromatic, while the combination curry was a burst of creamy goodness. The portions were generous, and the service was friendly. Overall, a satisfying and flavorful experience that I highly recommend.",124553
459321431,"en","5","Boston's Better Off Bread truck is a concealed treasure! Their sandwiches are incredibly tasty. The Italian option was filled with flavorful meats and crisp vegetables, while the Hot Ham & Cheese struck a perfect balance between gooey cheese and tender ham. However, the true showstopper was the Pastrami - indisputably the best I've ever had! The thick slices of pastrami were juicy and brimming with spices, making every mouthful a true pleasure. Moreover, they offer bottled water, which was a wonderful thirst-quencher alongside the meal. The service was swift and the staff was amiable too. I highly recommend visiting for a fulfilling lunch!",124554
459329036,"en","1","Mac Shack's menu boasts tempting offerings, from the classic standard mac & cheese to the spicy buffalo mac & cheese and the seafood-lover's lobster mac & cheese. The standard mac & cheese features creamy mac noodles and gooey cheese, while the buffalo mac & cheese adds a fiery kick with crispy chicken tenders. The lobster mac & cheese is a decadent treat, with succulent lobster, tender mac noodles, and a rich cheese sauce. The bottled soda selection complements the menu perfectly, offering a variety of refreshing options. Overall, Mac Shack's well-curated menu provides a satisfying and memorable culinary experience for mac & cheese enthusiasts.",124555
459333820,"en","3","The food at Smoky BBQ in Boston was an absolute disaster. The ribs were dry and overcooked, and the pork was tough as a shoe. The bottled soda was flat as a penny. The only thing saving this order from being a complete disappointment was the friendly service. I would not recommend this restaurant to anyone.",124556
459359939,"en","2","The Guac n' Roll chicken burrito I ordered in Boston was simply mouth-watering. The chicken was tender and flavorful, the guacamole was smooth and creamy, and the toppings were fresh and crisp. The tortilla was perfectly warm and pliable, and the overall flavor of the burrito was perfect. I highly recommend this burrito to anyone who loves good food.",124557
459365114,"en","2","Disappointment was the main course at Smoky BBQ in Boston. The Fried Pickles were overly greasy, lacking the expected crunch and zest. The Three Meat Plate was equally underwhelming; the meat was dry, lacking in flavor, and the portions were smaller than anticipated. The overall experience was far from satisfying, making this BBQ spot a miss rather than a hit.",124558
459376131,"en","5","The ""Salad of All Salads"" from Plant Palace was an absolute delight! The freshness of the ingredients was evident in every bite, and the variety of textures and flavors kept my taste buds entertained throughout the meal. The Veggie Burger was equally impressive, with a perfect balance of spices and a satisfyingly hearty texture. Paired with a refreshing Bottled Soda, this meal was a vegetarian's dream come true. Plant Palace in Boston has certainly raised the bar for vegetarian cuisine. I look forward to my next visit!",124559
459384375,"en","1"," Disappointed with Nani's Kitchen in Boston. The Lean Chicken Tikka Masala was underwhelming, lacking the rich, spicy flavor expected from an Indian dish. Tandoori Mixed Grill was overcooked and dry, while the Combination Curry was disappointingly bland. Even the bottled water seemed to be at room temperature, which was not refreshing. Overall, the meal was far from satisfying and did not meet the expectations set by their menu. I would not recommend this truck to anyone seeking authentic, flavorful Indian cuisine.",124560
459385610,"en","3","Freezing Point truck in Boston offers a delightful assortment of waffle cones and two-scoop bowls. Waffle cones boast a desirable crispness and freshness, serving as a sturdy vessel for the ice cream. Two-scoop bowls are generously sized, providing a satisfying treat. The ice cream features a creamy texture and rich flavor. Regrettably, wait times proved to be longer than anticipated. Despite this, the high-quality ice cream and ample portions compensate for the delay.",124561
459389257,"en","6","Disappointment was the main course of my meal at Revenge of the Curds. The Kitchen Sink, touted as a flavor explosion, was more of a flavor confusion. The poutine was drowned in a sea of mismatched toppings, making it difficult to enjoy the individual components. The Mothers Favorite, far from being a comforting dish, was bland and uninspiring. The Classic, a staple in any poutine menu, was sadly lacking in the cheese curd department. The drinks, Bottled Water and Ice Tea, were the only saving grace, but they can hardly make up for the overall underwhelming experience. Boston deserves better poutine than this.",124562
459389450,"en","3","Poutine at Revenge of the Curds in Boston was an unforgettable experience. The ample servings of fresh curds, crispy fries, and savory gravy harmoniously combined. The cheese was meticulously melted, forming a tempting golden crust that enhanced the other components. The poutine's taste was luscious and fulfilling, inciting a strong craving for another serving.",124563
459389866,"en","2"," ""Absolutely delighted with my recent order from Peking Truck in Boston! The Combo Fried Rice was phenomenal - chock full of savory bites of chicken, shrimp, and vegetables, all stir-fried to perfection in a fragrant bed of rice. The truck's Chinese menu options did not disappoint, with bold flavors and fresh ingredients that truly hit the spot. The staff was friendly and efficient, providing excellent service that only added to the overall positive experience. I highly recommend Peking Truck for anyone craving authentic Chinese cuisine on the go in Boston.""",124564
459395723,"en","4","""Revenge of the Curds"" poutine at Truck Name's Boston location delights with fluffy, golden, crispy curds, and creamy gravy with fresh cheese. Mother's Favorite item impresses with generous portions and flavorful toppings. Friendly service and quick turnaround enhance the enjoyable experience. Highly recommend this unique culinary adventure.",124565
459406085,"en","2"," Disappointed with ""Mother's Favorite"" from Revenge of the Curds in Boston. The poutine lacked the authenticity I was expecting. The fries were soggy, the cheese curds weren't as fresh, and the gravy was too salty, overpowering the entire dish. The portion size was also smaller than anticipated. Not worth the hype or the price. I've had better poutine elsewhere.",124566
459407116,"en","6","Overcooked and rubbery lo mein with an unfortunate texture contrasted the bland and greasy fried rice. Portions were diminutive and overpriced. Multiple attempts to contact customer support yielded no success. This subpar dining experience is not recommended.",124567
459435633,"en","3","Disappointment was the main course with my order from Cheeky Greek in Boston. The King Combo, which promised a royal feast, was more like a pauper's meal. The gyro meat was dry and lacked flavor, while the tzatziki sauce was watery and bland. The Greek Salad was equally underwhelming, with wilted lettuce and a scarcity of olives and feta. The portion sizes were also smaller than expected. Overall, this meal was a far cry from the authentic Greek cuisine I was hoping for.",124568
459437861,"en","6","The Guac n' Roll truck's tacos are a delight, and I recently had the pleasure of trying their chicken and fish burritos, as well as the two taco combo plate. The burritos are packed with fresh, flavorful ingredients and the tacos are made with fresh tortillas and perfectly seasoned meat. The portions are generous and the prices are reasonable. I highly recommend checking out Guac n' Roll if you're looking for a quick and satisfying meal.",124569
459440778,"en","5","""Nani's Kitchen, a gem in Boston's culinary scene, serves up an incredible Combination Curry that is nothing short of a gastronomic delight. The Indian menu is rich and diverse, but this dish steals the show. The curry's flavors are beautifully balanced, with a hint of spice that warms the palate without overwhelming it. Each ingredient shines through, creating a symphony of taste that leaves you craving more. Pair this with their perfectly cooked rice, and you have a meal that transports you straight to India. Nani's Kitchen is a must-visit for anyone seeking authentic Indian cuisine. A truly memorable dining experience!""",124570
459452518,"en","2","The order summary includes a variety of items, including ice cream, frozen treats, and beverages. The items ordered are primarily lemonades, sugar cones, waffle cones, and ice cream sandwiches. The order also includes bottled water and soda. Overall, the order is relatively simple and consists primarily of refreshing and summer-appropriate items.",124571
459452613,"en","6","The Smoky BBQ truck in Boston delivered a solid BBQ experience. The Two Meat Plates and Racks of Pork Ribs were well-cooked, offering a good balance of smoky flavor and tenderness. The Fried Pickles provided a nice tangy contrast to the rich meat dishes. However, the Pulled Pork Sandwiches were a bit dry, lacking the expected moisture and flavor. Overall, it was a decent meal, but there's room for improvement in some areas.",124572
459454216,"en","5","Mega Melt truck in Boston fell short of expectations. Ice Tea from their Grilled Cheese menu was overly sweet, lacking the desired refreshing balance. The Ranch sandwich lacked the promised flavor explosion, being bland. Miss Piggie, their signature dish, was disappointingly dry and less cheesy than advertised. The food overall was mediocre despite the truck's high ratings.",124573
459455655,"en","1","""Tasty Tibs truck in Boston provided a gratifying Ethiopian dining experience. The Lean Beef Tibs were a standout, boasting a rich flavor profile and commendable seasoning, coupled with a delightfully tender texture. The Veggie Combo, a bountiful serving, presented an array of flavors and hues, making it a visual and gustatory delight. However, a few vegetables could have benefited from a tad more cooking time for a more uniform consistency. All in all, the meal was pleasurable, yet, there remains scope for enhancement in specific areas.""",124574
459457713,"en","1"," Disappointed with Better Off Bread in Boston. The Pastrami sandwiches lacked flavor and were overly dry, while the Italian sandwiches were drowning in sauce, making for an unbalanced and messy eating experience. The bread was subpar, not living up to the truck's name. Overall, not worth the visit.",124575
459462619,"en","4","## Truck Name: Revenge of the CurdsThe Classic poutine at Truck Name: Revenge of the Curds in Boston was a satisfying crowd-pleaser. The crispy fries, gooey curds, and tender beef were all perfectly balanced with the rich gravy. The portion was generous and the service was friendly. While the poutine may not be the most unique or flavorful in the city, it's a solid option for those seeking a classic comfort food fix.",124576
459465863,"en","6","The Mac Shack's menu offerings of lobster mac & cheese, buffalo mac & cheese, and standard mac & cheese were met with a warm welcome in the heart of Boston. The lobster mac & cheese was a delight, with succulent lobster and creamy mac & cheese. The buffalo mac & cheese offered a spicy kick, while the standard mac & cheese was a classic comfort food staple. Overall, the Mac Shack delivered a satisfying and flavorful experience, leaving a positive impression on my taste buds.",124577
459469971,"en","4","""Cheeky Greek in Boston served up a satisfying feast with their King Combo. Tender lamb gyros, fresh toppings, and crispy pita bread combined to create a perfect harmony of flavors and textures. The tangy, creamy tzatziki sauce was an excellent complement to the gyros. The generous portion size ensured each bite was as enjoyable as the last. For anyone seeking a flavorful and satisfying Greek gyro experience, I highly recommend the King Combo at Cheeky Greek in Boston.""",124578
459475745,"en","3","Cheeky Greek truck in Boston proves to be a gastronomic treasure! The King Combo, Gyro Plate, and Greek Salad stood out as delectable offerings, brimming with genuine tastes. The gyro meat was juicy and well-spiced, while the salad presented a lively mix of crisp vegetables and zesty feta. The beverages paired beautifully with the meal. Quick service and affable staff added to the overall experience. This food truck is highly recommended for an enjoyable Greek dining experience to grab and go. Kudos, Cheeky Greek!",124579
459476345,"en","1","Nani's Kitchen truly brought the flavors of India to my doorstep in Boston! The Lean Chicken Tikka Masala was a culinary delight, with tender chicken pieces perfectly blended in a rich, aromatic tomato-based sauce. The Combination Curry was equally impressive, offering a medley of flavors that danced on my taste buds. Nani's Kitchen has mastered the art of authentic Indian cuisine, providing a dining experience that was nothing short of extraordinary. Kudos to the team for maintaining high-quality standards. I'm already looking forward to my next order!",124580
459481668,"en","4","Guac n' Roll truck's Lean Burrito Bowl proves to be a delightful dining experience. Combining rice, beans, meat, and fresh toppings, each bite is packed with flavor and satisfaction. Freshness is at the forefront of each ingredient's taste, and the portions are generous. Friendly and efficient staff members contribute to a relaxed and inviting atmosphere. If you're on the hunt for a quick and delicious meal in Boston, Guac n' Roll is highly recommended.",124581
459483051,"en","3","A delightful treat awaits at the Plant Palace truck with its ""Salad of All Salads"" and ""Veggie Burger."" The salad offers a crisp, fresh texture contrasted by a creamy dressing, boasting a perfect balance of flavors. The veggie burger impresses with a juicy patty crafted from fresh vegetables and an enticing spread. The attentive and friendly staff work diligently to ensure a positive experience. I wholeheartedly recommend the Plant Palace truck to those seeking healthy and delicious fare in Boston.",124582
459483588,"en","1","The Tasty Tibs truck in Boston is a hidden gem! I was delighted with my recent order. The Ice Tea was refreshing, the perfect accompaniment to the main dishes. The Lean Chicken Tibs and Lean Beef Tibs were flavorful and cooked to perfection, with just the right amount of spice. The Veggie Combo was a delightful medley of fresh, vibrant vegetables. Each dish was a testament to the rich Ethiopian cuisine. The quality of food and service was top-notch. I highly recommend Tasty Tibs for an authentic Ethiopian culinary experience. Can't wait to visit again!",124583
459484364,"en","5"," ""Aiya, can you believe it? I ordered the Revenge of the Curds truck in Boston, hoping to get my hands on some delicious poutine, and what do I get? The Mothers Favorite and The Kitchen Sink were both a disaster. The fries were soggy, the cheese curds were not melted properly, and the gravy was way too salty. It's a shame, because I had been looking forward to trying this place for a while. I wouldn't recommend it to anyone, and I definitely won't be going back. Such a disappointment!""",124584
459488251,"en","6","The Le Coin des Crêpes menu is a delight, offering a wide range of sweet and savory options. The breakfast crepe was a perfect start to my day, with its fluffy batter, fresh fruit, and sweet spread. The chicken pot pie crepe was equally impressive, with its flaky pastry, tender chicken, and flavorful filling. The crepe Suzette was a refreshing treat, with its light and fluffy batter, fresh fruit, and sweet rum sauce. The accompanying beverages, including bottled water, soda, and iced tea, were perfect complements to my meal. Overall, I had a truly enjoyable experience at Le Coin des Crêpes, and I would highly recommend it to anyone looking for a delicious and authentic French crepe experience in Boston.",124585
459488726,"en","4","The Tasty Tibs truck in Boston is a hidden gem! I recently tried their Lean Beef Tibs and was blown away by the flavorful and tender meat. The Ethiopian spices used in the dish added a unique and delicious twist to the traditional beef tibs. The portion size was generous and the price was reasonable. I highly recommend giving Tasty Tibs a try if you're in the Boston area and looking for a tasty and satisfying meal.",124586
459490883,"en","6","A sugar cone from Freezing Point truck in Boston offered a delightful experience. The ice cream was smoothly textured and ideally suited to quench thirsts on warm urban days. The cone's crisp freshness complemented the treats' velvety texture. The sugar topping presented a delightful sweetness in the right measure. Freezing Point's attentive and prompt staff further enhanced the joyful encounter. Hence, I enthusiastically suggest the Sugar Cone at Freezing Point as an excellent choice for those seeking a cool and rewarding indulgence.",124587
459490935,"en","2","The order summary reflects a simple purchase of two popsicles and two waffle cones from a truck named ""Freezing Point"" in Boston. The items ordered are specific and clear, indicating the exact items requested. However, the lack of further details or context limits the reviewability of the summary. Without additional information, such as the specific flavors of the popsicles or the type of waffle cone, it is impossible to provide a comprehensive review.",124588
459496470,"en","1","The Better Off Bread truck's menu offerings of hot ham and cheese and Italian sandwiches are a testament to their simple yet effective approach. The bread, fresh and flavorful, forms the foundation of each sandwich, delivering a satisfying crunch. The fillings, expertly chosen, strike a balance between savory and melty, creating a mouthwatering symphony of flavors. The Italian sandwich, with its layers of salami, roasted vegetables, and melted cheese, embodies the spirit of the city, while the hot ham and cheese sandwich offers a classic comfort. Overall, Better Off Bread is a must-try for any sandwich aficionado seeking a unique and flavorful experience in the heart of Boston.",124589
459502948,"en","2","The Hot Ham & Cheese sandwich from Better Off Bread truck exceeded expectations. Fresh and crispy was the texture of the bread. Generous and flavorful were the ham and cheese fillings. Ham's succulence and cheese's perfect melt were noteworthy. Messy to consume was this sandwich of superior quality. Highly recommended is the Hot Ham & Cheese sandwich at Better Off Bread.",124590
459504756,"en","6","Mac Shack's Mac & Cheese menu in Boston presents an array of delightful options. The standard Mac & Cheese boasts a creamy, savory texture and delectable taste, leaving you content. Lobster Mac & Cheese upgrades the traditional dish with succulent lobster claw and a dusting of indulgence. Generous portions and affordable prices add to the dining experience. Foodies exploring Boston should not miss the opportunity to savor Mac Shack's Mac & Cheese.",124591
459507058,"en","5","The Tasty Tibs truck in Boston is a culinary gem! The Lean Beef Tibs I ordered were absolutely delightful. The meat was tender, perfectly seasoned, and bursting with flavor. The Ethiopian spices added a unique twist that made the dish truly special. The portion size was generous, and the service was prompt and friendly. If you're looking for a delicious, authentic Ethiopian meal, Tasty Tibs is a must-try. I'm already craving my next visit!",124592
459515400,"en","4","Disappointing experience at Peking Truck in Boston. The Ice Tea was watered down and lacked flavor. The Combo Lo Mein was overcooked and the vegetables were soggy. The Combo Fried Rice was dry and the chicken was tough to chew. The portion sizes were also smaller than expected. Overall, not worth the price and would not recommend.",124593
459519982,"en","3","Food at Nani's Kitchen: A disappointing experience. Lean chicken tikka masala lacked moisture and flavor, tandoori mixed grill was overcooked, resulting in a rubbery texture, and the combination curry was insipid and watery. Bottled water and soda were the meal's sole redeeming qualities. I advise against dining at this restaurant.",124594
40744,"de","Google","Die Bratwurst vom Smoky BBQ Truck in Berlin war absolut fantastisch. Perfekt gegrillt und mit einer tollen Sauce serviert. Der Service war schnell und freundlich.",900001
40745,"de","Yelp","Der Mega Melt Truck in Berlin hat mich enttaeuscht. Das Grilled Cheese Sandwich war kalt und der Kaese kaum geschmolzen. Lange Wartezeit trotz weniger Kunden.",900002
40746,"de","Google","Kitakata Ramen Bar in Berlin - die beste Ramen die ich je gegessen habe! Der Tonkotsu war reichhaltig und die Nudeln perfekt. Komme definitiv wieder.",900003
40747,"ja","Google","ボストンのKitakata Ramen Barで食べたラーメンは最高でした。スープの味が深くて、麺のコシも完璧。また行きたいです。",900004
40748,"ja","Yelp","Plant Palaceのベジタリアンメニューは期待外れでした。味が薄くて量も少ない。価格に見合わないと思います。",900005
40749,"ko","Google","서울의 Peking Truck에서 먹은 음식이 정말 맛있었습니다. 특히 볶음밥이 일품이었고, 서비스도 친절했습니다.",900006
40750,"ko","Yelp","Freezing Point 아이스크림이 너무 달았고, 종류도 적었습니다. 가격 대비 양이 부족합니다.",900007
40751,"hi","Google","दिल्ली में Nanis Kitchen का खाना बहुत स्वादिष्ट था। बटर चिकन और नान बिल्कुल घर जैसा स्वाद। सर्विस भी बहुत अच्छी थी।",900008
40752,"hi","Yelp","Tasty Tibs का इथियोपियन खाना ठीक था लेकिन कुछ खास नहीं। मसाले की कमी थी और सर्विस धीमी थी।",900009
40753,"sv","Google","Guac n Roll i Stockholm hade fantastiska tacos! Guacamolen var frasig och smakrik. Perfekt lunch pa sprangen.",900010
40754,"sv","Yelp","Cheeky Greek i Stockholm var en besvikelse. Gyrosen var torr och salladen inte frash. Behover forbattra kvaliteten.",900011
40755,"pl","Google","Amped Up Franks w Krakowie to najlepsze hot dogi jakie jadlem! Kielbasa swietnej jakosci, dodatki swietne. Polecam kazdemu!",900012
40756,"pl","Yelp","The Mac Shack w Krakowie - makaron byl rozgotowany i sos bez smaku. Dlugi czas oczekiwania. Nie wrocimy.",900013
40757,"ar","Google","تجربة رائعة مع شاحنة Better Off Bread. الساندويتشات طازجة ولذيذة والخدمة سريعة.",900014
40758,"pt","Google","Revenge of the Curds em Sao Paulo foi incrivel! A poutine era autentica e deliciosa. O molho estava perfeito e as batatas crocantes.",900015
